{"type":"FeatureCollection","features":[{"type":"Feature","id":1,"geometry":{"type":"MultiLineString","coordinates":[[[-91.05830323886812,43.009024541823308],[-91.058187413123463,43.009104235230389],[-91.0580468413158,43.009196359035521],[-91.057900353017388,43.009283376611428],[-91.057748293217145,43.009365083936238],[-91.057591016941814,43.009441289503222],[-91.05742889538999,43.009511814264393],[-91.057416380746702,43.009520466605622]],[[-91.057416380746702,43.009520466605622],[-91.05781665574122,43.00938112566979],[-91.057880787428559,43.0093599177995],[-91.057946001332596,43.00934056932028],[-91.058071303758325,43.009309310914276],[-91.058199403684696,43.009284912603007],[-91.058329604014602,43.009267506893231],[-91.058461198401787,43.00925718765874],[-91.058593471280602,43.009254011941479],[-91.058725703937199,43.009257996293456],[-91.058858375587278,43.009269105663975],[-91.058989627469458,43.009287134828568],[-91.059118792991228,43.009311991806854],[-91.059245211118991,43.009343551251568],[-91.059368237356452,43.009381650744672],[-91.059487246290374,43.009426096176554],[-91.059601629135997,43.009476661768495],[-91.05971841692029,43.009527926274103],[-91.059744684382053,43.00953842596612]],[[-91.057416380746702,43.009520466605622],[-91.057127621033331,43.009599181236233],[-91.05669427500186,43.009698491871866],[-91.056227987216815,43.009769505122719],[-91.055774527550753,43.009830870875369],[-91.053693580318523,43.009930958990225],[-91.052429718861859,43.010058230350772],[-91.051389133093764,43.010215332336131],[-91.050777397408922,43.010348560117002],[-91.050398316062058,43.010423818682298],[-91.050019585636107,43.010519009770967],[-91.049175456255355,43.010726130565928],[-91.047941917348084,43.011040485765555],[-91.046777883028653,43.011341585895401],[-91.046392766521919,43.011423107925729],[-91.045844266664758,43.011555758145022],[-91.043929481494274,43.012030593784949],[-91.043232054560619,43.012214225251206],[-91.041962487618378,43.012562604025305],[-91.041198990107105,43.012838999463298],[-91.040502862333511,43.013100603486784],[-91.040095070847229,43.013270938251281],[-91.039769037091247,43.013419268055891],[-91.039433644624268,43.013585403703217],[-91.038896976982556,43.013849088474998],[-91.038513872305671,43.014051107083397],[-91.038169401766893,43.014252773940804],[-91.037734227271017,43.014519080455138],[-91.037408956881677,43.014713484003821],[-91.036998292637563,43.015000835245381],[-91.036692819109675,43.015223413990967],[-91.036392058484509,43.015438862329567],[-91.036034406048088,43.015718643094374],[-91.035662843140017,43.016034001155056],[-91.034977919839022,43.016678370084556],[-91.034550512306581,43.017121865842313],[-91.034265772864103,43.017429338488768],[-91.033753549128861,43.018001234021952],[-91.033497546355974,43.018294262327963],[-91.032862013354205,43.019005538457932],[-91.032625162368944,43.019287757066778],[-91.032316955403331,43.019637984951061],[-91.031823784335671,43.020195517007238],[-91.031079638587855,43.021060207179794],[-91.030681169236729,43.021503427504747],[-91.030320636592947,43.021903756465228],[-91.030126646840415,43.022150131397737],[-91.029865656663048,43.022436118418291],[-91.029486437582207,43.022875604308837],[-91.02921160042618,43.02320071482481],[-91.02899362976936,43.02345793831072],[-91.028851166759324,43.023608125073196],[-91.028532194035023,43.023894621258698],[-91.028346606154457,43.024066473662479],[-91.028150886061184,43.024210042190319],[-91.027974374662165,43.024346359946172],[-91.027821349930591,43.024443457041258],[-91.027534841129693,43.024648119016071],[-91.027281684426924,43.02479063488488],[-91.027009794402161,43.024917523627302],[-91.026724870709614,43.025044528657865],[-91.025986049547313,43.025338340658145],[-91.025340804485808,43.025571480624862],[-91.024572138415905,43.025836834098513],[-91.023416506804125,43.026175044777865],[-91.022939013996066,43.026296585382006],[-91.022503680602796,43.02640338441828],[-91.021775565612415,43.026558262265276],[-91.020952866342355,43.026713988340923],[-91.020315993260695,43.026863261237807],[-91.019958843314882,43.026964562867526],[-91.019653568816594,43.027046265668922],[-91.019254464325641,43.027174269375678],[-91.018972330548706,43.027274899769544],[-91.01868712932405,43.027387524348569],[-91.018398951933506,43.027516932909514],[-91.018104402678972,43.027655969690294],[-91.017761527770006,43.027831329225812],[-91.017477349408622,43.028006165876477],[-91.015299988292767,43.029296309170704],[-91.014976855936837,43.029483452751016],[-91.014760103677247,43.029593074106636],[-91.014530410571041,43.029709977711974],[-91.014307088197853,43.029817261137367],[-91.013808099884784,43.030022718141915],[-91.013441414940459,43.030140842084144],[-91.013116670881587,43.030229867784747],[-91.012817808947915,43.03030670493488],[-91.012453637515307,43.030379328493147],[-91.01207618335674,43.030437714481167],[-91.011757048594674,43.030471648491783],[-91.011385677741515,43.030503647960558],[-91.011085685383847,43.030511089466721],[-91.010681339256436,43.030521838158492],[-91.010250599179301,43.03051367391334],[-91.008951771976442,43.030484448071526],[-91.008595965614219,43.030470835291482],[-91.007541918632143,43.030449008090947],[-91.007280868157125,43.030444120184711],[-91.006781778406094,43.030446125728474],[-91.006285992141741,43.030450486357651],[-91.00583534202508,43.030468376983997],[-91.005666587044189,43.03047507575851],[-91.005258709241005,43.030501873231444],[-91.004765839053334,43.030535665842585],[-91.004513701102937,43.030554715866344],[-91.003608752212173,43.030651047334445],[-91.002985563608974,43.030719216832573],[-91.002297113997102,43.030788816308586],[-91.001586930821745,43.030866589248191],[-91.000921650090191,43.030941924536876],[-90.999938810746514,43.031046824464624],[-90.998407284241438,43.031213676621576],[-90.998153267449851,43.031233956398466],[-90.996040297211763,43.03146904355701],[-90.995303151809978,43.031547685741529],[-90.994517032138262,43.031641796059105],[-90.99340301759338,43.031753795050641],[-90.993120532253513,43.031789349039784],[-90.992854407329929,43.031821752740207],[-90.992596723076488,43.031869129876839],[-90.992216762967985,43.031965716113113],[-90.991835519886564,43.032066553536744],[-90.991591471348514,43.032154341492202],[-90.991380714967505,43.032260624840077],[-90.99076715785219,43.032585388886858],[-90.990492710686297,43.032730294898272],[-90.990301831895067,43.03286761534762],[-90.990110953555103,43.033005016517009],[-90.989943112920812,43.033149935320054],[-90.989660877356272,43.033420786824294],[-90.989546616257087,43.033554264644089],[-90.989178243213658,43.034101269648303],[-90.989080792449613,43.034286278354095],[-90.989018938993055,43.034414061786961],[-90.988957085139489,43.034541836182427],[-90.9889010334863,43.034746579679833],[-90.988809972152822,43.035045385112689],[-90.988602452363367,43.035767105105329],[-90.988291035730484,43.036841319827921],[-90.988243682050197,43.037019198117285],[-90.98811749520533,43.037405365968461],[-90.987944405007596,43.037990785631003],[-90.987481940353135,43.039617511829803],[-90.987435805071925,43.039872398404626],[-90.987386833542161,43.040234459141146],[-90.987371426394034,43.040412061327032],[-90.987365944844569,43.040639807390001],[-90.987318619515221,43.042152639217093],[-90.987329098631761,43.042612394634332],[-90.987318659369819,43.044124862680462],[-90.987273121985808,43.04434606540871],[-90.987212091748731,43.044563538651317],[-90.987143521908408,43.044777132733849],[-90.9868695473927,43.045271714101936],[-90.986534709495004,43.045743397677043],[-90.985857636239302,43.046512690079716],[-90.985238983646852,43.047224551704623],[-90.984816467841213,43.047706854358758],[-90.984211382524123,43.048345097174639],[-90.98350436309498,43.048957252115137],[-90.983193219954842,43.049201014575736],[-90.982958338867988,43.049360411390204],[-90.982483977171313,43.049675893223146],[-90.981995642611267,43.049974752837052],[-90.98174153811209,43.050094798508809],[-90.981497618179972,43.050224499586925],[-90.980986263376522,43.050476303501448],[-90.979605679448809,43.051033225031205],[-90.977728725212032,43.051758000345167],[-90.977225250512575,43.051948747787939],[-90.97675200659134,43.052128086892765],[-90.976361447221805,43.052276507094454],[-90.975538902198238,43.052604889692901],[-90.975363736558663,43.052677395613735],[-90.975000378476196,43.052827218208641],[-90.974809808607759,43.052902510977255],[-90.974596402053422,43.052977988918236],[-90.974378627588067,43.053066902969931],[-90.974160824168379,43.053152476028714],[-90.97396115836591,43.053231185638701],[-90.973502646931209,43.05339916577045],[-90.973257384602732,43.053481620871672],[-90.973021467811861,43.053577386294293],[-90.970518831108805,43.054477896743379],[-90.970038044662928,43.054657181968153],[-90.969008229455497,43.055047940496877],[-90.968458853863183,43.05524680023467],[-90.966847062921047,43.055833025135613],[-90.96632055077373,43.056035031249067],[-90.966048243552493,43.056141139051242],[-90.964982302535532,43.056595479825475],[-90.963372551433835,43.05731557760506],[-90.962790252406563,43.057567861271231],[-90.960787589629916,43.058459052291674],[-90.95966770924008,43.058974075212987],[-90.958815120137857,43.059352899818052],[-90.958542889429722,43.0594656887436],[-90.957508848697287,43.059923042381548],[-90.957268418616479,43.060025503690234],[-90.956778837155213,43.060257296320593],[-90.956144913768256,43.060520432430813],[-90.955205618916068,43.060990363819037],[-90.954988423618261,43.061119424984589],[-90.954410308922533,43.061532764832663],[-90.953376718770613,43.062318225116194],[-90.952592274008339,43.062974371918159],[-90.952425445023849,43.06311304937222],[-90.95154612343849,43.063836939042716],[-90.951388477685697,43.063978888431897],[-90.951023632341375,43.064306719100443],[-90.950658886776125,43.064641256416571],[-90.950148398045158,43.065139955520657],[-90.94982019368139,43.065483290668219],[-90.949238877846568,43.066139772105522],[-90.948836310825556,43.066562847290925],[-90.948485118306905,43.06693286157283],[-90.948126371134038,43.067299083256231],[-90.947935939355048,43.067478426675592],[-90.947348274404661,43.068016248342964],[-90.946707678637665,43.068550308592584],[-90.945806635477254,43.069248804477461],[-90.944872287292341,43.069969747280005],[-90.94437504859431,43.070305358268193],[-90.944121826668322,43.070471517005899],[-90.943578495353819,43.070780715233163],[-90.942224212044493,43.071521847367187],[-90.941155256058167,43.07210657930478],[-90.939819189070775,43.072847533046456],[-90.939588110959249,43.072969979184954],[-90.937911574467265,43.073850985285659],[-90.937322352614515,43.074150480368182],[-90.936750981182769,43.074444072154591],[-90.935042174896736,43.075321437150848],[-90.93365163318218,43.076062340525077],[-90.933393242755827,43.076191687590736],[-90.933121335246312,43.076334543573751],[-90.93261418236942,43.076626645430409],[-90.932193749096399,43.076914697787224],[-90.931985637835083,43.077046981870453],[-90.931200722658943,43.077699628567188],[-90.930060259911983,43.078644031583302],[-90.929792587931871,43.078826124504126],[-90.929520976313327,43.078989059385883],[-90.929235503741083,43.079142056729104],[-90.928681971815138,43.079390997074952],[-90.928003439180713,43.079634924285088],[-90.927374855587885,43.079746467076092],[-90.92705398372199,43.079784663423929],[-90.926398030610585,43.079818989577753],[-90.925744639815036,43.079778775817047],[-90.925081992545756,43.079699714042057],[-90.924270917057257,43.079567737064245],[-90.923785333001263,43.07948074491734],[-90.923193820387922,43.079387923749962],[-90.922888402139662,43.079334494093686],[-90.922560463327741,43.079307827616887],[-90.922428322890269,43.079304813689852],[-90.922224861886505,43.079300168237545],[-90.921881370174503,43.079296353493611],[-90.921553241201522,43.079319248557084],[-90.921217915636106,43.079361155903307],[-90.92088983414564,43.079418429339434],[-90.920553916717111,43.07948322992484],[-90.919539081154952,43.07970452625139],[-90.919195794337597,43.079777009208016],[-90.915686203006914,43.080539919470091],[-90.915335255304029,43.080600961913525],[-90.914984590525862,43.080650519788989],[-90.914625795947003,43.080688732381645],[-90.91426742251106,43.080723077388463],[-90.914069390373541,43.080740210910214],[-90.913180004955905,43.080780765158657],[-90.909625133462868,43.081049536663862],[-90.908126395899501,43.081165996527808],[-90.906508321253654,43.081314323011952],[-90.905112228632916,43.081421141422197],[-90.90483857989247,43.08144086515258],[-90.902605876371354,43.081586742442227],[-90.901579579800426,43.081653782833648],[-90.898140789488806,43.081875781216475],[-90.896279534143815,43.082055767746233],[-90.89564754014485,43.082107451577023],[-90.894491248463055,43.082195595149805],[-90.893913212048076,43.082246856604506],[-90.892884326594384,43.082326793665544],[-90.89258061133232,43.082354331817633],[-90.892316089667105,43.082377961581791],[-90.889949688273447,43.082565376147706],[-90.889312832823393,43.082620664756917],[-90.888950523096639,43.082666622398968],[-90.887981959970332,43.082815807603325],[-90.886778129638188,43.083043016449956],[-90.885819117712558,43.083208633295349],[-90.884273586209673,43.083519009197595],[-90.884359749295797,43.083712488665981],[-90.884513351235213,43.084160717287709],[-90.884539072030947,43.084243210328914],[-90.884559569005674,43.084304177044714],[-90.884580169407926,43.084372328854982],[-90.884600821551317,43.084444073209845],[-90.884621524341057,43.084519419122437],[-90.884504479676934,43.084567059268387],[-90.884289512722859,43.084626252930363],[-90.883312194385283,43.084885469929453],[-90.883051981248116,43.084973997253137],[-90.882887549700456,43.085026035612508],[-90.881886795567155,43.085395226809311],[-90.881689791651269,43.085460895732361],[-90.880631204213657,43.085844488113707],[-90.880552991076215,43.085872626947705],[-90.88042589695587,43.085918197087331],[-90.880162857310623,43.086012412658064],[-90.879885859204549,43.086111705653039],[-90.879623283407682,43.086205826366374],[-90.879477094165395,43.08625815182117],[-90.87934814098881,43.086304419421957],[-90.879329510298646,43.086310911035639],[-90.879062287991744,43.086406696050517],[-90.87890865451655,43.086461734407109],[-90.878766657931621,43.086512649002522],[-90.878024082649645,43.086778797568179],[-90.877966816086214,43.086799299850462],[-90.877890468969483,43.086826648125026],[-90.877465413268425,43.086978957194916],[-90.876742848556432,43.087237911173624],[-90.876158085891731,43.087447431304156],[-90.875734879052743,43.087599035410463],[-90.875463448959948,43.087696050868111],[-90.875065840808986,43.087838874990489],[-90.87418123993676,43.088155818582337],[-90.874158428740969,43.088163890130161],[-90.873834374210631,43.088280078905257],[-90.873671891941655,43.088338176422305],[-90.873493569790227,43.088402139739294],[-90.873150429736995,43.088525072843147],[-90.873026109773562,43.088569505985134],[-90.871970141787997,43.088947856372414],[-90.871674500615441,43.089053881112967],[-90.871274080997694,43.089197226739223],[-90.871093430624697,43.089261978458715],[-90.870916960695538,43.089325239284285],[-90.870364454645227,43.089529216403179],[-90.870232619542975,43.089573361483282],[-90.870079343312128,43.089625242551385],[-90.869929410061346,43.089678953004174],[-90.86964027576883,43.089782518711097],[-90.869393964488637,43.089870837247823],[-90.869041840312448,43.090002561008383],[-90.868370887126545,43.090268832274177],[-90.868280521623007,43.090315530241497],[-90.868234091609523,43.090339523055846],[-90.868078401001583,43.090417317790703],[-90.867710960886299,43.090642975467659],[-90.867537049680678,43.090776620812115],[-90.867386774894186,43.090903125950618],[-90.867236757482331,43.091047044372552],[-90.866950873422823,43.091327803630477],[-90.866586823627514,43.091793718119654],[-90.866033756377107,43.092671981647754],[-90.865777882996142,43.093060461211437],[-90.865657144470774,43.093259869142031],[-90.865406413259421,43.093676170019357],[-90.865294789598636,43.093847656538408],[-90.865140789689903,43.094047315420696],[-90.865108119622505,43.094089354042843],[-90.865000758903932,43.094225977185474],[-90.864672963825043,43.094569730364192],[-90.864504218335455,43.094734677953618],[-90.864297311388583,43.0948894588876],[-90.864080808400018,43.095037360147927],[-90.863873654704477,43.095174735755982],[-90.863647199613141,43.095291365366926],[-90.863151591484396,43.095528421214325],[-90.862646457687177,43.095765555728164],[-90.862372535282887,43.095886016533413],[-90.861506630589901,43.096488031297923],[-90.861290444438765,43.096660292043623],[-90.86110277429151,43.096832337784129],[-90.861004653615737,43.096951481178557],[-90.86074858457269,43.097329505087863],[-90.860549547657186,43.097707099498287],[-90.860369881589349,43.098112408952545],[-90.860287570259757,43.0983428680739],[-90.860205063201704,43.098559389064491],[-90.860112862871048,43.098762061327243],[-90.860011200545841,43.098968289509173],[-90.859914097585403,43.099160543796977],[-90.859783586781717,43.099342612387872],[-90.859648125205666,43.09951078749183],[-90.859347901967567,43.099791635151966],[-90.859178786990682,43.099932192370069],[-90.858816414250029,43.10018564421366],[-90.85863255724631,43.10029149845608],[-90.858259599640448,43.100468414565235],[-90.858084801231797,43.100542854044775],[-90.857711208646876,43.100674505670675],[-90.857379888776137,43.10077101752357],[-90.856792030257736,43.100872925508156],[-90.856127443456501,43.100926652248681],[-90.854455577487286,43.100994871128826],[-90.854179969731135,43.100996928882225],[-90.853006609494741,43.1010300582086],[-90.852702252864304,43.101014911307011],[-90.85242630673406,43.100992591188728],[-90.852121551881709,43.100949593661518],[-90.851835721797528,43.100899484671537],[-90.851568707784068,43.100835304408626],[-90.851024772920496,43.100679163642596],[-90.8507451965895,43.100586214289891],[-90.850442305759955,43.100484999976352],[-90.850175150437266,43.100410371858601],[-90.849345253377905,43.100193655554868],[-90.849097385587541,43.100139782040834],[-90.848811561628082,43.100089665436144],[-90.848483254661005,43.100060763441327],[-90.84815020497058,43.100031886653703],[-90.845802588394548,43.10003184842688],[-90.844130394374531,43.100075542665337],[-90.843845331167714,43.100081130156333],[-90.840201388358636,43.100300045914061],[-90.839918420792785,43.100315477568913],[-90.839348961836791,43.100375378311902],[-90.838760505285961,43.100435406474801],[-90.836634817397936,43.10068080879698],[-90.836259944680663,43.100721855836923],[-90.833774605742235,43.101081268170923],[-90.832830692266384,43.101213508038448],[-90.832190220189389,43.101294781290456],[-90.830648584277938,43.101507962144993],[-90.830165027462925,43.101595045611553],[-90.829691002389268,43.101685542803864],[-90.829298342593233,43.10181723994927],[-90.829019102834749,43.101902837588327],[-90.828707161789239,43.102030462973133],[-90.828334012182395,43.10220032220613],[-90.828060321248984,43.102345075326262],[-90.8273534366772,43.102788969709081],[-90.826685394453662,43.103295260147682],[-90.825861654896244,43.103886254566213],[-90.825290432955896,43.104172444337813],[-90.824581031462941,43.104431775062423],[-90.824211953631135,43.104552840034195],[-90.82392766093669,43.104617569439526],[-90.823719042681063,43.104653893247423],[-90.8234724851891,43.10469745047773],[-90.823244890777758,43.104737394867257],[-90.822945790679796,43.104760446700354],[-90.822751087065882,43.104772292501778],[-90.822451939942795,43.104791858499929],[-90.820636703281068,43.104811852364918],[-90.81943924892316,43.104827394887252],[-90.818265454430545,43.104835794923389],[-90.817666773067657,43.104847044399648],[-90.816806671880499,43.10485667228626],[-90.8162126529311,43.104860911106222],[-90.815908608601291,43.104870040282641],[-90.815233793427936,43.10487485011577],[-90.81500094129575,43.104876508876025],[-90.814663632060444,43.104885871673403],[-90.813775112819528,43.104902648859699],[-90.81343806750813,43.104932897453153],[-90.812935448278694,43.105020052616631],[-90.812518354835461,43.105106589284865],[-90.812101778831078,43.105231427453489],[-90.811865077668827,43.105302759776741],[-90.811524619873822,43.105434025504579],[-90.811071030359784,43.105635735804498],[-90.810957899846883,43.105706181270151],[-90.810769187161767,43.105811993011912],[-90.810651346280991,43.105885956431258],[-90.810576039755844,43.105942212022462],[-90.810387613544265,43.106068912385659],[-90.809975014741326,43.106377837069417],[-90.809488232284153,43.106705582969333],[-90.809120661094312,43.10694498362475],[-90.808856735832507,43.107114006866048],[-90.808616380124988,43.10726893241317],[-90.808361951393877,43.107437887395243],[-90.808159385998039,43.107575129592334],[-90.80772623343762,43.107888117394459],[-90.80701003798994,43.108363287617294],[-90.806456518572659,43.108745888663286],[-90.804800942045134,43.109890204331215],[-90.804692540315102,43.109960619309838],[-90.804605881705029,43.110013312814189],[-90.804547764073646,43.110047426658923],[-90.804395687081993,43.11015771578915],[-90.804301448932577,43.110221061063562],[-90.804158071963442,43.110310631577235],[-90.803961656873042,43.110428093426101],[-90.803717865341227,43.110549678768457],[-90.803526727644481,43.110646013422432],[-90.803339780088749,43.110742318337998],[-90.803140043970473,43.110820333798166],[-90.802786329687947,43.110957636715582],[-90.802499038397826,43.111057714875948],[-90.802223985952494,43.111133186282423],[-90.801994800714553,43.111199141591726],[-90.801711337767827,43.111271609063301],[-90.801323525525234,43.111360123919617],[-90.800564691599703,43.111543164519958],[-90.797821323650368,43.112215024783609],[-90.796558338422145,43.112548638250644],[-90.795696591594606,43.112861069337448],[-90.795330578371292,43.113019893279976],[-90.794703137829572,43.113339872956402],[-90.79400181221645,43.113767618726513],[-90.793345919637744,43.114159704726745],[-90.791382711990835,43.115333238301744],[-90.791071125060171,43.115497795429448],[-90.789430342196752,43.11638552460164],[-90.788794832819789,43.116733109279885],[-90.787668920032317,43.117329215392907],[-90.787548524538167,43.117400516075101],[-90.78715381432697,43.117608542699557],[-90.786867263482719,43.117769854450671],[-90.786622223628015,43.117906368911207],[-90.786152878632365,43.118166998192784],[-90.785712976280422,43.118439678964528],[-90.785064875118707,43.118787329307757],[-90.784682736036928,43.118998322768597],[-90.783294867832652,43.119724879103138],[-90.782929367412351,43.119929629484581],[-90.782509655256789,43.12014699604422],[-90.781707339675236,43.120541651586898],[-90.781091676843914,43.120812444501361],[-90.780221830773556,43.121161580844934],[-90.776806859171714,43.122364576862807],[-90.776523546785867,43.122455368735494],[-90.775957139336299,43.122655318779792],[-90.775632277721115,43.122767839743219],[-90.775107346373218,43.12293993158147],[-90.774495087296543,43.123152449574569],[-90.774224588555782,43.12326459854787],[-90.773675023972615,43.123473626259923],[-90.773151135148581,43.123728438547737],[-90.772644203189387,43.124001521811728],[-90.772428336031979,43.124134738130635],[-90.772241799272024,43.124270826737991],[-90.77205108227011,43.124406943245184],[-90.771636777325256,43.124728428337065],[-90.771247992790833,43.125083445012024],[-90.771146544163329,43.125163533459357],[-90.771026421924645,43.125272058866308],[-90.770702107827432,43.125557310946412],[-90.770499534290948,43.125744517118058],[-90.7703255108744,43.125874340987366],[-90.770127367029062,43.12602577646566],[-90.769914414495474,43.126163011561587],[-90.769686641139785,43.126286055279841],[-90.769429540601607,43.1264057208409],[-90.769157676222534,43.126514760308375],[-90.76890022789739,43.126605836655557],[-90.768608438013615,43.126682852439103],[-90.768209452353119,43.126771302995749],[-90.767887956542822,43.126812767177782],[-90.767590703123474,43.126843352070495],[-90.767268926348777,43.126863384884885],[-90.766961566895617,43.126865445552383],[-90.766371727693084,43.126908703886549],[-90.76609403876779,43.126942728768512],[-90.765791826684989,43.126966201352474],[-90.765514359933974,43.127018088938243],[-90.765193071406728,43.127077418763918],[-90.764867136820783,43.127154644342632],[-90.764337033788294,43.127293988686276],[-90.764069769755736,43.127381544810689],[-90.763753936281773,43.127487299125406],[-90.762948011525353,43.127810744722908],[-90.762438662724819,43.128050012619624],[-90.761895425516926,43.128310944418807],[-90.760125649741667,43.129212591200627],[-90.759868397618476,43.129321511493139],[-90.759581994314175,43.12944134949106],[-90.759290488283455,43.129543346036399],[-90.758994068965876,43.129641808515991],[-90.755496146908584,43.130880052693769],[-90.755229074243445,43.130985452462525],[-90.754913294558364,43.131098322814744],[-90.754626753716593,43.131207433544652],[-90.754349785009779,43.131302171769327],[-90.754107231270268,43.131418132016705],[-90.753830699839071,43.131548615284451],[-90.753500548101442,43.131683016923766],[-90.752763157169923,43.132034529633948],[-90.751744305254476,43.132512973271041],[-90.751336732431398,43.132701492056633],[-90.751176591075037,43.132774014867415],[-90.75099705745636,43.13285738949169],[-90.750783468686748,43.132948138035879],[-90.749695756411384,43.133384124302403],[-90.749331594392871,43.133533036394546],[-90.749045086659336,43.133640557056609],[-90.748777793082965,43.133736794276139],[-90.747160686591727,43.134379927802982],[-90.74687898496299,43.134488978487532],[-90.746611794732033,43.134587218041077],[-90.746054276312805,43.134815444087423],[-90.745800922323937,43.13492129965762],[-90.74551940164757,43.135044636471072],[-90.74529170734904,43.135181930660544],[-90.745039588213643,43.135315799520143],[-90.744807369993197,43.135481703520654],[-90.744599413244188,43.135636733417314],[-90.743323959231603,43.136695727778644],[-90.743135648798983,43.136861343095397],[-90.742985595161514,43.13696237920783],[-90.742825865440125,43.137070636778063],[-90.742704955468014,43.137160758561308],[-90.74260809266984,43.1372221428296],[-90.742511198719001,43.137279952302173],[-90.742370516328819,43.137348770558518],[-90.742171574650129,43.137442981960135],[-90.742040598186151,43.137508152931048],[-90.741715214047346,43.137638923645326],[-90.741506347573278,43.137718898564046],[-90.741097746680978,43.137828766308736],[-90.740869181347364,43.13789456799347],[-90.740630680766017,43.137946151882559],[-90.740138960619788,43.1380422455439],[-90.739540221533986,43.138167628184526],[-90.739180198660961,43.138259300506107],[-90.738878780177913,43.138354168170274],[-90.738621181226776,43.138441602340187],[-90.738354132331096,43.138554112311326],[-90.737878066531636,43.138735875176728],[-90.737596727115417,43.138877065848611],[-90.737378720268779,43.139010697857081],[-90.737117106023817,43.139169634793774],[-90.736487967266314,43.139609690708696],[-90.736260933977135,43.139804134208838],[-90.735879416407712,43.140138956564385],[-90.735557003661313,43.140519844541316],[-90.735136095765938,43.141233741376894],[-90.734785548986778,43.142118717529996],[-90.734522793710497,43.142999554003808],[-90.734399416623646,43.143293398744284],[-90.7343040879353,43.143483426901781],[-90.734174458629866,43.14366294133643],[-90.734040160858868,43.143860369134117],[-90.733799326237872,43.144126367389781],[-90.733548671178085,43.144388862183277],[-90.733302224577102,43.144594148872692],[-90.733007086992288,43.144810471710343],[-90.732633705208585,43.145012995181808],[-90.732245377044435,43.145190597713153],[-90.731502022020024,43.145474105698632],[-90.730052291281424,43.145869339426184],[-90.729551310900845,43.146015485453731],[-90.729254551115631,43.146095998333884],[-90.728991781462298,43.146162003244292],[-90.728476161573269,43.146308238735294],[-90.72791181738009,43.146461922712675],[-90.727629614214194,43.146535197948701],[-90.726807784189987,43.146790584161877],[-90.725956638053418,43.147042584573455],[-90.725441383729319,43.147220969244941],[-90.725217944103434,43.147311731472314],[-90.724955882652921,43.147438469075887],[-90.724708284925541,43.147550823829221],[-90.724455901034062,43.147670358170551],[-90.72424747171614,43.1477931886389],[-90.724014812496137,43.147930462689096],[-90.723113613853485,43.148493676728989],[-90.722857056811293,43.148673989355686],[-90.722470221853484,43.148983775826622],[-90.722066606006038,43.149396825970079],[-90.721864418233338,43.149672613378144],[-90.721771963820416,43.149817336618675],[-90.721646390678771,43.150056287873646],[-90.721478302944732,43.150320567458643],[-90.721274628037591,43.15066385419027],[-90.720982013522786,43.151063224664739],[-90.720743177367709,43.15132960581338],[-90.720406980064794,43.15163150215394],[-90.720156315156643,43.151798911782926],[-90.719922686247642,43.15193432945194],[-90.719671793041229,43.152082605139675],[-90.719368706491579,43.152237592854583],[-90.719030478577508,43.152367280998327],[-90.718770351133486,43.152470966913938],[-90.71831871723586,43.152588614530593]],[[-90.71831871723586,43.152588614530593],[-90.718147146643517,43.152605576039974],[-90.718000949601574,43.152622693231962],[-90.717856065316766,43.152645004075985],[-90.717712837492627,43.15267245419313],[-90.717571604810075,43.152704980232755],[-90.716999068768956,43.152859661194682],[-90.716818426562909,43.152910834582585],[-90.716640065753339,43.152966130202223],[-90.716464160336258,43.153025494746757],[-90.716209610069825,43.153153443874423],[-90.716066729248837,43.153232373821339],[-90.715926436282246,43.153311764650525],[-90.715763624825499,43.153402903374591],[-90.715630087524787,43.153479487100959],[-90.715516170474714,43.153553183497422],[-90.715432252266012,43.153610105352868],[-90.715344577611816,43.153668707516402],[-90.715253992796448,43.153736170521512],[-90.715170157883776,43.153800277495158],[-90.715090842224171,43.153863806868337],[-90.715008577625809,43.15393287455889],[-90.714915871652295,43.154013632633202],[-90.714854547442286,43.15406432563357],[-90.714787269528699,43.154124456809583],[-90.714705824881449,43.154198507817732],[-90.714624361129324,43.154271991583954],[-90.714545890524548,43.154342701128932],[-90.714442023149317,43.154436792593444],[-90.714326886945969,43.154537032559702],[-90.714258114070205,43.154597731051872],[-90.714179583705885,43.154688728533131]],[[-90.714179583705885,43.154688728533131],[-90.714310630486452,43.154597520253553],[-90.714637731622901,43.15432696343067],[-90.715028116800539,43.153998946753227],[-90.715459436925897,43.153684179962902],[-90.715675308992303,43.153545632674813],[-90.715866141409549,43.153436813422083],[-90.716061202735332,43.153332091582811],[-90.716535615149596,43.153135734317388],[-90.71699880877874,43.15298155184859],[-90.717376067309218,43.152865339318801],[-90.717608550777499,43.152799533078905],[-90.717905110144329,43.152720942725587],[-90.71831871723586,43.152588614530593]],[[-90.714179583705885,43.154688728533131],[-90.713887955675673,43.154934362532359],[-90.713630250090034,43.15515589446381],[-90.713483825936635,43.155277706116458],[-90.713297735769558,43.15543661252368],[-90.713075789561515,43.155623954140609],[-90.712903752881289,43.155774136707436],[-90.712636640350681,43.155998597519755],[-90.712218527697587,43.156358142267322],[-90.71167723988043,43.156809994497699],[-90.711434248127631,43.15701300608265],[-90.711166325391602,43.157237468461332],[-90.710981677421245,43.157385997571311],[-90.710806502127085,43.157537925372409],[-90.710586967796004,43.157729848573368],[-90.71047009957465,43.157824989649185],[-90.710343949823141,43.15793228167243],[-90.710264612970747,43.158007613083456],[-90.710075444218162,43.158174016286267],[-90.709893466560672,43.158350739074741],[-90.709764332626591,43.158472438631023],[-90.709629866962402,43.158608569777691],[-90.709489930451227,43.158748183526122],[-90.709343968982495,43.158911436023864],[-90.7091327640006,43.159144762832696],[-90.709008637164573,43.159292337282857],[-90.708874380913784,43.159446881032814],[-90.708682006664077,43.159677208783982],[-90.708528394240048,43.159858931418185],[-90.708350722117686,43.160068438514912],[-90.708151225118783,43.16029478430783],[-90.708058785202581,43.160393796827243],[-90.707954815417338,43.160515914876228],[-90.707744353600461,43.160746352934318],[-90.707487146119774,43.161015070886847],[-90.707280425254567,43.16122994267041],[-90.707112540304621,43.161401387076403],[-90.706971090420168,43.161547346413549],[-90.706780692406269,43.161745412526365],[-90.706657242373723,43.161884344592643],[-90.706498801480876,43.1620568913686],[-90.706377090383029,43.162210202043781],[-90.706278604760655,43.162330555757507],[-90.706194945205752,43.162441614976913],[-90.706097452578973,43.162580962508699],[-90.706026382049501,43.162692511207823],[-90.705949138521731,43.162813886156613],[-90.705882724527029,43.162919651969681],[-90.705821888056235,43.163032290007592],[-90.705750320962593,43.163169181068021],[-90.705693439920879,43.163283514548638],[-90.705601476607939,43.163493073892745],[-90.705548730847539,43.163625805589803],[-90.705505987163335,43.163738340876307],[-90.705451315568865,43.163907931992192],[-90.705414294981594,43.164039999355367],[-90.705380317196415,43.164162836045953],[-90.705360060056549,43.164247587931179],[-90.70533623101727,43.164364031669976],[-90.705318415884605,43.164456827774877],[-90.705299991400608,43.16456402628679],[-90.705284829380417,43.164682145498674],[-90.705268998227254,43.16480947172316],[-90.705260477537777,43.164888973481105],[-90.705243638182267,43.165271924781898],[-90.705250528067339,43.165528644777503],[-90.705264675705394,43.165732939185922],[-90.705284233929348,43.165860047232712],[-90.705303019302363,43.165989474267462],[-90.705319070928255,43.166085510397473],[-90.705338352280393,43.166189603904307],[-90.705362184876165,43.1662786853854],[-90.705380459528257,43.166362632380604],[-90.705415772065464,43.166492524789867],[-90.705461664622803,43.166653436463022],[-90.705506477790664,43.166787880704973],[-90.70554383460906,43.166890124778043],[-90.705596515083798,43.167025087764067],[-90.705641005061409,43.167132474563971],[-90.70570870583208,43.167274836831162],[-90.705824428481634,43.167488283718598],[-90.705952856459916,43.167713169201129],[-90.706082568200344,43.167912716155747],[-90.705822188106382,43.167980697041486],[-90.704886090548257,43.168285643072004],[-90.704184290236,43.168499280884383],[-90.703383083638727,43.168789165731766],[-90.703116176039657,43.168846374847192],[-90.702879828286797,43.168911202743978],[-90.702597350350644,43.168998942462807],[-90.702284542750704,43.169098195674401],[-90.701971776303822,43.169201130732503],[-90.70181911789517,43.169250774135598],[-90.701453107989607,43.169369036334288],[-90.700674952306571,43.169628405750309],[-90.699240325401362,43.170093806142354],[-90.697661177648214,43.170585895597334],[-90.697073689221511,43.170761404784841],[-90.696547336876463,43.170955926049295],[-90.695738687603153,43.171257283697109],[-90.695311162130906,43.171448019556877],[-90.695097761461724,43.171554789237213],[-90.694883881183827,43.171661642474128],[-90.694655187336508,43.17178368626525],[-90.694434041459061,43.171909618871162],[-90.693991524523497,43.172184212217147],[-90.693770155238141,43.172333044035398],[-90.693548783857821,43.172481785387326],[-90.693343062263438,43.17264586565458],[-90.693129365732162,43.1728098227725],[-90.692923248451905,43.172981540724365],[-90.692663851690256,43.173248581261454],[-90.691374732959403,43.17449216690288],[-90.69107677558614,43.174789710845793],[-90.69088627731405,43.174934658595589],[-90.69070324031469,43.175075787980958],[-90.690520116538565,43.175209290552147],[-90.690152892651696,43.175448809128071],[-90.689991244650614,43.175548062213466],[-90.689801282459172,43.175662370674679],[-90.689469805686713,43.175857953342742],[-90.689178476860519,43.176005639957673],[-90.688798746884359,43.176252136155526],[-90.688636792117094,43.176324582860993],[-90.688292903848335,43.176502361437613],[-90.686986795071249,43.177239859199652],[-90.684936438871233,43.178383844953991],[-90.684507711338156,43.178618706852809],[-90.684062823593791,43.178865577071171],[-90.682299518269758,43.17984996310571],[-90.681862823997506,43.180102728016642],[-90.679630178783952,43.181340030395866],[-90.67705384776464,43.182787792692665],[-90.674809391318249,43.184078675809296],[-90.673479625594851,43.184914436135969],[-90.673115729175919,43.185131008046113],[-90.671029716970324,43.186411951575579],[-90.669014095891256,43.187635499172707],[-90.667571028417257,43.188529816535315],[-90.66692455660997,43.188932551586511],[-90.666695850709146,43.189084849289628],[-90.666141552565037,43.189388872889623],[-90.664655208682504,43.190302747447731],[-90.659757794442399,43.193311289001386],[-90.657970636540099,43.194566352577468],[-90.651507983748004,43.199965122460313],[-90.650220767834455,43.20103564410207],[-90.64888629304015,43.202079547223185],[-90.647249537787545,43.203116369202689],[-90.646126733512702,43.203716740395549],[-90.645683747911917,43.203935400067309],[-90.644488190246236,43.204472790404189],[-90.643941500115673,43.204677655931121],[-90.643159342128683,43.204935854192179],[-90.642835983139634,43.205014635071173],[-90.642805906125147,43.205021351412789],[-90.642291252939728,43.205136268963138],[-90.641893777476454,43.205198831528087],[-90.641067699574407,43.205306963924585],[-90.640214556895756,43.20530985044082],[-90.637223755784987,43.205303964497382],[-90.635078249917683,43.205315894891164],[-90.63221888007206,43.205323177781885],[-90.627248349409385,43.205322398499263],[-90.626183485249683,43.205345169903232],[-90.616297260695518,43.205407328514909],[-90.612144711534455,43.205384455545804],[-90.606336910547071,43.20538997306155],[-90.602481634941981,43.205379292797097],[-90.601208100229016,43.205374700605361],[-90.596488360755117,43.205359884547846],[-90.590267553855071,43.20535544691284],[-90.587600756035314,43.205335299467968],[-90.586906165495023,43.205338864937147],[-90.586485554666282,43.205341021964657],[-90.581769395574824,43.205297350410838],[-90.57996731682762,43.2053065002479],[-90.577714763221081,43.205425170843107],[-90.575933879960999,43.205637405057097],[-90.574096535465515,43.206002327093898],[-90.57193504086473,43.206371668082198],[-90.571857966735507,43.206383345313299],[-90.569368881773741,43.206802270088936],[-90.567386342494189,43.207091806875567],[-90.566000656944723,43.207304528131928],[-90.565576735956412,43.207368730333386],[-90.565006625291886,43.207481639289874],[-90.564690885818052,43.207559414297513],[-90.564225402736156,43.207719798113409],[-90.56361447993892,43.208010744932267],[-90.563395752784402,43.208147325558365],[-90.563134048936405,43.208332031514772],[-90.562882031426653,43.208546152701537],[-90.562614927357529,43.208845496288703],[-90.562386467502407,43.209185494747992],[-90.562234641863853,43.209462884425029],[-90.562118034092137,43.209793742043757],[-90.561953580170183,43.210376075591235],[-90.561898821012662,43.210717921046779],[-90.561840052662816,43.21104284824699],[-90.561757072799821,43.21167276743887],[-90.561740963848692,43.212440688814183],[-90.561789697632236,43.216067922292616],[-90.56177345889634,43.216821724319857],[-90.561719612617324,43.217262373634966],[-90.561461812700642,43.217866595271481],[-90.561161627723124,43.21830289706638],[-90.560656121508785,43.218749128148168],[-90.560258211195475,43.219025046115519],[-90.559862068807263,43.219264466917657],[-90.559200542784168,43.219524589039807],[-90.558491739802719,43.219680492420409],[-90.557774467206428,43.219754561809886],[-90.552046398348139,43.219765408567845],[-90.550849865585704,43.219771176267528],[-90.548699864143813,43.219770225653406],[-90.547383673381447,43.219774089773544],[-90.547175232313677,43.219774700632847],[-90.546607816497257,43.219774594693646],[-90.54607127931456,43.219774329545118],[-90.537969274618575,43.219785125801167],[-90.535893780684134,43.219780459463266],[-90.52809126482579,43.219797527181186],[-90.515848724324599,43.219800545956062],[-90.512735545921856,43.219800133808846],[-90.511638780963239,43.219809843691124],[-90.500122704951394,43.219822461772587],[-90.499764331835763,43.219819264402666],[-90.49360104297925,43.219860313440819],[-90.481305522911811,43.219750690685039],[-90.479604895926073,43.219738778888996],[-90.478803480840085,43.21973736336043],[-90.474678971417546,43.219706907344701],[-90.469763285554492,43.21965123428425],[-90.467976203277118,43.219624700817967],[-90.467346137887176,43.219559569930148],[-90.466743269641398,43.219419837516568],[-90.466288337510477,43.219252412825696],[-90.465898051897256,43.219064417406088],[-90.46541194979396,43.218799892110226],[-90.465228540078201,43.218681190405988],[-90.464986129672226,43.218458732625855],[-90.464781076187677,43.218276742887639],[-90.464575497594765,43.218027048352781],[-90.464453491951787,43.217810871955102],[-90.46428459056068,43.217513627069501],[-90.464176723881593,43.217215008699455],[-90.464116107794609,43.21695318095891],[-90.464087875815977,43.216667395289782],[-90.464086647262661,43.216505396157203],[-90.464086532186258,43.214770923051354],[-90.463990874786333,43.21418521991081],[-90.463751906713568,43.21360008865036],[-90.463284536482348,43.212963474423908],[-90.462996027758066,43.212716859053785],[-90.462622751142675,43.212461058747706],[-90.46187872514129,43.212012297313443],[-90.461857271432947,43.211999840325745],[-90.451582962536108,43.206186756428259],[-90.451396422688262,43.206065980717874],[-90.451170690719934,43.205931072332326],[-90.448894359109303,43.204639173519794],[-90.44803643810738,43.204231550696242],[-90.447086906287566,43.203988679212081],[-90.44563356666977,43.203731797958554],[-90.441476295518569,43.202999089612028],[-90.437072681864819,43.202252594533412],[-90.436212165787666,43.20215104812759],[-90.434192336657375,43.202063430676979],[-90.432498316874742,43.201993606705912],[-90.430309953213523,43.202020919013677],[-90.429598717791805,43.202082959405487],[-90.429572985869171,43.202084918210801],[-90.429212849490739,43.202112331457904],[-90.428566976985664,43.20215592248406],[-90.427964946525606,43.202211547314569],[-90.426752561496912,43.20232281852185],[-90.425456940305082,43.202455736730577],[-90.424255044748179,43.202579143905538],[-90.423913434050348,43.202613952920728],[-90.423769721027696,43.202631261198768],[-90.423244966918304,43.202709447005745],[-90.423099310294987,43.202746590104603],[-90.422976595346327,43.202779803170202],[-90.421969760765734,43.203074901564818],[-90.421898958012932,43.203095653010735],[-90.421828294861655,43.203124881875397],[-90.421749959059269,43.203163730846846],[-90.421651705788662,43.203212455750496],[-90.42150010887363,43.203295353856511],[-90.41998821521922,43.20411521405066],[-90.41991556267503,43.204161232093405],[-90.419560492058253,43.204362298061618],[-90.419265588545329,43.2045234927104],[-90.419028834981418,43.204652452723124],[-90.418687886849114,43.204787889828921],[-90.41801402991257,43.205014518274837],[-90.417401661927229,43.205086892128406],[-90.416317731217092,43.205093894274114],[-90.41503998104082,43.205107685671635],[-90.414835673875558,43.205105383069998],[-90.414226989067259,43.205106057747649],[-90.412917961872793,43.20511841688176],[-90.409626716090287,43.205163791205194],[-90.405107749663301,43.205206256994209],[-90.399510137560952,43.205246787144524],[-90.397687933098936,43.205256701763908],[-90.395256340040106,43.205151047232533],[-90.392571420079037,43.205027786832211],[-90.391354614697093,43.204974775523148],[-90.388896633591244,43.20487594669364],[-90.388193298960331,43.204903350575741],[-90.387202248843238,43.205010344777875],[-90.385933394872723,43.20522548748658],[-90.385318590673464,43.20534549507812],[-90.384352229649437,43.205498845965472],[-90.383414961221916,43.205616351321758],[-90.382301475417449,43.205680832687371],[-90.381754561068135,43.205721964723949],[-90.381266365484748,43.205777198024954],[-90.380577988531613,43.205854544660774],[-90.379465371429006,43.206058371115482],[-90.378201686073183,43.206327016207716],[-90.377298743361223,43.206469373174862],[-90.376800817391484,43.206535335163053],[-90.376332212194725,43.206601207542505],[-90.375868514898727,43.206670636764819],[-90.375385706875662,43.20681159753974],[-90.375078450808118,43.206898375566503],[-90.374859069556265,43.206974140210207],[-90.374502954175369,43.207061076771346],[-90.374049209519612,43.207162631012316],[-90.373439401773282,43.207307573608858],[-90.372453639210633,43.207493052265988],[-90.370994125465586,43.207705074895195],[-90.368982491076551,43.207911711178205],[-90.367781467698023,43.208051379113854],[-90.367195866293031,43.208164045626333],[-90.365868980685164,43.20850066209416],[-90.36518104333723,43.208660101023824],[-90.364316971279891,43.208777216220597],[-90.363599376478717,43.208879568913005],[-90.362901582125261,43.209024734917563],[-90.361833483495573,43.20934260893101],[-90.360950807016167,43.209620573359452],[-90.360394930756541,43.209808165837728],[-90.359512513819695,43.210132573833491],[-90.357636362702948,43.210971141276069],[-90.356989810874452,43.211129933272638],[-90.355354503084016,43.211551692099142],[-90.35489419223515,43.211580900603678],[-90.354290979688031,43.211523744128968],[-90.353782287281192,43.211393371776538],[-90.353202159143052,43.21122501958677],[-90.3528172786732,43.21116023840689],[-90.352033731299713,43.211114035513546],[-90.351520773744767,43.211067005158178],[-90.351102856398242,43.211037042020365],[-90.350794122668489,43.211006733616848],[-90.350566145317785,43.210986604446923],[-90.350409372892273,43.210966247746178],[-90.350257332642798,43.210942409514651],[-90.350043519660716,43.210908341610335],[-90.349183557795442,43.210779023030611],[-90.348134017144076,43.210702358495745],[-90.347583600354866,43.210745697068397],[-90.347109060576884,43.210774917480862],[-90.346905056261122,43.210796373247064],[-90.346634579334193,43.210814554241651],[-90.346349701649856,43.21080499854552],[-90.346036258762069,43.210781643221694],[-90.345594689446784,43.2107656168182],[-90.34526222485249,43.210735365166769],[-90.344925086981974,43.21071902096606],[-90.343918477675757,43.210676919625726],[-90.342004871280693,43.210581956125921],[-90.34123584635951,43.210580785663396],[-90.340386383460469,43.210628448017346],[-90.339608470600538,43.210738402659089],[-90.338655053385693,43.210873175482462],[-90.337531398363382,43.211126494998801],[-90.336891056003552,43.211222130868762],[-90.336388108791311,43.211265284787451],[-90.335581522039746,43.211344040866599],[-90.33513089683693,43.211407863753024],[-90.334685212456208,43.211506383714237],[-90.334021638001673,43.211695828918053],[-90.333391525693045,43.211926837726423],[-90.332391830820015,43.212287388172555],[-90.331823138810719,43.212466117395216],[-90.331353637055031,43.212554283955669],[-90.330997847076134,43.212600454687625],[-90.330280913853755,43.212581698717877],[-90.329202684111422,43.212466745214812],[-90.328761088024081,43.212447187093879],[-90.328267473864102,43.212465965671136],[-90.327816999961598,43.212561005779669],[-90.327290862728518,43.212711819885648],[-90.326703334897061,43.212921833011123],[-90.326067088474815,43.213136709469872],[-90.325224143251162,43.213205807027826],[-90.324140889872865,43.213123570373597],[-90.323419163538134,43.213097833321868],[-90.322835460932623,43.213137671083722],[-90.322370692964682,43.213225787416725],[-90.321863386558363,43.213348752851289],[-90.320848291366744,43.213640044227255],[-90.320241746109772,43.213717887817026],[-90.319411182443702,43.213758398858396],[-90.317579170405693,43.213846838014376],[-90.316867319890164,43.213893952647915],[-90.31630280457972,43.213975368889173],[-90.315923383959827,43.214045861874212],[-90.315563107688973,43.214147556265779],[-90.315084590025748,43.214332905145426],[-90.314672531983504,43.21452153606446],[-90.314289150768246,43.214744818015355],[-90.313972158499197,43.214957498004971],[-90.31350365541897,43.215246970633601],[-90.313072548593539,43.21542523847895],[-90.312750223009459,43.21552334430082],[-90.312266579385749,43.215639250791988],[-90.311341677891534,43.215808440374417],[-90.310972909655561,43.215868273143727],[-90.310971679484027,43.215868472790973],[-90.310780371319851,43.215881743360697],[-90.310284416386196,43.215894642646553],[-90.309958888905598,43.215872418907516],[-90.309611144629557,43.215829453413939],[-90.309108115307509,43.215692167634366],[-90.308627164997702,43.215547895430674],[-90.308039054753394,43.215452427343628],[-90.307505171984815,43.215460797264186],[-90.307262011269458,43.215482251554299],[-90.307022106464132,43.215524488542286],[-90.306801324148225,43.215596713570562],[-90.306555322587997,43.215682864051942],[-90.305886953550015,43.215964250327737],[-90.305590651113107,43.216101373988032],[-90.305237883454765,43.216317213922352],[-90.305093142621857,43.216435445071802],[-90.304961136784627,43.216574434038257],[-90.304835619856902,43.21674576860056],[-90.304725817786235,43.216900870638185],[-90.304656902966315,43.217021213446756],[-90.304570063299707,43.217347254203531],[-90.304534181766982,43.217754688156447],[-90.304577735798006,43.218253029570384],[-90.304626632260906,43.218555602686749],[-90.304671825045929,43.21874727426745],[-90.304899515881431,43.219423706892961],[-90.304983628517064,43.219936149377773],[-90.305007147616791,43.220358913069141],[-90.304871345101134,43.220871905635576],[-90.304689948859462,43.221244653635999],[-90.304321916351469,43.221754895970015],[-90.303989588985928,43.22207741958831],[-90.303612197377902,43.222346456655295],[-90.303254740141966,43.222529066231999],[-90.30260864595958,43.222813705753239],[-90.301933511678129,43.222991198919409],[-90.301534726585359,43.223054788575055],[-90.30122127728005,43.223079440840181],[-90.300720451384336,43.223095643245529],[-90.299954958474132,43.223118507843161],[-90.297430286316612,43.22323031081477],[-90.29647600848449,43.223258784496885],[-90.295343344892345,43.223263010905029],[-90.29409328770187,43.223284826033087],[-90.292873466056193,43.223274952497455],[-90.291578879870983,43.223277845148928],[-90.291585508274224,43.222369196698672],[-90.291583198651949,43.222073171967189],[-90.291574723456137,43.221762323132396],[-90.291561423595098,43.221542317335746],[-90.291543079762761,43.221364547585722],[-90.291507087280294,43.221152271629514],[-90.29145523743351,43.220917019949454],[-90.291401901525873,43.220736772948953],[-90.291297326200976,43.220449193873954],[-90.291191210499733,43.220205120493098],[-90.291145985188948,43.220111829461153],[-90.290991051739681,43.219826494333702],[-90.290881057107171,43.219646589260655],[-90.290707939713357,43.219405162038377],[-90.290541579007623,43.219193955295928],[-90.290408566730065,43.219038294930172],[-90.290245743792028,43.218874245585631],[-90.290087894190279,43.218715018938681],[-90.289908554767464,43.218554630888747],[-90.289704350791254,43.218379798884648],[-90.28954501995598,43.218255639682482],[-90.289264627755074,43.218054399681677],[-90.28893460901547,43.217848439782145],[-90.28867430639832,43.217700347588661],[-90.288410779550688,43.217567994209745],[-90.288173796850799,43.217456122180288],[-90.28798326279572,43.217374370665233],[-90.287792740597851,43.217295032072393],[-90.287489626761612,43.217182118324416],[-90.28730245085211,43.217112450600432],[-90.28658525736077,43.216849410977687],[-90.286174496451665,43.216698060960887],[-90.285140960904954,43.216319713988376],[-90.284378825133558,43.216041248318142],[-90.283570915093435,43.215748249309762],[-90.282900767694045,43.215502845258719],[-90.281890064474652,43.21513314696417],[-90.281616565122164,43.215029169187339],[-90.281119262254919,43.214848449580721],[-90.280556542603208,43.214643676286698],[-90.280045331555357,43.214456252354687],[-90.279203102621892,43.214147250944244],[-90.278536871007489,43.213905125440149],[-90.278196064842305,43.213780509547107],[-90.277547625576943,43.213542036848843],[-90.271769732910471,43.211436819554613],[-90.270508788259718,43.210975631034891],[-90.267851101714285,43.209990604965995],[-90.265823904171626,43.209251261292771]],[[-90.251873226144937,43.203844661691612],[-90.248534795870299,43.202480680995244],[-90.244510974662333,43.200834203029487],[-90.237840108869875,43.198130355156316],[-90.236199625259985,43.19746109708251],[-90.234895826420043,43.196932940854921],[-90.233907298103219,43.196531624216639],[-90.232256557594795,43.195861267797206],[-90.228478247169974,43.194327302414592],[-90.226057190890998,43.19333915447401],[-90.225622702738704,43.193175836046564],[-90.225345819501968,43.19307624045716],[-90.224751978566161,43.192874404748125],[-90.224427581047763,43.192766047657848],[-90.223958066285633,43.192622882165551],[-90.222913991843924,43.192343917912176],[-90.222284065455398,43.192195276897387],[-90.221512542716439,43.192027825508681],[-90.220318204646077,43.191823039637598],[-90.219595346671241,43.19172224305894],[-90.219023441426216,43.191653849404645],[-90.218220611163517,43.191579094967608],[-90.217667440442668,43.191541995450564],[-90.21673437716241,43.191497446205425],[-90.214864750195048,43.191472355483725],[-90.212216803706426,43.191449517992538],[-90.208988761636704,43.191420341426884],[-90.204557108972452,43.19137443009302],[-90.198929505296249,43.191315079638173],[-90.196898371834777,43.191298587294298],[-90.196826799028884,43.191298005373241],[-90.195529336353502,43.191281058934401],[-90.194037395427415,43.19126641783641],[-90.192519985323059,43.191253898258353],[-90.183453075666819,43.191151940934752],[-90.180538997987,43.191126545494349],[-90.178122543792341,43.191098420172288],[-90.176208878708849,43.191075107541636],[-90.174433751297883,43.191055306762472],[-90.173635982241734,43.19105089229636],[-90.173004923237954,43.191042465302267],[-90.172705566833201,43.191041071600168],[-90.172326644940412,43.19103475430439],[-90.171968912820432,43.191031843734265],[-90.171398172112646,43.191024091609449],[-90.170823921382919,43.191019781707134],[-90.170268478291661,43.191012001105008],[-90.169403568063345,43.191004676443335],[-90.168276220809503,43.190990842877888],[-90.16741130870858,43.190982638698173],[-90.166831154252179,43.190974877564472],[-90.166299264288767,43.190970483173864],[-90.165810896622162,43.190963447873926],[-90.16541551398052,43.190958851457644],[-90.164805951320147,43.190952842483767],[-90.164224632900073,43.19094678972381],[-90.163112587391382,43.190933747771794],[-90.162061743131744,43.19092490361966],[-90.160963822111142,43.190910100858993],[-90.159981202810215,43.190889948639068],[-90.158991514477904,43.190862918145051],[-90.157933519030109,43.190819611701471],[-90.156816683214004,43.19077035193483],[-90.155772775210025,43.19070978003797],[-90.154641775046571,43.19063985233273],[-90.1540015461092,43.190603697215018],[-90.153357775083634,43.190563229968284],[-90.152619864285285,43.190520309347328],[-90.152085566515993,43.190490881807641],[-90.151154639677742,43.190433566361534],[-90.150362596481557,43.190386398395901],[-90.150068368457511,43.190366983171891],[-90.149629380480945,43.190339139020729],[-90.149203364457634,43.190316454022891],[-90.148550187029088,43.19027683644758],[-90.147953514725089,43.190244030749405],[-90.146884902146994,43.19017911440833],[-90.146611116486241,43.190164355541135],[-90.146111047064778,43.190133856698615],[-90.1456115195639,43.190103327966064],[-90.145152651500695,43.190077004740445],[-90.144598910837999,43.190045126601682],[-90.143563071419578,43.189982686160718],[-90.142451719820784,43.189914666372047],[-90.141717931428602,43.189870256544204],[-90.14046718963796,43.189798139789978],[-90.139264881524596,43.189738701199644],[-90.137882558817395,43.189686544826444],[-90.136275702941973,43.189650226708373],[-90.134721177028908,43.189636489472981],[-90.133320065445403,43.189639553493585],[-90.127469549867541,43.18968857091577],[-90.12512926572505,43.189707480074802],[-90.123512879463874,43.189720123269126],[-90.121105652030479,43.189742651305053],[-90.119454559285685,43.189755273895877],[-90.116804361489727,43.189772516957284],[-90.114573157391874,43.189798356637176],[-90.113509327693407,43.189807449306869],[-90.113034222684178,43.189803372263547],[-90.112099772656194,43.189812666112303],[-90.110874207214934,43.189827817787226],[-90.108538717968983,43.18984307817945],[-90.107278796669434,43.189854504949096],[-90.103841487001901,43.189881521048385],[-90.102396784969287,43.18988873931805],[-90.101699797938053,43.18990353453605],[-90.100623237972783,43.189904270312979],[-90.099459942452341,43.189913661965065],[-90.097073167154832,43.18993015563845],[-90.095069943583468,43.189949018905558],[-90.093740820581118,43.189955419448346],[-90.089716822902489,43.189910839258303],[-90.087017633074836,43.189870061223715],[-90.085193967761995,43.189848588565177],[-90.081240572162841,43.189803477559586],[-90.079467079348106,43.18977768174534],[-90.077967172716455,43.189758579001754],[-90.073866165526525,43.18970944161272],[-90.073228480491053,43.189694444341171],[-90.072862898602708,43.189682620331311],[-90.072459833528555,43.189652178979124],[-90.07205975876802,43.189610775491353],[-90.071628209713467,43.189552947562845],[-90.071297037601965,43.189498342247404],[-90.070902912233549,43.18941746300019],[-90.070456323302324,43.189313589459424],[-90.070131109146686,43.189226091594293],[-90.069910081697458,43.189158178546563],[-90.069745842545672,43.189378427058166],[-90.069577908219017,43.189530809354096],[-90.069353893746737,43.18963052035997],[-90.069065769813307,43.189683408706465],[-90.063971988740732,43.189775193526437],[-90.055674226970453,43.189902681806679],[-90.050981350910632,43.189940609220194],[-90.04676243454422,43.189977066327238],[-90.046630347962179,43.189978205315583],[-90.044041725946684,43.189994125004084],[-90.03924708372918,43.190031601228412],[-90.032812136098741,43.190063415547982],[-90.03213650882806,43.190105299504815],[-90.031205953135654,43.190231047879415],[-90.029503354499496,43.190662919150689],[-90.028249977461812,43.191190375932393],[-90.027379160343173,43.191702825098872],[-90.026577590392208,43.192322471541232],[-90.025926599650191,43.19295101102577],[-90.02492975690312,43.193939976147504],[-90.023534139747071,43.195348935221254],[-90.022817974546086,43.196037036709868],[-90.022382546171599,43.196373658447719],[-90.021784296583391,43.196728166108436],[-90.021084249064941,43.197038025711791],[-90.020526626652313,43.197207885242889],[-90.019985271222353,43.197336038072983],[-90.019390994103162,43.197443360259292],[-90.01801102711795,43.197443585827401],[-90.015792521648962,43.197461779057143],[-90.011424662575379,43.19741167373266],[-90.010305234391211,43.197405818877307],[-90.005900843685978,43.198278729988807],[-90.003006582657747,43.198922126021344],[-90.002766409481183,43.198963824202757],[-90.002554728992266,43.198978714023454],[-90.002334912155803,43.19898467988402],[-90.002086589044524,43.198996598003866],[-90.001805709815144,43.199005535521763],[-90.001634733184147,43.199023403571857],[-90.001496337530966,43.199062126009991],[-90.001260225624051,43.19915444583485],[-90.001007841472656,43.19926762037985],[-90.000783950543649,43.199368880853889],[-90.000645541639855,43.199443333216145],[-90.000319870180604,43.199627977541731],[-90.00015297803013,43.199723284443564],[-89.999937219987373,43.199872187513478],[-89.999835451811151,43.19995260006521],[-89.999692965259598,43.200226588092868],[-89.999562700052834,43.200500575977244],[-89.999285872884926,43.200729899195352],[-89.998984623924642,43.200893693774574],[-89.998630459817761,43.2009502760882],[-89.998207083165624,43.200974087866449],[-89.99796690005661,43.20097408385076],[-89.997787781607144,43.200965147791308],[-89.997531313651606,43.200971103705989],[-89.997291117718504,43.200983011588164],[-89.997042798118599,43.200988957595577],[-89.996745623098008,43.201021708898793],[-89.995312642857897,43.201239061433938],[-89.994937170123279,43.201267711233356],[-89.994921647226349,43.201268895573691],[-89.994844482011857,43.201274781244884],[-89.994278617229782,43.201256888875122],[-89.993749406036017,43.201265793922893],[-89.993301585217964,43.201352133369511],[-89.99313874474538,43.201399776983955],[-89.993000325359901,43.201444441282725],[-89.992707210307941,43.201560566547172],[-89.992511793367399,43.20165585144359],[-89.991998815962404,43.201932785538027],[-89.991461091164723,43.202219836839078],[-89.990741356380667,43.202515740714546],[-89.989979039436321,43.202721291449336],[-89.988850491438896,43.202929908639391],[-89.987125682119498,43.203269306480699],[-89.984544848409456,43.203742511822298],[-89.983578086384526,43.203935530359985],[-89.982607066948802,43.2041098443718],[-89.980260405074233,43.204536271611559],[-89.979387343562777,43.204620231192131],[-89.978463208707595,43.204629398906029],[-89.977556117183042,43.204585614458921],[-89.976734233021546,43.204479527177156],[-89.975584492149437,43.204205137390801],[-89.974545516353501,43.203855994129434],[-89.970555927905181,43.202284901979553],[-89.9699938979862,43.202072918678411],[-89.969546819753972,43.201948183496341],[-89.969057149322964,43.201832782007656],[-89.968277892180083,43.201729761099983],[-89.967396414419866,43.201667209269452],[-89.965164962555136,43.20166655160039],[-89.963367892852645,43.201650412058243],[-89.96230752471871,43.201643836325339],[-89.961575078540221,43.201621792116086],[-89.961264265886243,43.201540689367043],[-89.961000291676626,43.201456486096696],[-89.960804460567203,43.201372296576913],[-89.960327628080961,43.201175873173639],[-89.959825296580874,43.200920241437309],[-89.959352772949842,43.200677071681994],[-89.958739753290885,43.200390239255597],[-89.958322511438979,43.200281058199266],[-89.957952099312962,43.200181230792325],[-89.957675339720069,43.20012504699838],[-89.957202732781809,43.200022063658317],[-89.954826917249932,43.199528931175756],[-89.953081349790793,43.1990640413864],[-89.952119190500881,43.198786376653359],[-89.951025114827402,43.198405839867348],[-89.949011544927544,43.197691547578714],[-89.947883370289205,43.197391972478144],[-89.946907548669387,43.197228969510974],[-89.94613344147767,43.197173084186865],[-89.945366998186699,43.197150911182604],[-89.944549391965523,43.197181674376587],[-89.944306650564343,43.197209597356064],[-89.94404685743244,43.197256196401383],[-89.943633706726757,43.197380610752205],[-89.943233312151293,43.197511252241057],[-89.942070487327896,43.197859586569194],[-89.941870272473821,43.19794671431427],[-89.941644490217385,43.198049406937201],[-89.941384605016296,43.198186353833798],[-89.94097552386404,43.198482094568284],[-89.940165763800024,43.199191970808066],[-89.939006335366358,43.200356504574053],[-89.938673928020904,43.200611783342602],[-89.938137076535924,43.200894991637128],[-89.937566212161798,43.201128328412921],[-89.937050786452957,43.201274463603546],[-89.936539659155727,43.201380104385507],[-89.935977513732738,43.201410947708887],[-89.935377048345956,43.201419957069994],[-89.934146516999775,43.201263490817958],[-89.933414211089669,43.201125987285572],[-89.932856564464061,43.200938740273578],[-89.932218058221764,43.200701601232815],[-89.931792555673397,43.20040227276106],[-89.931396849648777,43.200109191866943],[-89.930950080597313,43.199781815609377],[-89.9302564585727,43.199354595490703],[-89.929324391472889,43.198908530167643],[-89.928851914153725,43.198743116714304],[-89.928307057412681,43.198574549324029],[-89.927485460200643,43.198355962817892],[-89.927161900008173,43.198302791175642],[-89.926714869648166,43.198233970333213],[-89.926182670602898,43.198161977170429],[-89.924620012205068,43.198058150705101],[-89.923636456237759,43.197979616116207],[-89.921260530873553,43.197853388474059],[-89.920936886006345,43.197862512235751],[-89.920570646631703,43.197887183785888],[-89.920004185303966,43.197980249713851],[-89.919475968301441,43.198126296862291],[-89.918845395898373,43.198390654828934],[-89.918248821147785,43.198704884054763],[-89.917532966171976,43.199050171759744],[-89.917000369751449,43.199274086607311],[-89.916433817908711,43.199420100863094],[-89.915799183047284,43.199522443086458],[-89.915509602998242,43.199528460904382],[-89.915292417614069,43.199537647265451],[-89.915117850071454,43.199525055272986],[-89.914738883575595,43.1994967326089],[-89.914232239495007,43.199434049871456],[-89.913900176569783,43.199368372649417],[-89.913465996412739,43.199249667383462],[-89.910260754311551,43.198378012038837],[-89.909145510125171,43.198093634402426],[-89.908672926459843,43.198040301035796],[-89.908268413849157,43.198024399151301],[-89.907868131985168,43.198027193163959],[-89.907489096323488,43.198061159491438],[-89.906777907048806,43.198104192356801],[-89.906134800195488,43.198175317557975],[-89.905500156317132,43.19828071831936],[-89.904997488198177,43.198404919142753],[-89.904137012395807,43.198600469523598],[-89.90358737298854,43.198808729397257],[-89.902121482150207,43.199458593086099],[-89.901759314578598,43.199589131073878],[-89.900502523852211,43.19994319333987],[-89.8996206466079,43.200182301207072],[-89.897954916382346,43.200598288960897],[-89.896455220745139,43.201029972072341],[-89.895500843603259,43.201315717267981],[-89.894972603717861,43.201424263352258],[-89.894444401113404,43.201517237777502],[-89.893958881585661,43.2015479453095],[-89.893486122032968,43.201588009615136],[-89.893072957980166,43.201637465630199],[-89.892527779241078,43.20168680522216],[-89.891957047457396,43.20174234038484],[-89.89019366499808,43.201943160836564],[-89.887671812323561,43.202389322242503],[-89.88683257834326,43.202547374468018],[-89.885635423961531,43.202817218626336],[-89.883996616539577,43.203189491785622],[-89.883179171994087,43.203367449724084],[-89.882903984397799,43.203438053947387],[-89.882710093236398,43.20349273040118],[-89.882484905204009,43.203563384863052],[-89.882106469940993,43.203688747125391],[-89.881555983566386,43.203877963052491],[-89.88007340231438,43.204402315040156],[-89.877927015223804,43.205151988069652],[-89.87646095247726,43.205670673758611],[-89.876188162239615,43.205782533227008],[-89.87607305644805,43.205841596925723],[-89.875932369617075,43.205919335667701],[-89.875812947248377,43.206006426256657],[-89.875672190470041,43.206112196434468],[-89.875552742002512,43.206211758319974],[-89.875352240853587,43.206373544772205],[-89.875120995635669,43.206592072354091],[-89.875050106777593,43.206674325514861],[-89.87494783751977,43.206791870024112],[-89.874853089906154,43.206912740922938],[-89.874766067608732,43.207036680916566],[-89.874686954623556,43.207163425483877],[-89.874615918957872,43.207292705582823],[-89.874553113866199,43.207424244950133],[-89.874498670456546,43.207557763694844],[-89.874452707539774,43.207692977408691],[-89.874415321777249,43.207829598955918],[-89.874386592608076,43.207967336677832],[-89.874366581011969,43.20810589709258],[-89.874355330739562,43.208244984896503],[-89.874352865846149,43.20838430476244],[-89.874335852776795,43.211880338655405],[-89.874343687661238,43.212213694314975],[-89.874358222876609,43.212407072091885],[-89.874381938420157,43.212599963778842],[-89.874414807771984,43.212792136117969],[-89.874456789635488,43.212983356733453],[-89.87450783409227,43.213173394138458],[-89.874576451472194,43.213332502343043],[-89.874652049560311,43.21348990814802],[-89.874734551176005,43.213645448469137],[-89.874823870514177,43.213798962012675],[-89.874919913148474,43.213950287474518],[-89.875022579713644,43.214099268947173],[-89.875131763453965,43.214245750514216],[-89.875726667393195,43.214938008240544],[-89.875834489424292,43.215067260647508],[-89.875934439165931,43.215199855981446],[-89.876026321348348,43.215335536515319],[-89.876109957941551,43.215474040037314],[-89.876185189387016,43.215615099851981],[-89.876251869678825,43.21575844207338],[-89.876309868819234,43.215903789229472],[-89.876359074048537,43.216050861163716],[-89.876447721076175,43.216446607602812],[-89.876489471648043,43.216867219464632],[-89.876471457050897,43.217350079616828],[-89.876346638861804,43.217988588442793],[-89.876141201211126,43.218430012987966],[-89.875224504620689,43.220030782603025],[-89.873890523789427,43.222360051318987],[-89.873721721024424,43.222663219475493],[-89.873561188634298,43.222968781862598],[-89.873408992237955,43.223276616122838],[-89.872544368780325,43.225081240871901],[-89.872478128949226,43.225215636564322],[-89.87240526663112,43.225348186962854],[-89.87232587943295,43.225478717472043],[-89.872240069882793,43.225607057102977],[-89.872239637621021,43.225607668942182],[-89.872144316758337,43.225737056832806],[-89.872042298817547,43.225863685303899],[-89.87193373316093,43.225987367206507],[-89.871818777759842,43.226107922604442],[-89.871697601665176,43.226225175175543],[-89.871570382542771,43.226338953109234],[-89.871437305440296,43.226449090005936],[-89.871298566481556,43.226555424881404],[-89.870232844401684,43.227341549744352],[-89.869637897839226,43.227780403276988],[-89.869482914317501,43.227889994234232],[-89.869321696163809,43.227994664876888],[-89.869154534409063,43.228094225511903],[-89.868981731152786,43.228188496364872],[-89.868803600798344,43.228277305780743],[-89.868620463885804,43.228360494719269],[-89.868432653262573,43.228437910459036],[-89.868240509139895,43.228509414696227],[-89.868044377874511,43.228574877240213],[-89.867844616888448,43.228634178720682],[-89.867641584813043,43.228687212377423],[-89.867435652573405,43.228733883172964],[-89.867227191079394,43.228774105076809],[-89.867016577372539,43.228807805575279],[-89.866804194627406,43.228834924771064],[-89.866202916409549,43.228902091775581],[-89.865983356245749,43.228930262709973],[-89.865765702739068,43.22896546725282],[-89.865550377125317,43.229007636573435],[-89.86533779697541,43.229056690133845],[-89.865128371276043,43.229112532981162],[-89.86492250658759,43.229175055754865],[-89.864720602109102,43.229244139183116],[-89.864523047229667,43.229319647776336],[-89.864330223975941,43.229401437033772],[-89.864142507024567,43.229489348040282],[-89.863960258768742,43.229583211062334],[-89.863783831787401,43.229682842849122],[-89.863613567600083,43.229788052934225],[-89.863399167730478,43.229926559980242],[-89.86321950238947,43.230037822031534],[-89.863033632428326,43.230143494339892],[-89.862841882159358,43.230243391766805],[-89.862644588195124,43.230337339095009],[-89.862442093286873,43.230425172822244],[-89.862234753717075,43.230506739369403],[-89.8620229319082,43.230581895972392],[-89.861806996422374,43.230650510682302],[-89.861587326884745,43.23071246327207],[-89.861364305358592,43.230767647027172],[-89.861138324977375,43.2308159633534],[-89.860362396788403,43.230969053726895],[-89.860151289409373,43.231014423699726],[-89.859943075258272,43.231066451316764],[-89.859738146113472,43.231125038922457],[-89.859536887629687,43.231190076249625],[-89.859339679336401,43.231261441319802],[-89.859146893413111,43.23133899774011],[-89.858958894677329,43.231422600105894],[-89.85877603566307,43.23151209219342],[-89.858598661555504,43.231607303363965],[-89.858427106482239,43.231708054862253],[-89.858261694751221,43.231814157116219],[-89.858102738387856,43.231925409733947],[-89.857950535901608,43.232041602402163],[-89.857805374742696,43.232162517590481],[-89.857667528849518,43.232287926045757],[-89.85753725863816,43.232417591294251],[-89.857323563083895,43.232640263913126],[-89.85719751298457,43.232766271808885],[-89.857064732201223,43.23288852879093],[-89.856925428067711,43.233006841493818],[-89.856779820222158,43.233121023771211],[-89.856628138141957,43.23323089759338],[-89.856470618689073,43.233336289442455],[-89.856307509796281,43.233437033919103],[-89.856139069237656,43.233532972840727],[-89.855965559702398,43.23362395523543],[-89.855787254950158,43.233709838250455],[-89.85560443488697,43.233790486245582],[-89.85478034495209,43.234137916801487],[-89.85206447480158,43.235282061519854],[-89.851882893902001,43.235361711025263],[-89.85170526452815,43.235445991087381],[-89.851531808595865,43.235534796657248],[-89.851362741880592,43.235628017275943],[-89.851198274017293,43.235725537074501],[-89.844108798074572,43.24009605202685],[-89.84347703381934,43.240534448154499],[-89.843404426891254,43.240596652377306],[-89.843289128111309,43.240693070004674],[-89.843190891458022,43.240783279643857],[-89.843084059287136,43.240901518072633],[-89.842955822481457,43.241057105565233],[-89.842767729540512,43.241287385760074],[-89.842498214483953,43.241701348665728],[-89.842403616623741,43.241893567953582],[-89.842282563263808,43.242175608662137],[-89.84204032342673,43.242794681211102],[-89.841474752677286,43.244366228457302],[-89.841398942625887,43.244597030997348],[-89.841308171075312,43.24480214932003],[-89.841207999471848,43.244988686818232],[-89.841041282612935,43.245252581222196],[-89.840814964669178,43.245523488156152],[-89.84057866577362,43.245776056152494],[-89.840298801670599,43.246003016502016],[-89.839720867576744,43.246398117922155],[-89.839072361535003,43.246758692170609],[-89.838530295531683,43.24693867067527],[-89.837953141427562,43.247076483728527],[-89.83794208997648,43.24707912265869],[-89.837670277736578,43.247144021351062],[-89.836645676262478,43.24724583774865],[-89.833769439925518,43.247219182698281],[-89.83156542649121,43.24721298726287],[-89.830408326655771,43.2472410562753],[-89.829536240974861,43.247332076273857],[-89.828570089238127,43.247551022526558],[-89.827868823623518,43.247743543494735],[-89.826299061307637,43.248187884783817],[-89.823750592167897,43.248946387447987],[-89.821952408890851,43.249461796103745],[-89.81977100920129,43.250048052598068],[-89.818421540714439,43.250358615586357],[-89.8174062303857,43.250636946421352],[-89.816610577312858,43.251031763101587],[-89.815998173131362,43.251450695529059],[-89.815507804797676,43.251935339657514],[-89.815200807572097,43.252405384254359],[-89.814954705049814,43.25294700573275],[-89.814842763195827,43.253584140476313],[-89.814852885239034,43.254281038670136],[-89.814806361138992,43.254843828339098],[-89.81473165569524,43.255290420853932],[-89.814510344742061,43.255715938818909],[-89.814207606907871,43.256117488704483],[-89.813687253649377,43.256584453751643],[-89.812868236949782,43.257068307253881],[-89.81163249799495,43.257432589597691],[-89.810376606957163,43.257719384899254],[-89.809475400127155,43.257941248615914],[-89.806158843857361,43.259147768924016],[-89.805652981460483,43.259334533020763],[-89.804367938679576,43.259796930011476],[-89.803723355201441,43.260031100088099],[-89.803013222545374,43.260375334899344],[-89.802543527131618,43.260711056918623],[-89.802061392009037,43.261112264484588],[-89.801582497046041,43.261769604596616],[-89.800606273149398,43.263724522786958],[-89.799671235454582,43.265530604688685],[-89.797829480310781,43.267918788029306],[-89.797145931656232,43.268813992287122],[-89.796487021336262,43.269586943828727],[-89.795911092345321,43.270026867061425],[-89.795188326814241,43.270445488761126],[-89.794612996078087,43.270646963942042],[-89.794025558994235,43.270812683029213],[-89.793479061867515,43.270921887727646],[-89.79254555131017,43.270982735937437],[-89.789113832172148,43.271006248290803],[-89.784895653143863,43.270995413559554],[-89.779002340358019,43.271005025614826],[-89.764298081571155,43.270898241686162],[-89.759144018974368,43.270845192799449],[-89.757599475715949,43.270860254749834],[-89.757426713272039,43.270862040641283],[-89.757330344302048,43.270866344877675],[-89.757234952254223,43.27087722900967],[-89.757141375442103,43.270894596668661],[-89.757050437612691,43.270918296529352],[-89.756962939336177,43.270948118689361],[-89.756879649355866,43.270983800953815],[-89.756801303353129,43.271025029732797],[-89.756767642126505,43.271045398738963],[-89.756754319443729,43.271055068427529],[-89.75669871411165,43.271099700625882],[-89.756649485362757,43.27114816703893],[-89.756607123127623,43.271199982465717],[-89.756440404739536,43.271438025945983],[-89.756058895921285,43.271283548513303],[-89.75565841033908,43.271160194395215],[-89.755392692188366,43.271088723825557],[-89.755145289429834,43.271038065591512],[-89.754907893324813,43.27099355143055],[-89.754742804583799,43.270972467070379],[-89.754635325823443,43.270958740400452],[-89.754297411828958,43.270923473217785],[-89.754043271480839,43.270912229529138],[-89.753686953878784,43.270902908417177],[-89.753238597056821,43.270899492846944],[-89.751604000885521,43.27091307292352],[-89.748508835518891,43.27093320693902],[-89.739343665485407,43.271021493271348],[-89.737771343783606,43.271026373093065],[-89.736250290229648,43.271058678659209],[-89.73446477732837,43.271132141034215],[-89.730351746120419,43.271326790195886],[-89.729158523226658,43.271398052562873],[-89.728752972422711,43.27138399885748],[-89.727987857061564,43.271320797289093],[-89.726802748107175,43.27124976278354],[-89.725608331855454,43.271171877149051],[-89.724488564428029,43.271100984389456],[-89.723247609956928,43.270995677895776],[-89.722848832684633,43.270956532669913],[-89.722561856922709,43.270918251573306],[-89.722364846517223,43.27088645538587],[-89.722213402900309,43.270852752478838],[-89.72142213992268,43.272059307197438],[-89.721122956702757,43.272610095326321],[-89.721080065944463,43.272703089878966],[-89.721054241465751,43.272777504406399],[-89.720936934299488,43.273209342639944],[-89.720741460335944,43.274314339836756],[-89.720509280825354,43.275459272477022],[-89.72046120197426,43.275705026966705],[-89.720079545038629,43.277019222629256],[-89.719762543292958,43.27788376603813],[-89.71948592328765,43.278473944979957],[-89.719372529649746,43.278738593421231],[-89.718911075275528,43.279638014902083],[-89.718795764143692,43.279924610423954],[-89.718761399045292,43.280021731060984],[-89.718679553493843,43.280235002873347],[-89.718507983461322,43.280667235852547],[-89.718428763054575,43.280874795973354],[-89.718184928083076,43.281606011692851],[-89.718150427203554,43.28183091663248],[-89.718119461063765,43.282088363126306],[-89.718103590437551,43.282669394290096],[-89.718065964141303,43.283480169227609],[-89.717994773738681,43.285355677444429],[-89.718000582521668,43.285587110869301],[-89.717996871052307,43.28571015004475],[-89.718059315970777,43.286291598095545],[-89.718159889608884,43.286880469776023],[-89.718309311878798,43.287333626748875],[-89.718429109886856,43.287601071102102],[-89.718881499832236,43.288703468077273],[-89.719147291331993,43.289312869911214],[-89.719313454538351,43.289532738568489],[-89.719949163281953,43.290165070890254],[-89.720535995259127,43.290716886907489],[-89.721245115555888,43.291415926412014],[-89.721688655390139,43.291859556737904],[-89.722541064653527,43.292681849730158],[-89.722893327241451,43.293013902686731],[-89.722055258750757,43.293490663127798],[-89.721334784937355,43.293874018047156],[-89.721245024130639,43.293921777761057],[-89.719158988726335,43.295038101536583],[-89.716624529574801,43.296377627031589],[-89.716215546230103,43.296602719026282],[-89.715854749999835,43.296793549635431],[-89.715515588792798,43.296976175676399],[-89.715258852399856,43.297111209415483],[-89.714973094795837,43.297264575697334],[-89.714679568940255,43.297415301540852],[-89.714452000614713,43.297539168450285],[-89.714187353943672,43.297680123068119],[-89.713806928055277,43.297881991812858],[-89.713604292752024,43.297993547064394],[-89.713268130056704,43.298172743148214],[-89.712983337996619,43.298325773677021],[-89.712793815758417,43.298427167163197],[-89.712585280365388,43.298536823818864],[-89.712267889272397,43.298707923939546],[-89.712080605795705,43.298807268816169],[-89.711907618937772,43.298897005452481],[-89.711842265899492,43.298932324411588]],[[-90.265821878345477,43.209250523107499],[-90.263686778426433,43.208472784220447],[-90.261942762933529,43.207833067527815],[-90.261098370668478,43.207522424567486],[-90.260109406571218,43.207157202125671],[-90.258773348748534,43.206640693344681],[-90.257448842237849,43.206119919680781],[-90.252117978997319,43.20394430960053]]]},"properties":{"OBJECTID":1,"ST_LABL_NM":"12","BYWAY":"Lower Wisconsin River Road","Shape_Length":131901.13975928861}},{"type":"Feature","id":5,"geometry":{"type":"MultiLineString","coordinates":[[[-90.609725213242868,42.508074916311912],[-90.608672104154891,42.508531345888557],[-90.60815214203356,42.508786647593645],[-90.607954761688802,42.508906238488834],[-90.607792127785814,42.509015333103576],[-90.607608732264353,42.509139991554356],[-90.607456615268831,42.50925676593053],[-90.607242362612837,42.509430551999408],[-90.607035308176052,42.509630074196046],[-90.606842313668622,42.509842408893149],[-90.606687584572029,42.510049380357529],[-90.606488422510481,42.510344204386129],[-90.606320775439301,42.51065689998083],[-90.60621518946833,42.510904839411623],[-90.606147284811783,42.511085585150504],[-90.606097022539075,42.511292012192612],[-90.606070828905118,42.511464801270172],[-90.606053041574413,42.511787015444789],[-90.606050087341785,42.512201911076808],[-90.606085837549216,42.512657839625234],[-90.606122920235961,42.513250343281214],[-90.606180670274526,42.514008768744226],[-90.606250070095456,42.514906830623431],[-90.606321011653094,42.515964151939635],[-90.606522176205232,42.518499106276515]],[[-90.606522176205232,42.518499106276515],[-90.606533748421626,42.519004576102823],[-90.606558361421179,42.519818624732416]],[[-90.606558361421179,42.519818624732416],[-90.606624502116588,42.519946911758844],[-90.607442865040596,42.519982180777276],[-90.607489311060235,42.519984182423983],[-90.608033572431083,42.520014095128481],[-90.608208145150201,42.520028478619729],[-90.608557529539127,42.520054244602086],[-90.608898680747473,42.520087158844532],[-90.609363527837672,42.520141838852048],[-90.609625246587171,42.520175173275469],[-90.60994047558016,42.520215156778377],[-90.610349701213963,42.520267463091557],[-90.610899164797772,42.520336113464836],[-90.611270796149242,42.520383276445223],[-90.612172644448705,42.520522546258626],[-90.612386831412906,42.520563990336115],[-90.612515106424794,42.52059073646835],[-90.612615957462211,42.52061174827292],[-90.61273722983465,42.520645709215586],[-90.612878065236089,42.520691984409389],[-90.613029543606757,42.520744722697998],[-90.613159814276656,42.520794962577085],[-90.61329106966582,42.520854995350966],[-90.613418814699216,42.52091831587024],[-90.613515598309647,42.520973966958195],[-90.613637369682408,42.521057555250742],[-90.61375137728993,42.521160133200915],[-90.613854749201977,42.521258193059616],[-90.613966282606953,42.521379065822785],[-90.614049528198365,42.521495524111089],[-90.614115128209605,42.521612725315741],[-90.614172177345935,42.521758052396251],[-90.614222383737072,42.521880919629517],[-90.614241545226577,42.521980204945407],[-90.614256792726465,42.522107465241263],[-90.614258194219332,42.522174721153519],[-90.614259429973572,42.52223375745865],[-90.614256598941509,42.522373533649606],[-90.614239960394841,42.522533061519056],[-90.614207506991164,42.522792053145544],[-90.614163763109559,42.523183625595635],[-90.614099341570409,42.523751309127753],[-90.614004242379309,42.524903822278389],[-90.61386302641354,42.525778510242311],[-90.613790004138977,42.526279065203695],[-90.613664592739227,42.527113358139566],[-90.6136095692098,42.527461510528333],[-90.613497203447736,42.528207224344442],[-90.613382328818773,42.52898176090843],[-90.613262020282122,42.529768682278693],[-90.613185570466939,42.530320587853559],[-90.613135445138269,42.530652187996957],[-90.613082508653108,42.530982758468404],[-90.61302904348824,42.53125932402321],[-90.612958807624651,42.531544282581812],[-90.612848537973278,42.531904320287296],[-90.612759697859289,42.532177148331094],[-90.612703195710537,42.532332611117575],[-90.612646600486656,42.532479825071057],[-90.612537357659704,42.532719746787315],[-90.612425922071552,42.532964642296122],[-90.612349359877911,42.533123508210807],[-90.612279284691738,42.533260887633702],[-90.612206839827493,42.533385077192129],[-90.612127629258424,42.533501044539818],[-90.612052923198291,42.533621931946854],[-90.611982556751798,42.533729602655605],[-90.6118968578471,42.533867065268417],[-90.611817839487401,42.534002844088718],[-90.611727977146487,42.534171686931984],[-90.611596134678251,42.534383666310859],[-90.611431289151028,42.53464535342767],[-90.611246829819663,42.534955001640569],[-90.611095858357686,42.535266128028297],[-90.610971046618104,42.535512741413214],[-90.610866248972087,42.535752646727779],[-90.610782901892861,42.535903298400726],[-90.610712659380226,42.53602417010412],[-90.610649129889737,42.536146654047357],[-90.610578758237423,42.53625432388003],[-90.610495152530987,42.536378562760248],[-90.610407190203389,42.536514388203813],[-90.610310378206279,42.536656852939799],[-90.610235697203663,42.536781053096441],[-90.610139129368505,42.536949930329165],[-90.610016024882185,42.537143714632066],[-90.609921535833408,42.537296073015433],[-90.609851290123459,42.537416944181999],[-90.609794266125093,42.537521237355975],[-90.609706409157369,42.537666959026275],[-90.609579137935626,42.537892123123001],[-90.609427653682275,42.538152079076816],[-90.609289386633847,42.538393808900103],[-90.609137912162822,42.53865376439871],[-90.609063178357459,42.538773010857149],[-90.608938018803812,42.53898660857012],[-90.608841456306635,42.539155484623379],[-90.608703264943131,42.539405462589293],[-90.60855615030988,42.539657144829945],[-90.608411259082004,42.539907158004645],[-90.608336614763104,42.540034661785562],[-90.608255244128017,42.540160535150896],[-90.608185024120843,42.540284710224839],[-90.608110446682289,42.540420453778374],[-90.608049072191761,42.540536323528904],[-90.607981207962268,42.540673688433159],[-90.607919929088283,42.540799463952354],[-90.607850011876224,42.540954995301369],[-90.607773588618869,42.541130364803692],[-90.607695080499312,42.541320604829814],[-90.607606061038865,42.54157857890376],[-90.607517280866645,42.54186130849336],[-90.607474300808647,42.542033204350858],[-90.607437870567395,42.542188557890377],[-90.607377869079414,42.542446377924868],[-90.607350800658324,42.542647899414483],[-90.607306710850011,42.542935345089084],[-90.607286355964561,42.543138479022041],[-90.60727495960316,42.543344870585969],[-90.607268656447246,42.543615608381636],[-90.607265786650359,42.543780681306927],[-90.607276533241361,42.543967151817725],[-90.607291980914681,42.544180002317106],[-90.60730476428472,42.544346649330492],[-90.607321717067649,42.544483564215305],[-90.607338797896489,42.544633680869495],[-90.607362480948808,42.544773856180548],[-90.607395234996773,42.544928842916065],[-90.607416453424307,42.545045922477179],[-90.607435263450952,42.545143211119822],[-90.607472363219628,42.545286620389298],[-90.60751843430117,42.545433287196289],[-90.607555498589292,42.545571743448569],[-90.607594731527868,42.545705235015816],[-90.607679632501558,42.54594248296327],[-90.607782612246837,42.546202734734145],[-90.607876169340727,42.546411865636301],[-90.6079650492795,42.546599569540575],[-90.608083592751626,42.546853137208892],[-90.608249734995695,42.547180731623619],[-90.608454502035542,42.547577447045825],[-90.608686502630192,42.548020243985292],[-90.609012183104298,42.548683715035068],[-90.609142003407072,42.548948775963837],[-90.609205839720218,42.549085441217784],[-90.609267704287689,42.549248521802198],[-90.60933421953473,42.549431390287388],[-90.609375956705861,42.549591281722606],[-90.609438432422365,42.549817084055682],[-90.609485812297919,42.55009744246874],[-90.609514698883615,42.550313526065054],[-90.609522762701488,42.550453783864924],[-90.609524127866464,42.55059408629856],[-90.609525557181868,42.550740980601503],[-90.609526633206144,42.550851565569516],[-90.609518894045621,42.550973760816852],[-90.609498110390163,42.551132327649107],[-90.609472884972433,42.551292575157404],[-90.609440960558103,42.551452858284947],[-90.60941982331147,42.551575115764898],[-90.609376729728126,42.551735458268148],[-90.609303698898088,42.552031307431641],[-90.609260620745701,42.552193297850195],[-90.60919412345649,42.552470956582326],[-90.609134011336963,42.552718871339046],[-90.609084726978878,42.552930417302505],[-90.609039723687701,42.553123784885109],[-90.608994687992507,42.553313847504732],[-90.608965134724997,42.553488968329951],[-90.608942184190823,42.553654156732414],[-90.608921526694033,42.553825934156599],[-90.608905339158582,42.553997678813467],[-90.608897923244513,42.554154535373861],[-90.608894379825628,42.554248637288225],[-90.608873451100635,42.554562959154282],[-90.608878949996111,42.554817864725138],[-90.608905587454203,42.555068200111315],[-90.608935180591317,42.555311801483981],[-90.608957800812973,42.555458366922807],[-90.608985693310359,42.55560594900016],[-90.609018925321081,42.555756447567731],[-90.609035690903539,42.555848325166643],[-90.609066067943672,42.555978287769967],[-90.609100520669728,42.556118990566745],[-90.609153681183685,42.556278181762671],[-90.609193404430371,42.556415929636977],[-90.609231742949888,42.55654780410309],[-90.609276600659427,42.556669863647798],[-90.609326795309059,42.556795812292556],[-90.609427325252952,42.55706335174159],[-90.609489963910264,42.557244997704579],[-90.609564830110685,42.557458864181299],[-90.60966665184695,42.557722488021838],[-90.609756611631539,42.557990083375287],[-90.609802929823118,42.558126805268472],[-90.609849279518471,42.55826549022423],[-90.609890197244539,42.558390506332103],[-90.609928509893564,42.55851944478222],[-90.609967013388356,42.558667960688766],[-90.609997574840648,42.558816509852448],[-90.610052973163533,42.55906863692033],[-90.610139258175224,42.559502578541377],[-90.610252784188447,42.560016598139676],[-90.610363935818569,42.56055803469642],[-90.6104420537892,42.560968532505122],[-90.610555756828376,42.561500165951486],[-90.61064195349482,42.56192432724238],[-90.610747462443257,42.562428608618681],[-90.610846667517492,42.562892190507114],[-90.610950784618637,42.563404557174152],[-90.611058503091414,42.563946218164375],[-90.611110634804049,42.564209736152222],[-90.611204017709255,42.564636677281904],[-90.611284112437843,42.565056358526057],[-90.611405448134889,42.565639471818827],[-90.611512936066546,42.566156709848208],[-90.611620234919215,42.566654406300287],[-90.6117590276654,42.567332679479968],[-90.611842467377443,42.567754782824373],[-90.611925728997221,42.568159794153097],[-90.611981265194459,42.568433064579359],[-90.612023452064093,42.568691744943635],[-90.61205565053055,42.568943147972668],[-90.612070779596536,42.569138464434488],[-90.61209972465447,42.569394774920085],[-90.61210158738983,42.569585281126592],[-90.612103975556622,42.569829521690743],[-90.61210662641956,42.570100624922368],[-90.612095747807189,42.570340046227408],[-90.612072008235614,42.570616171513848],[-90.612035025551663,42.570889935975245],[-90.611988184924371,42.571168625161455],[-90.611944526375851,42.571435094564862],[-90.611881163951537,42.571713880924371],[-90.611804497770009,42.571985407613212],[-90.611727508959191,42.572222741231279],[-90.611631173727915,42.572509025099855],[-90.611534515314546,42.572763565428659],[-90.611418199782335,42.573035303419921],[-90.611291882225686,42.573297323435241],[-90.611097379301853,42.573684274106775],[-90.610918942796914,42.574024732286901],[-90.610584206714222,42.574569777583257],[-90.61037174084413,42.574943593266013],[-90.610217509464249,42.575205409489804],[-90.609989646628847,42.575593931711495],[-90.609861845572055,42.575814882865224],[-90.609191528052889,42.576982779837365],[-90.608836998952157,42.577598214619464],[-90.608175798125416,42.578743857799672],[-90.607547411458654,42.579859072784991],[-90.606855134300687,42.581020704757215],[-90.606565710229091,42.581522009155137],[-90.606201534868532,42.58215332745641],[-90.605546031932619,42.583293160853565],[-90.604968975868317,42.584284225147663],[-90.604386191400437,42.58528972572612],[-90.603728631503074,42.586425236284597],[-90.603508163347499,42.586806618489923],[-90.603287734294696,42.587192331784649],[-90.60307107732288,42.587565056569588],[-90.602854429977043,42.587937780872643],[-90.60263197374924,42.588316307950592],[-90.602394246484039,42.588728028817982],[-90.601972442270807,42.589456131995874],[-90.601721306050834,42.589893849244277],[-90.601309070082777,42.590604617667637],[-90.601036914224053,42.591085652975295],[-90.600519148795016,42.59197413197213],[-90.600377216045189,42.592215390851329],[-90.600003372394738,42.592866911817232],[-90.599779028133696,42.593255511317182],[-90.599495030088804,42.593753481420492],[-90.599192191604772,42.594262446198627],[-90.599027354523102,42.594554236953599],[-90.599027054734648,42.594554751845301],[-90.598451248949743,42.595545063594791],[-90.598095858652115,42.59614836422228],[-90.597438889845719,42.597289038969322],[-90.597069489684259,42.5979284140315],[-90.596702897963837,42.598561415199718],[-90.596339050226817,42.599183819172929],[-90.59611909131398,42.599564040031801],[-90.5958117310294,42.600099324538931],[-90.595509904930069,42.600613389044874],[-90.595171717781099,42.601222948719226],[-90.594810514833497,42.601824152484291],[-90.594342309939861,42.602629213362725],[-90.594147706035344,42.602966944999501],[-90.593573098920771,42.603973822182525],[-90.593269781020311,42.604479720058741],[-90.592765966897488,42.605354545391634],[-90.592251203676952,42.606242267078912],[-90.591678874418406,42.607229526132592],[-90.591142140657624,42.6081383662669],[-90.590596371334343,42.609095133475257],[-90.590037897802191,42.61004845115896],[-90.589502987514209,42.610987631923301],[-90.588960139240939,42.611924527398017],[-90.588729933692989,42.612322698255674],[-90.58841645097317,42.61271562279542],[-90.58819696972887,42.613031011437826],[-90.588096766488178,42.613170312104977],[-90.587992336934917,42.613319207390973],[-90.587879334993161,42.613474522574549],[-90.587668357540267,42.613775511507924],[-90.587493581194821,42.614023667314136],[-90.587401884059545,42.614148568710156],[-90.587301689467196,42.614287868613914],[-90.587184398027887,42.614446393081963],[-90.587090616602325,42.614579283918324],[-90.587005211987289,42.614684997701708],[-90.586900537686702,42.614808371171925],[-90.586795905095997,42.614934932334201],[-90.586684785829732,42.615061526616067],[-90.58657775752296,42.615164162799694],[-90.58646644280752,42.615270017832913],[-90.586312289709269,42.615414384057324],[-90.586145295068064,42.615571567784436],[-90.585913973147896,42.61577853933877],[-90.585734028229624,42.615935788687182],[-90.585579722292493,42.616064196667452],[-90.585409022061754,42.61620482423411],[-90.585408258573196,42.616205453128003],[-90.585287520779275,42.616365326056446]],[[-90.60668814354328,42.519824133729138],[-90.606680379508333,42.519670932045564],[-90.606674661692566,42.519511532536292],[-90.606664654222513,42.519342870744943],[-90.606644279499193,42.519183539809276],[-90.60662858673858,42.519075274022391],[-90.606610605512358,42.518946892366877],[-90.606575227222336,42.518750500877523],[-90.606522176205232,42.518499106276515]],[[-90.60668814354328,42.519824133729138],[-90.606558361421179,42.519818624732416]],[[-90.614949402011774,42.52072157986423],[-90.61437013043377,42.520682536093652],[-90.614024151538032,42.520644593750546],[-90.613426056245487,42.520560899828986],[-90.612735662116023,42.520472806173856],[-90.612238670311655,42.520405757501443],[-90.611776285974912,42.520343159915718],[-90.611258301421216,42.520275471572575],[-90.610657628162414,42.520192596467169],[-90.609547564046565,42.520047605006802],[-90.609038435926692,42.519982516225312],[-90.608840179523,42.519963892013109],[-90.608573836287135,42.51993687541006],[-90.608177366497742,42.519903992621053],[-90.607857888538561,42.519883812554482],[-90.607378702225503,42.519857921945921],[-90.60668814354328,42.519824133729138]],[[-90.614949402011774,42.52072157986423],[-90.614986912519967,42.520563539267918],[-90.61504783459074,42.520360113442976],[-90.615097034519721,42.520211514788677],[-90.615134079071467,42.520114512566067],[-90.615192125365937,42.520006464543471],[-90.615244058803896,42.519921873404066],[-90.615308588136926,42.519829397572124],[-90.615373304378494,42.519757228787391],[-90.61544436290805,42.5196850259046],[-90.615553292289462,42.519600119507501],[-90.615635073493053,42.519545032977881],[-90.615742144841946,42.519486685493142],[-90.615845160421969,42.519445533772917],[-90.615973601055416,42.519413620344245],[-90.616093820025014,42.519403608060301],[-90.616222582544708,42.519404473750903],[-90.61633667385189,42.519416351249674],[-90.616436029425415,42.519431432914807],[-90.616543944103682,42.519458959496561],[-90.616637172288094,42.519495931039806],[-90.616730520182173,42.519543825903298],[-90.616802836145197,42.519599650930317],[-90.616871127585625,42.519675787651352],[-90.61692686620728,42.519762924953824],[-90.616959282441215,42.519839263750072],[-90.616981147377601,42.519917217347263],[-90.616990425359475,42.520001479729189],[-90.616984786330832,42.520071773368315],[-90.616968700279841,42.520153056296223],[-90.616931597155329,42.520243818402065],[-90.616892264912863,42.520322092439464],[-90.616850754246627,42.520394144371487],[-90.616726220610602,42.520545078256902],[-90.616672604112978,42.52062054723033],[-90.616632934344352,42.520673219493794],[-90.616586110568335,42.52071893272641],[-90.616527414357307,42.520759459430039],[-90.616468575583681,42.520784253733503],[-90.616393111707268,42.520802148927366],[-90.61627970464292,42.520808000235583],[-90.61519886753311,42.520738393021297],[-90.614949402011774,42.52072157986423]],[[-90.585287520779275,42.616365326056446],[-90.585324604991456,42.616411443690914],[-90.585358045666098,42.616452581789034],[-90.585409262948289,42.616493620038746],[-90.585590680711789,42.616592205410853],[-90.586797677884888,42.617348340509409],[-90.587117581220511,42.617575768516737],[-90.587299032136258,42.61773811193023],[-90.587531917275115,42.617940977003471],[-90.587732741337035,42.618143186559656],[-90.587849901108271,42.618261748284795],[-90.587947078209851,42.618371442806925],[-90.588059978714497,42.618506362426331],[-90.588161800841874,42.618640519291105],[-90.58824814734983,42.618773116494467],[-90.588412957567442,42.619022041944206],[-90.588549919904438,42.619249064370386],[-90.588632077207578,42.619405358650113],[-90.588716568132881,42.619576338099151],[-90.588773928673291,42.619681328408113],[-90.588858065014321,42.619774482722562]],[[-90.587168888724747,42.617491087455193],[-90.587203057579572,42.617443425507638],[-90.587237260737027,42.617399419670043],[-90.587291029366057,42.617331565612588],[-90.587349684439019,42.617258211039115],[-90.587408684924256,42.61718270231195],[-90.587478757923279,42.617109919524005],[-90.587527863209957,42.617051905430642],[-90.587576865030286,42.61698289593982],[-90.587618529104631,42.616925838546749],[-90.587656310610768,42.616851384113268],[-90.587689233143863,42.616787959503966],[-90.587722100228973,42.616719942284007],[-90.587757303003542,42.61663450513629],[-90.58778637364459,42.61655825819097],[-90.587809333103266,42.616492128928179],[-90.587832253039679,42.616420506411906],[-90.587844319983603,42.616383764454639],[-90.587853723753952,42.616338445664233],[-90.587859086990605,42.616312598024393],[-90.587871728481559,42.616257868817343],[-90.587880301169264,42.616207420162858],[-90.587884661238903,42.616147258007807],[-90.587892262758615,42.616080415031981],[-90.58789814315989,42.6160068896829],[-90.587901492916629,42.615924875977385],[-90.58790617360799,42.615810660212674],[-90.587916923281142,42.615642973724491],[-90.587925056474461,42.615457676583212],[-90.587929050930356,42.615358656876644],[-90.587941224308139,42.615166053413624],[-90.587946630358545,42.615042116803394],[-90.587964255671835,42.614904149703179],[-90.587975113702939,42.614834849461339],[-90.587985172034593,42.614767381470791],[-90.587997716030102,42.614702332249657],[-90.588011093901059,42.614639088884267],[-90.588023723499106,42.614583143941964],[-90.58803891957298,42.614536911937954],[-90.588058812552489,42.614466349545928],[-90.58808911222394,42.61436536664435],[-90.588116280009515,42.614281411503072],[-90.588143453400733,42.614198059704705],[-90.588181136244671,42.614095219728462],[-90.588210075477335,42.614024619867735],[-90.588248700660429,42.613935130423762],[-90.588292257886081,42.613845021266506],[-90.588329340581893,42.613765256821914],[-90.588381892532837,42.613669635001536],[-90.588436889795759,42.613572163441241],[-90.588487818324296,42.613478972430535],[-90.588533877674294,42.613393100994976],[-90.588596126262928,42.613279805178223],[-90.588645471349125,42.613193304429522],[-90.588702816946721,42.613082465271304],[-90.588761831137305,42.612974049036509],[-90.588833005073269,42.6128479551978],[-90.588892035220269,42.612742573718371],[-90.588987397474455,42.612565941744123],[-90.589045575971213,42.612456926271186],[-90.589379332205624,42.611748823538996],[-90.59010053828348,42.610497790479123],[-90.590756154611597,42.609355717223387],[-90.591052475425727,42.608853041486086],[-90.591283678459774,42.608467837769787],[-90.591802941311769,42.607556268494683],[-90.5919945106467,42.607226130532894],[-90.592667913995825,42.606061709834776],[-90.593363117530288,42.604871965183094],[-90.593977179672791,42.603804222422347],[-90.594456928858634,42.602966980038509],[-90.594662357852698,42.602620456185356],[-90.595186828359402,42.601721883937124],[-90.596259079183767,42.599868370070958],[-90.597571685538924,42.597618711002255],[-90.598473775110804,42.596069968537826],[-90.598973396700032,42.595194643451379],[-90.599340589866244,42.594553778582529],[-90.599341164144775,42.594552780449739],[-90.599913693239657,42.593558604286699],[-90.600399331742793,42.592722673714434],[-90.601080273672991,42.591542932812786],[-90.601838070537227,42.590242702020113],[-90.602617646048373,42.588896287263047],[-90.602994451056404,42.588262627101884],[-90.603699377446716,42.587028457224143],[-90.604299236611539,42.585982371717236],[-90.60534143685264,42.584180538505919],[-90.60588006955669,42.58325320176624],[-90.606948335801562,42.581395289883567],[-90.608021318462377,42.579570231337854],[-90.608419667986183,42.578873929436888],[-90.609321487311234,42.577309680712375],[-90.609969265022485,42.576174476716993],[-90.611177388064192,42.574107692589294],[-90.611313578747456,42.573855796523951],[-90.611496063058965,42.573519602842765],[-90.611574076209962,42.573356930398305],[-90.611642547162987,42.573204107058956],[-90.611700449386333,42.573080761790102],[-90.6117606419065,42.572944931336792],[-90.611858343482098,42.572697454747285],[-90.611921831346635,42.572528609637097],[-90.611971093873592,42.572386596466743],[-90.612020333409021,42.572241008122774],[-90.612055420930844,42.572128483314067],[-90.612095036780843,42.571985630043621],[-90.612130054284123,42.571865973048432],[-90.6121614356571,42.571744552333392],[-90.612194880604065,42.571587466921343],[-90.612233955191002,42.571389339347505],[-90.612268291944005,42.571200143732078],[-90.612293423937246,42.571056476198258],[-90.612310260782294,42.570928000613286],[-90.612344414015126,42.570720092044262],[-90.612366554172169,42.57051847962277],[-90.612382274483835,42.570275898431483],[-90.612396389811863,42.570080994015314],[-90.612401571656392,42.569708974882964],[-90.612390750583813,42.569417355232368],[-90.612372170649792,42.569148372403298],[-90.612344247050416,42.568874522365292],[-90.612297701007805,42.568598817579165],[-90.612260597630424,42.56833680504721],[-90.612199233628175,42.568039565621589],[-90.61214230539953,42.567788465820719],[-90.612093095554499,42.567511784498535],[-90.612009562247337,42.567121372987074],[-90.611952386024711,42.566844734121062],[-90.611865872371965,42.566420945121031],[-90.611804752197926,42.566148262711955],[-90.611722370699354,42.565738194235827],[-90.611663936401257,42.565468442253845],[-90.611578850470593,42.565054461560997],[-90.611527037672232,42.564782710884046],[-90.611447504920221,42.564393259045318],[-90.611385003189369,42.564114684928185],[-90.611302691838262,42.563712477633878],[-90.61124280883331,42.563429962932922],[-90.61118692907209,42.56314939008395],[-90.611134012242943,42.562900231414929],[-90.611039157954195,42.562408321541447],[-90.610941956722499,42.561919188821406],[-90.610741502738364,42.560976978222499],[-90.610632479173631,42.560444311332688],[-90.610549299872062,42.560040775007216],[-90.610463306821345,42.559627158145005],[-90.610405885299897,42.559342657427408],[-90.610359646826637,42.559084357846963],[-90.610291398235731,42.558810019160852],[-90.610233931500034,42.558519466695778],[-90.610182008615212,42.558238980105322],[-90.610104442313315,42.557849552427449],[-90.61007163051795,42.55767505168312],[-90.610026483404226,42.557370942854803],[-90.609979191601965,42.557056704938176],[-90.609927196612745,42.556654740016441],[-90.609907482237958,42.556472865809923],[-90.609881159828873,42.556227842436769],[-90.609857023960529,42.555972163515513],[-90.609817469498623,42.555531595753287],[-90.60977410520637,42.554863545858908],[-90.609761461196001,42.554551987158128],[-90.609756947993333,42.55375931593219],[-90.609764306496061,42.553197642029929],[-90.609773175230529,42.55279236295933],[-90.60983106936969,42.551825188080969],[-90.609879320389254,42.551185081358781],[-90.609880809156536,42.550843827318687],[-90.609872649358081,42.550663773625999],[-90.609838636080582,42.550297816589094],[-90.609795567284678,42.549988788075844],[-90.609699102298222,42.549668570314509],[-90.609593116248661,42.549348628248097],[-90.609471020884357,42.549037822535851],[-90.609313715072815,42.548705761194277],[-90.609083177198258,42.548251277337961],[-90.608921954757292,42.547928106902262],[-90.608846494634932,42.547782029161283],[-90.608713760739917,42.547507536273613],[-90.60860361021679,42.547292100140076],[-90.60841995452823,42.546924667684699],[-90.608242491828932,42.546576429342025],[-90.608173110864499,42.546437712583682],[-90.608087097711376,42.546235467325687],[-90.607986819035361,42.546005190695439],[-90.60789831956302,42.545751175324007],[-90.607805514722727,42.545467580758661],[-90.607733033807079,42.54521496621939],[-90.607668310742341,42.544937148372874],[-90.60762171494838,42.544671067933486],[-90.60758093921919,42.54438720623687],[-90.607550346666699,42.544121049894621],[-90.607535412289479,42.543819291768067],[-90.607536693358497,42.543538169926542],[-90.607544295975302,42.543291038349551],[-90.607565097841814,42.54295949775171],[-90.607615805903322,42.54261745092883],[-90.607699909526531,42.542211601198161],[-90.607778941150528,42.541901950906784],[-90.607866259917387,42.541621849549266],[-90.607961621721785,42.541346136280147],[-90.608063431467102,42.541116264107032],[-90.608124002696428,42.540966509902049],[-90.608292729905457,42.540622350339092],[-90.608495280618115,42.540258783581379],[-90.608654681581186,42.539984215554817],[-90.608776738498364,42.539779379274734],[-90.608948029007209,42.539492914067679],[-90.609160526710312,42.539124844358405],[-90.609392653054798,42.538716729237862],[-90.609638638454882,42.538295220348132],[-90.609896425653503,42.537852934804164],[-90.610042055655981,42.537603591173735],[-90.610352946620836,42.537067812040625],[-90.610628574877111,42.536609156296059],[-90.610715347222495,42.536479965280265],[-90.610800167783623,42.536356710402195],[-90.610902694678217,42.536202291128568],[-90.611014682197919,42.535991589228459],[-90.611142092177701,42.535721627983115],[-90.611265581550157,42.535460567197489],[-90.611446239785721,42.535111899202235],[-90.611597744925447,42.534850688543926],[-90.611765320876771,42.534596785627429],[-90.611918764877259,42.534331124322762],[-90.612113737025055,42.534014934681871],[-90.612243669889324,42.53379969579985],[-90.612371735167528,42.533597795302427],[-90.612477927196579,42.533409322113059],[-90.612589976866403,42.53320602100397],[-90.612668552752169,42.533057635903504],[-90.612733258234812,42.532924130420483],[-90.612803761436325,42.532768394636122],[-90.612874440277125,42.53263190322668],[-90.612919252949681,42.532508851665632],[-90.613009010470179,42.532277562292961],[-90.613102411403105,42.532009257582025],[-90.613149104307269,42.531874362256794],[-90.61319753110304,42.531711350573843],[-90.613251600810429,42.531512798853463],[-90.613289844776801,42.531332082203875],[-90.613316763638608,42.531220977839752],[-90.613351044852791,42.531044722222717],[-90.613398879210223,42.53082252757001],[-90.613427741876137,42.530535565758193],[-90.6135902480938,42.529430991333278],[-90.61368213492959,42.528820870364576],[-90.613793902676903,42.528098763829959],[-90.613848894810985,42.527721342735767],[-90.613950161088596,42.527012674775861],[-90.614008575824187,42.526609460617799],[-90.61408764786168,42.526069121551473],[-90.614175819728445,42.525521952247665],[-90.61426852281383,42.524875721795397],[-90.614342885195811,42.524416802034786],[-90.61447164557481,42.523519422418417],[-90.614545207283058,42.522979112301705],[-90.614625869472121,42.522414349282236],[-90.614693575915609,42.522024647363928],[-90.614738536560651,42.521747666931404],[-90.614782218113021,42.52142594350191],[-90.614949402011774,42.52072157986423]],[[-90.587168888724747,42.617491087455193],[-90.586666253291938,42.617159372467064],[-90.585543673382304,42.616459143929376],[-90.585472118911369,42.616418200664754],[-90.585380250481577,42.616381116510134],[-90.585287520779275,42.616365326056446]],[[-90.588858065014321,42.619774482722562],[-90.588851457158555,42.619689197138911],[-90.588832123523119,42.61963673051762],[-90.588797215507952,42.619560641059294],[-90.58874884984516,42.619462980165316],[-90.58870561401848,42.619392093711326],[-90.588614097911773,42.619231263690573],[-90.588549468423267,42.619110496708302],[-90.588484151414121,42.618991795512933],[-90.588436627279037,42.618909592860852],[-90.588388398522085,42.618826358156355],[-90.588321696960975,42.618708177294991],[-90.588242415178655,42.618586449718833],[-90.588187849460112,42.618497069583114],[-90.588110781672114,42.618390279930175],[-90.588031733473443,42.618293289534293],[-90.58795623807957,42.618204530028571],[-90.587880173877764,42.618129164798773],[-90.587737083572463,42.617974785556264],[-90.587594819862048,42.617834324633691],[-90.587487931830765,42.617744690164443],[-90.58739293418607,42.617659119221607],[-90.587310626027659,42.617587396886208],[-90.587260699704046,42.617546424924271],[-90.587168888724747,42.617491087455193]],[[-90.588858065014321,42.619774482722562],[-90.58891776557013,42.619916825377089],[-90.58898257480152,42.620053909449695],[-90.589113200762569,42.620328792745681],[-90.589245033229901,42.620625463347551],[-90.589742223440481,42.621728555698319],[-90.590183880969548,42.622682609119863],[-90.59050109143044,42.623369141054845],[-90.59103229802389,42.624506786673933],[-90.59122433478889,42.624926449432401],[-90.591852142163404,42.626280610304413],[-90.591958942655722,42.626508090349972],[-90.592004341923214,42.626592733925847],[-90.592034940831439,42.626653381889867],[-90.592065287542781,42.626688698281122],[-90.592086045811044,42.626706953501973],[-90.592112004428373,42.626729621622445],[-90.592140469716995,42.626747846005671],[-90.592165490523527,42.626762918200399],[-90.592204278190096,42.626782989402287],[-90.592244779242861,42.626802412332992],[-90.59229301744567,42.626823695438773],[-90.592351565934067,42.62684683441104],[-90.592441938170026,42.626879939232815],[-90.59327026160669,42.627193876936303],[-90.593968454280073,42.627464048653493],[-90.594360824626804,42.627600223233216],[-90.59476543419855,42.627711117135462],[-90.595861608423817,42.62798892751541],[-90.596109019730051,42.628052075764373],[-90.596455677281469,42.6281420569331],[-90.597082333019955,42.628303901995196],[-90.597326672767863,42.62836836943422],[-90.598415874338869,42.628656719262835],[-90.599433119650371,42.628928603699521],[-90.600039590067993,42.629090168930887],[-90.600777644864962,42.629288351327368],[-90.601076035242997,42.629370889782059],[-90.601555560917902,42.629498324169028],[-90.602670064249637,42.629788616918106],[-90.602746896182623,42.629809394861795],[-90.602748100601119,42.629809720832903],[-90.602849019964722,42.629835017981065],[-90.603180540138823,42.629922707936615],[-90.603279528318595,42.629948789357016],[-90.603441899693408,42.629996546616894],[-90.603546280356738,42.630027858692188],[-90.603857294957734,42.630130009691499],[-90.603967551266948,42.63016982775185],[-90.604064431331466,42.630206104977589],[-90.604354249648907,42.630324459451266],[-90.604450717120343,42.630364682992813],[-90.604546766785987,42.630408348809347],[-90.604678125286426,42.630468587668055],[-90.60481177819662,42.630536523084153],[-90.605039772431311,42.63065422057246],[-90.605238245494263,42.630767309589743],[-90.60533945185901,42.630825734742686],[-90.605431641321033,42.63088371214797],[-90.605542654206801,42.630956044024451],[-90.605636656340394,42.631017289731872],[-90.605722587374999,42.631071363624045],[-90.606192243541884,42.63139460504955],[-90.606728574996922,42.631733745692053],[-90.60726711491283,42.632093711119545],[-90.607576985723782,42.632301025775917],[-90.607858425542204,42.632486651790039],[-90.608346925690142,42.632814124106872],[-90.608461260213829,42.632889947680624],[-90.608691356474296,42.633049043559261],[-90.608848267516166,42.633148469408745],[-90.609051881221859,42.63327940961198],[-90.609463206018106,42.633549714402044],[-90.609643226259621,42.633674817331368],[-90.60986170714466,42.633814124240807],[-90.610258172523061,42.634077048588097],[-90.610662121899793,42.634347883623043],[-90.610825163771352,42.634453722083926],[-90.610965188319895,42.634544301457332],[-90.611414480004029,42.634845168899517],[-90.611643096206308,42.634989866685473],[-90.612008501511966,42.635235587888694],[-90.612185044033609,42.635348304611107],[-90.612553078339104,42.635588057291585],[-90.612768918300603,42.635730335568176],[-90.61308624069207,42.635940080849714],[-90.613331166130678,42.636101564486857],[-90.613467819701157,42.636189682269169],[-90.6135727242591,42.63626157970176],[-90.613758109993228,42.636383684503002],[-90.61394689176332,42.636508733650807],[-90.614076117057181,42.636592919029155],[-90.614354241457491,42.636781023225453],[-90.614645832467446,42.636969063493154],[-90.614950985471566,42.637170430575999],[-90.615050394965238,42.637231432318551],[-90.615189014442933,42.63731308044072],[-90.615361387283656,42.63740993769764],[-90.615497948682304,42.637488120328101],[-90.615657459672917,42.637575608347731],[-90.615751354910358,42.63762275244386],[-90.615907458724195,42.637704801020099],[-90.616072991025291,42.637789284229626],[-90.616171619211102,42.637838879071751],[-90.616364750849144,42.637926689577192],[-90.616582732285025,42.638012375769613],[-90.616755456388177,42.63807645757327],[-90.616891712130737,42.638123372665035],[-90.617102825109953,42.638195199178632],[-90.617411003567895,42.638292807629341],[-90.617751519202784,42.638396688901118],[-90.618044116317122,42.638482465229444],[-90.618321902376124,42.638565348896016],[-90.618697453154269,42.638677971817977],[-90.618980012791837,42.638767276126053],[-90.619313818064555,42.638871684305748],[-90.619599699076602,42.638957492956543],[-90.619941588236685,42.639063845820516],[-90.620280758363521,42.639167726832788],[-90.620596983926262,42.63926279756442],[-90.62100019678924,42.639384205636702],[-90.621266537408914,42.639464649628351],[-90.621654294433128,42.639585643899984],[-90.621861984411538,42.639649528229619],[-90.62200763146879,42.639694405001244],[-90.622127678944139,42.639733458893673],[-90.622275370820446,42.6397803054547],[-90.622516124923081,42.639855932424162],[-90.622689417193484,42.639908592046055],[-90.622791261965475,42.639942286777526],[-90.622878945349527,42.639971087317193],[-90.622992944273861,42.640010182192434],[-90.623115091887229,42.640056662264165],[-90.623194082243245,42.640089490326929],[-90.623309512326941,42.640137501665279],[-90.623422999482386,42.640192475794997],[-90.623533783616324,42.640245474282949],[-90.623642538281089,42.640297988402388],[-90.623762155098035,42.640360871777212],[-90.623857473930684,42.640413954155918],[-90.623959587930599,42.64047444708752],[-90.624080062047099,42.640554697288927],[-90.624214804939513,42.640651737130412],[-90.624342159079916,42.640747826462515],[-90.6244248426664,42.640814386584886],[-90.624521727796434,42.640889793790748],[-90.624645134988711,42.640994837866849],[-90.624705523248295,42.64105059553939],[-90.624774734193366,42.641115238631784],[-90.624864318180812,42.641199627935599],[-90.624972973338956,42.641307732974184],[-90.625072985451837,42.641427295178921],[-90.625168331835539,42.641549863613243],[-90.625247283212403,42.641646720368072],[-90.625372690955189,42.641817268555783],[-90.625451195742357,42.64193645251558],[-90.625590307009375,42.642131745104223],[-90.625739728057695,42.642350314742451],[-90.625822204694188,42.642464019340082],[-90.625897292222817,42.642576773629692],[-90.626005060357869,42.642731036261679],[-90.626071904561769,42.642826958961962],[-90.626179092375807,42.642990167165365],[-90.626273236007933,42.643126141564608],[-90.626357814164706,42.64324728191005],[-90.626460190538651,42.643400087647933],[-90.626536681833173,42.643518786529299],[-90.626666977395885,42.643707677947987],[-90.626824408898273,42.643920240571056],[-90.626880414754581,42.644006793208369],[-90.62692882737322,42.644074529627325],[-90.626994247962173,42.644162021299877],[-90.627053474008832,42.644235146872887],[-90.627131025125649,42.644325552921444],[-90.627197653422002,42.644399637517175],[-90.62727512018175,42.644481605672375],[-90.627354539985234,42.644557610371571],[-90.627446897936295,42.6446489257293],[-90.627509960767398,42.644703172302201],[-90.627587904679132,42.644765784576606],[-90.627673237859327,42.644826861379983],[-90.627773467677031,42.644900266213391],[-90.627910893723723,42.644993315442619],[-90.628057011837512,42.645083345001183],[-90.628159800707095,42.645141849194424],[-90.628253711724554,42.645188487565036],[-90.628378035941196,42.645249845305408],[-90.628489489182414,42.645301349345552],[-90.628592116657344,42.645344958760269],[-90.628676485837374,42.645376753866046],[-90.628785819719795,42.645418840377225],[-90.628884352302833,42.645455528682511],[-90.628976767502564,42.64548678408741],[-90.629067823264037,42.645515075032542],[-90.629155475198687,42.645540899051888],[-90.629273450598177,42.645572509144039],[-90.629357718180813,42.645595370743116],[-90.629446686505872,42.645616225218127],[-90.629555160281768,42.645639457979613],[-90.629658920591552,42.645662212231755],[-90.629757273760347,42.645681024642464],[-90.629870396081486,42.64569826983935],[-90.629942418435618,42.645706816382436],[-90.63002451845334,42.645714298829233],[-90.630140281605975,42.645726071838666],[-90.630270838892827,42.645738753954255],[-90.630394629979875,42.645747006374364],[-90.630502928900185,42.645752867386371],[-90.630593031863995,42.645754352673165],[-90.630692531750071,42.645753804921675],[-90.630782589682141,42.645750832532521],[-90.630884765228203,42.645748279642305],[-90.630981529184339,42.645743775234926],[-90.631069539265084,42.645737337736072],[-90.631164285496766,42.645732348981184],[-90.631254953991316,42.645723411145966],[-90.631377182537463,42.645709832521128],[-90.631492003960744,42.645694808672651],[-90.631628260213077,42.645672714199591],[-90.631732290465933,42.645655759369703],[-90.63181481044677,42.645638427774159],[-90.631912757338256,42.645617039551297],[-90.632024772197411,42.64559111585627],[-90.632142136035071,42.64556217267436],[-90.632267517532938,42.645528727346409],[-90.632368748142,42.645500368282349],[-90.632524327309852,42.645460298955435],[-90.632661758559678,42.645421824574051],[-90.632798538735656,42.645385325851805],[-90.632905145417908,42.645355459697328],[-90.633078125948245,42.645308836458355],[-90.633268520547276,42.645255668681266],[-90.633407299830651,42.645216690644737],[-90.633546061623875,42.645177208222755],[-90.633685521406889,42.645139207696587],[-90.633868573372069,42.645091041626834],[-90.634038848767176,42.64504245067107],[-90.634147444660627,42.645011581733463],[-90.634354625956931,42.644956328985025],[-90.634633518188082,42.64487784940281],[-90.634717993491634,42.644855047485649],[-90.634850740944955,42.644818082352678],[-90.635010972584411,42.644774012391544],[-90.635162470308018,42.644729990631589],[-90.635296566954267,42.644694998734543],[-90.635455446109134,42.644649945035056],[-90.635592906098168,42.644613448209206],[-90.635700209125361,42.644587538055525],[-90.635772578324179,42.644564307230219],[-90.635858426916059,42.644543478083591],[-90.635940898755393,42.644521677001215],[-90.636027438385582,42.644502834130826],[-90.636131414896582,42.644480913514528],[-90.636240782775189,42.644458962860881],[-90.636310557035969,42.644445670286139],[-90.63638840328079,42.644430846902708],[-90.636479659003513,42.644413958725245],[-90.636576331452346,42.644399525922879],[-90.636637417479648,42.644390748208643],[-90.636728098436961,42.64438330090335],[-90.63680400563203,42.644376917262925],[-90.636929574560554,42.644362323528718],[-90.637020933371247,42.644354367908853],[-90.637110287629255,42.644348413603517],[-90.637225163765549,42.644340327027102],[-90.637344811162734,42.64433718488543],[-90.637431499986363,42.644334217009003],[-90.637544461770531,42.644334579017922],[-90.637676923773697,42.644336822609496],[-90.637777783351694,42.644338251376119],[-90.63788607528349,42.644343601135844],[-90.638007872207353,42.644353846675138],[-90.638116184430942,42.644361177337707],[-90.638216454361554,42.644370551947489],[-90.638326852419979,42.644383832501795],[-90.638451378589281,42.644398520136789],[-90.638567862412359,42.644415242705442],[-90.638668223870511,42.644433549970898],[-90.638785407034817,42.644454230885955],[-90.638920183696342,42.644484755747676],[-90.639046241952968,42.644516806004916],[-90.639174992038548,42.644550831343039],[-90.639254545320256,42.64457173073324],[-90.639344895770179,42.644597531898548],[-90.639443364966652,42.644628745072218],[-90.6395694949898,42.644667746679445],[-90.639680813927171,42.644705344927416],[-90.639791475384953,42.64474543228603],[-90.639879224077063,42.644779181497739],[-90.639972418408064,42.64481936624496],[-90.640105446233562,42.644876691155012],[-90.640245980291667,42.644943907141347],[-90.640366959177783,42.645006261173748],[-90.64045891418256,42.645056376627565],[-90.640563689458119,42.64511237302618],[-90.640665120646617,42.645169378646749],[-90.640762531772509,42.645226901970865],[-90.640855956568359,42.645289418605593],[-90.640943242695045,42.645344521873966],[-90.64103398725149,42.645408530276825],[-90.641105153009377,42.645464218933164],[-90.64119602737172,42.645539645585764],[-90.641302451792725,42.645625413604918],[-90.641384539913346,42.645696926825593],[-90.641478891833117,42.645784248193735],[-90.641587658154336,42.64590077497747],[-90.641680826957071,42.646003484372557],[-90.64176185285973,42.646103298872866],[-90.641827209549263,42.646182344127759],[-90.641884447308243,42.646255977440866],[-90.641950592531188,42.646346428303573],[-90.642013417266384,42.646441373520176],[-90.642070204073221,42.646536352542235],[-90.642105776752402,42.646595716213646],[-90.642161271061838,42.646696655135486],[-90.642207868276387,42.646781767029516],[-90.642236811777963,42.646850092372297],[-90.642273319209437,42.64693625141912],[-90.642319541959409,42.647050147266683],[-90.642360421175013,42.647167549218665],[-90.642396648129207,42.647290434636446],[-90.642409915294451,42.647338513188096],[-90.64243522508815,42.647446069238271],[-90.642461512442537,42.647583410326277],[-90.642481017217008,42.647714827736962],[-90.642501819944926,42.647840780467675],[-90.642517154374602,42.64795931623069],[-90.642535338038456,42.648092731270779],[-90.642547083038778,42.648188457961332],[-90.642567873778034,42.648314401731049],[-90.642585034230919,42.648413574198955],[-90.642596605664679,42.64849242535913],[-90.642615789185214,42.648592577086887],[-90.642632144029832,42.648679839654221],[-90.642652638929206,42.648777012168217],[-90.642677117384665,42.64886770531416],[-90.642699436074565,42.648946496163276],[-90.642721797616318,42.649028258614038],[-90.642742662189306,42.6490961428254],[-90.642762138958389,42.649159568042109],[-90.642788538448286,42.649241307820063],[-90.64281288241304,42.649320087277594],[-90.64284137472329,42.649410757856252],[-90.642878055215604,42.6495123062654],[-90.642912590029212,42.649600952675854],[-90.642951395973498,42.649713403913644],[-90.642992099254187,42.649813434773215],[-90.64303476947255,42.649908987799272],[-90.643076062135705,42.650001072380341],[-90.643115296084915,42.650088701726517],[-90.64317304331648,42.65021246563775],[-90.643222568685786,42.650320885118063],[-90.643266455524099,42.650403021884358],[-90.643324136811074,42.650520329069934],[-90.64336944266644,42.650609914458265],[-90.643430983171029,42.65070982811659],[-90.643479505930159,42.650785995062996],[-90.643525390967909,42.650866634575259],[-90.643579319292883,42.650945247649439],[-90.643610074489786,42.650993714081913],[-90.643646962385901,42.651050088983396],[-90.643694230785044,42.651134701124384],[-90.643742656874579,42.651201430632575],[-90.643809522110089,42.651295856763134],[-90.643879104000789,42.651392248814354],[-90.643945273054399,42.651484193231042],[-90.643997003275189,42.651545941971094],[-90.644065955849655,42.651646317914576],[-90.644138176271852,42.651738228192329],[-90.644209029339194,42.651827660568323],[-90.64427783197111,42.651914627892616],[-90.644332981194381,42.651981328334266],[-90.644397589296872,42.652051938001783],[-90.644496254455106,42.652164547234662],[-90.644588068019218,42.652265775841045],[-90.644689356242068,42.652372417445953],[-90.644813737061554,42.652501253841081],[-90.644960440586459,42.652643869054948],[-90.645062236867261,42.652734621596238],[-90.645161385494816,42.652828865115303],[-90.645268623869214,42.652925539516609],[-90.645373137721904,42.653018266704372],[-90.645444377629005,42.653079904857151],[-90.645552190334627,42.653167146897268],[-90.645666095387995,42.653258325961978],[-90.645817997793117,42.653383043659048],[-90.645916338953768,42.653463890744277],[-90.646068841378337,42.653581652403716],[-90.64623356656206,42.653709773379987],[-90.646324431518821,42.653783700962713],[-90.646448448547659,42.653876812419945],[-90.646567731128997,42.653967464920328],[-90.646696519637572,42.654066501869075],[-90.64683477108062,42.654170942626124],[-90.646969745257678,42.654282849345776],[-90.647143265746365,42.654416376708035],[-90.647286294691952,42.654527237924881],[-90.647368303655199,42.654589318323403],[-90.647473384307673,42.654672602501527],[-90.647565534280545,42.654739578512249],[-90.647663165724495,42.654817447236269],[-90.647752000547911,42.654889412922913],[-90.647839411150173,42.654953443664809],[-90.647949217620649,42.655038186595903],[-90.648111290430677,42.65516979599122],[-90.648257736393674,42.655285103416212],[-90.648337071714934,42.655349179470342],[-90.648509896126981,42.655479727821643],[-90.648651613866434,42.655593089278902],[-90.648853028265634,42.655756723841755],[-90.649014949962904,42.655873437553176],[-90.649160710987402,42.655988261385147],[-90.649261718748946,42.65606660489982],[-90.649385109768303,42.656163183830394],[-90.649483387590664,42.656237075851344],[-90.64958977977065,42.656316883471739],[-90.649684685685372,42.65639029913099],[-90.649792527401658,42.656478032260694],[-90.649906424069741,42.656567225862531],[-90.650007433611492,42.656645559694162],[-90.65011591964975,42.656731811942514],[-90.650187798127163,42.656789472009109],[-90.650318652627888,42.656892464561793],[-90.650419704695949,42.656974778251566],[-90.650531615938462,42.657066459031064],[-90.650619494763916,42.657137383240219],[-90.650648250435609,42.657160589407873],[-90.650788545859456,42.657265518026115],[-90.650894979491497,42.657347800716678],[-90.651040783590219,42.657466089024922],[-90.651158825708265,42.657565181956208],[-90.651294574071301,42.65768551732971],[-90.651406565610273,42.657784644401623],[-90.651522026563967,42.657894666396949],[-90.651600140468915,42.657969661869089],[-90.651776019923574,42.658135525749131],[-90.651903163668663,42.658268210970903],[-90.652043440511207,42.658408286922132],[-90.652204616108605,42.658599476470805],[-90.652324752188107,42.658761937541847],[-90.65253679787736,42.659054726067353],[-90.652643193331983,42.659201676399732],[-90.652741862942392,42.65933085761317],[-90.652864323656829,42.659498320957127],[-90.65295553563675,42.659635334308852],[-90.653088220091064,42.659843381310857],[-90.653181056730503,42.659990966767744],[-90.653237749745344,42.6600741612368],[-90.653340919370834,42.660200533526343],[-90.653399753919757,42.660271468109507],[-90.653467746624358,42.660352373628697],[-90.653541738214727,42.660429354471319],[-90.65360264956675,42.660483013403201],[-90.653711498392212,42.660574825554633],[-90.65380809941837,42.660650560503051],[-90.653907755678517,42.660729060652173],[-90.653988345233671,42.660788181496237],[-90.654109994999004,42.660877686797107],[-90.654209564389063,42.66094782999911],[-90.654312141896071,42.661017406591128],[-90.654417669068209,42.661080842446154],[-90.654519350293455,42.661137050687515],[-90.654643782109417,42.661203161038436],[-90.654737847022062,42.661253288816923],[-90.654856902765744,42.66131052314573],[-90.654975923084294,42.661365524169341],[-90.655155483709962,42.661437442528978],[-90.655353156975835,42.66150980632478],[-90.655544639106139,42.661567733245633],[-90.655687619400695,42.661604783376546],[-90.655839635506695,42.661640106559211],[-90.656012783616504,42.661676416209339],[-90.656207063868749,42.661713721235849],[-90.656447414030225,42.661755219695102],[-90.656591714918761,42.661773889750997],[-90.656732901953063,42.661784211296222],[-90.656918657584754,42.661799851540927],[-90.657111930649734,42.661812107292768],[-90.657352692167663,42.661820749147893],[-90.657630393453246,42.661827503397966],[-90.657850767876113,42.661834036867106],[-90.658127701104405,42.66183968663627],[-90.658366176265972,42.661845556773336],[-90.658565512369307,42.661861116294233],[-90.658673518578809,42.661872184546382],[-90.65877695660788,42.661880496244862],[-90.65889100256733,42.661891538563154],[-90.659000539016816,42.661905380427967],[-90.659100301548293,42.661921511807783],[-90.659178872873852,42.661932199599747],[-90.659314133268438,42.661952016926776],[-90.65945771376461,42.661975136270833],[-90.659571091773685,42.661994529925657],[-90.659683695669216,42.662012252889021],[-90.659797882837026,42.66203776545084],[-90.659916614462063,42.662064926755775],[-90.660051999107594,42.662096440737514],[-90.660210873394149,42.662138400731621],[-90.66034328590348,42.662173830912245],[-90.660496138692736,42.662217500258031],[-90.660640718770651,42.662262324795684],[-90.66079213597834,42.662312116810256],[-90.660938282103132,42.662363055728456],[-90.661088991002487,42.662416201509899],[-90.661214714217451,42.662462800175362],[-90.661340508900466,42.662514972740453],[-90.661470144831469,42.6625738051222],[-90.661602085875941,42.662635965111171],[-90.661757534827572,42.662710236726973],[-90.661878141747437,42.662771345180779],[-90.662071613421702,42.662873241901615],[-90.662259045943259,42.662975164202116],[-90.662388057310537,42.663046255735217],[-90.662388505692149,42.663046538619149],[-90.662460228336286,42.663091784824154],[-90.662527102350495,42.663134885981826],[-90.662615607538257,42.663196053236383],[-90.662747224627694,42.663281475167146],[-90.662881056790525,42.663373215044935],[-90.663074297692518,42.663510476278674],[-90.663402552267186,42.663750528445341],[-90.663753468972956,42.664005478647525],[-90.663900362778904,42.664116908865076],[-90.664264249846767,42.664382859162025],[-90.664721036901966,42.664718629766185],[-90.664982300151962,42.664903726832542],[-90.665349383894281,42.665166485118327],[-90.665572990534073,42.665337561729729],[-90.666110424374921,42.665733672720371],[-90.666865545294016,42.666278898059659],[-90.667540358562562,42.666761259227471],[-90.668362049311412,42.667351087436707],[-90.669439790482258,42.668135509754428],[-90.670472135771732,42.668882238068456],[-90.671433258802892,42.669578763189001],[-90.671735662055724,42.669799967960962],[-90.672607278739136,42.670427746168578],[-90.673294815166813,42.670922795184943],[-90.673833538909321,42.671314052901536],[-90.674628607615716,42.671888907855418],[-90.675306801189748,42.672384855187161],[-90.67560706144495,42.672617499292521],[-90.675703989311728,42.672692178002144],[-90.675772598620085,42.672750588555488],[-90.675853069480198,42.672820177022615],[-90.675915802753707,42.672876893091228],[-90.675991613238978,42.67294997609784],[-90.676087520492231,42.673038493034959],[-90.676153846659858,42.673101248503698],[-90.676247439549357,42.673192381570971],[-90.676332791723908,42.673280969616485],[-90.676433620651906,42.673391088542779],[-90.676757925541139,42.67378620089687],[-90.67684695334377,42.673889463897922],[-90.676932347219477,42.673982851198247],[-90.677027651821604,42.674101026181397],[-90.677161691971349,42.674291016532464],[-90.677361034153989,42.674591848177037],[-90.677463364137665,42.674742042810614],[-90.677758812049873,42.675211760985277],[-90.677987438618047,42.675570945293003],[-90.678285588041248,42.676063891172006],[-90.678602641612542,42.676578733801762],[-90.678835472238319,42.676981244131575],[-90.678999909497776,42.677267186316847],[-90.6791371089233,42.67753539571919],[-90.679275313838502,42.677895806789195],[-90.679347380317168,42.678091475210501],[-90.679420216460983,42.678356625818566],[-90.679453417890784,42.678494727072732],[-90.679474983008689,42.678590931490596],[-90.679511061196905,42.678820521018224],[-90.679554421683974,42.679120256550107],[-90.679566386840619,42.679619020759716],[-90.679559253613689,42.680076616813572],[-90.679547268506397,42.680431722501005],[-90.679519473664598,42.680962367953278],[-90.679514147958798,42.681243129343272],[-90.679518694783326,42.681490115401701],[-90.679521793803119,42.681688245966363],[-90.679542007634637,42.681917938476623],[-90.679558359116527,42.682048574919669],[-90.679576288295237,42.682153734325837],[-90.679602809677249,42.682276736760059],[-90.679648355678353,42.682434036477616],[-90.679688101875428,42.682572098730255],[-90.679718898755496,42.682660665587335],[-90.679742870771221,42.68272107658813],[-90.679772557439179,42.682791765013327],[-90.679823229177373,42.682906374983183],[-90.679880518046147,42.683027816879452],[-90.679946254995386,42.68315608882866],[-90.680047796713453,42.683317180490299],[-90.680153306411427,42.683499573612679],[-90.680240471529444,42.68362497145182],[-90.680345374187439,42.68375163271147],[-90.680473807534099,42.683898119364819],[-90.680562161510863,42.683999248965982],[-90.680562429504747,42.683999534650397],[-90.680695243870176,42.684141024861745],[-90.680796518215999,42.684247120596666],[-90.680862221434452,42.684320593492181],[-90.680947249956319,42.684409945299862],[-90.680947284535051,42.684409982017002],[-90.680954127808064,42.684417171880938],[-90.681044104466565,42.68450691745894],[-90.681156603860799,42.684622519012663],[-90.681265435289831,42.684740879952123],[-90.681332737863585,42.684810038411186],[-90.68133293785786,42.684810244348924],[-90.681478363215149,42.684964193421813],[-90.681635371289687,42.685115731939142],[-90.681778222487779,42.685241769771856],[-90.681996870615521,42.685406305095604],[-90.682077353733888,42.685462596768531],[-90.682139167953579,42.685503906285732],[-90.682186455326942,42.685535071998572],[-90.682188508466183,42.685536298932455],[-90.682286925374072,42.685595116865564],[-90.682377426607616,42.685647587039128],[-90.68240701880255,42.685664743698879],[-90.682572962929612,42.685752436960556],[-90.682602343290597,42.685767963028695],[-90.682682685169283,42.685807919072261],[-90.682799880645419,42.685862523518104],[-90.682957337487579,42.685927496315948],[-90.683091139339766,42.685976976358397],[-90.683211246161065,42.686019828806934],[-90.683373866531255,42.686072486681368],[-90.683524256570735,42.686115167130879],[-90.683689757503728,42.686155514811205],[-90.683826403620358,42.686187101028558],[-90.683973570977855,42.686211915134507],[-90.684128281691159,42.686234459630583],[-90.684290572271351,42.686256949629637],[-90.684425521452511,42.686272902655531],[-90.68458164775987,42.686285378898305],[-90.684752897073338,42.68629663883064],[-90.684924109742212,42.686304557672777],[-90.685090757282467,42.686311377871441],[-90.685255854437415,42.686313740357832],[-90.685422563442359,42.686325035456363],[-90.685555294776435,42.686336740804251],[-90.6857919506229,42.686352794886773],[-90.685913302023565,42.686362082425191],[-90.686018534726728,42.686370835985947],[-90.686120455199656,42.68638585913093],[-90.686215542634358,42.686397798200908],[-90.686322553161645,42.68641279967747],[-90.686461816398733,42.686431354069519],[-90.686607053149174,42.686453627792858],[-90.686789734456767,42.686487564129237],[-90.686935102422609,42.686521723953682],[-90.687070256355497,42.686552819940694],[-90.687434309860521,42.686655730222903],[-90.687637686088237,42.686722068987606],[-90.687772115809167,42.686763795021143],[-90.688046340362419,42.686870997998305],[-90.68826778200048,42.686960371341378],[-90.688398985232055,42.687017137252013],[-90.688543899958688,42.68708632927428],[-90.688716137209241,42.687173493974832],[-90.688837277218013,42.687239694646152],[-90.688961025612045,42.687312147349544],[-90.689064357455862,42.687378454890634],[-90.689246300487142,42.687498718767564],[-90.689365966394121,42.687584947041479],[-90.689541234742592,42.687715264765785],[-90.689716704374987,42.687863709140146],[-90.689850265052272,42.687979886678924],[-90.690004513197678,42.688126585260775],[-90.690112495669965,42.688240061813815],[-90.690781692357774,42.687924328578781],[-90.691101887386012,42.687851010269739],[-90.691281199318766,42.68784470503342],[-90.691412340865057,42.687856971523203],[-90.691538826293794,42.687875362717861],[-90.691662914820938,42.687891156642387],[-90.691665956324854,42.687891663298785],[-90.691854455215662,42.687923077188742],[-90.692013290650053,42.687963015409188],[-90.692020482345796,42.68796482349731],[-90.692183064377033,42.688001907507619],[-90.692361379892674,42.688040827872136],[-90.692817880453831,42.688140465001716],[-90.693465861697177,42.688289178554363],[-90.693948548917803,42.688391782048285],[-90.694447999483586,42.688502179722356],[-90.694880514159152,42.68859452897528],[-90.695543225162126,42.688700419164121],[-90.695750971586889,42.688732576984947],[-90.696020694560715,42.688762592760256],[-90.696481174150833,42.688797598932233],[-90.696833080512661,42.688823600888639],[-90.697619300309512,42.68888828378104],[-90.698220403817729,42.688920670326674],[-90.698659239667236,42.688939094415829],[-90.699176578306478,42.688942097492586],[-90.699729511450414,42.688930805154719],[-90.700195261948366,42.688903337871395],[-90.700745547430188,42.68886831824274],[-90.701211225395824,42.688835570033049],[-90.701855676919863,42.688801724641529],[-90.70227378712562,42.688778061972563],[-90.703007705894493,42.688749812306291],[-90.703378186948257,42.68873083261856],[-90.704044452331431,42.688728504391747],[-90.704482084394215,42.688745157491432],[-90.704942727314929,42.68879420427232],[-90.705459545004757,42.688856969869811],[-90.705855776139373,42.688916938026729]],[[-90.705855944882742,42.688916963102876],[-90.706501362727039,42.689073012175008],[-90.707038118083858,42.689211276073543],[-90.70755575203917,42.689345251867508],[-90.707660941327617,42.689370979224961],[-90.707758948035206,42.68939499569013],[-90.708102000719975,42.689467494333947],[-90.708212766663848,42.689488701956755],[-90.708324016979915,42.689508483603895],[-90.70882860857283,42.689593472183134],[-90.710205735559512,42.689825362247909],[-90.71040956148434,42.689869215945741],[-90.710566760926312,42.689893204174922],[-90.710757694123927,42.689907959332551],[-90.710899503796782,42.689900145032546],[-90.711003614608558,42.689883559048809],[-90.711832007294831,42.689681536049321],[-90.712011581080304,42.689606933949889],[-90.71219490070807,42.689532318183858],[-90.712533682919556,42.689410969064447],[-90.71284435859981,42.689296737123797],[-90.713058589644305,42.689212913063969],[-90.713218505276132,42.689144673174766],[-90.713331521265218,42.689085046252238],[-90.713376219214013,42.689049412186861],[-90.713445869363269,42.688977573569098],[-90.71349130082298,42.688923914832763],[-90.713556357999337,42.688779313091523],[-90.713619780977083,42.688573024632149],[-90.713671493140225,42.688411188331244],[-90.713746812064016,42.688177791078346],[-90.71383325816025,42.687931158342209],[-90.713897056157791,42.687758836213263],[-90.713988843463483,42.687568319518697],[-90.714072009692075,42.687445794192193],[-90.714217522782576,42.687269504299564],[-90.715468802293444,42.685847503023439],[-90.715750915302564,42.685538642933487],[-90.716062438737424,42.685174133216073],[-90.716488242179835,42.684696608871043],[-90.716859275875677,42.684276962040293],[-90.717157968424431,42.683940960044957],[-90.717673547027786,42.683347093955931],[-90.717783030850597,42.683225787816795],[-90.717912986017041,42.683087711040478],[-90.718142023746992,42.682904651691125],[-90.718651062872311,42.682560392502751],[-90.71931323710551,42.682131976351975],[-90.719944026105324,42.681753671305216],[-90.72019406809882,42.681600977553082],[-90.720604671814129,42.681357145859018],[-90.72094986949881,42.681145621983987],[-90.721236907704466,42.680942775392801],[-90.72163105504508,42.680577045606121],[-90.721967073531346,42.680222766658126],[-90.722503555357221,42.679655087979192],[-90.722847049835437,42.679297994548236],[-90.723216808505896,42.678937951533925],[-90.724534580655813,42.678013175014868],[-90.72486446922457,42.677780933289199],[-90.724992934625106,42.677678908790654],[-90.725330907949512,42.676849050002112],[-90.725483568501261,42.676404416149559],[-90.725567560723889,42.676194532285628],[-90.72572958263855,42.675747065053372],[-90.725972626924971,42.675023739547889],[-90.725973594181625,42.675020860648701],[-90.726015210185508,42.674901021257],[-90.726015373143767,42.674900551935806],[-90.726058085102096,42.674777580655594],[-90.726058770907585,42.674775581580249],[-90.726355506682182,42.67391089245308],[-90.726684274943651,42.672939666218284],[-90.727169382162273,42.671599344669247],[-90.727832121335041,42.669866222760746],[-90.727902714898519,42.669717416711798],[-90.728297873624626,42.669045243004099],[-90.728394733115238,42.668892811498736],[-90.728519273506279,42.668697913778821],[-90.728612304723924,42.668540652434984],[-90.728671956227103,42.668419652590124],[-90.728749001810471,42.66826041253286],[-90.728899892441362,42.667909370516341],[-90.728976195744394,42.667605253630782],[-90.729028697549381,42.667436461566517],[-90.729076238187403,42.667324544123929],[-90.729190944730888,42.667171998311694],[-90.729245705973014,42.667116193482485],[-90.729341677839074,42.6670490313968],[-90.729467500434595,42.666964352447621],[-90.729659135803644,42.666884099150998],[-90.729849114612861,42.666823965497379],[-90.730025425690712,42.666799274452181],[-90.730278885121564,42.66678517716236],[-90.730664031654769,42.66678618824794],[-90.731056735212519,42.666790616948845],[-90.731277983638719,42.66679098601719],[-90.73131506278348,42.666791048283336],[-90.731631491083277,42.666792764979434],[-90.732230723987513,42.666798905225711],[-90.732561948509783,42.666808431647276],[-90.733067068154568,42.666856729994898],[-90.733586196897463,42.666946488035897],[-90.734380651854096,42.667081037641658],[-90.73496972177476,42.667180319140641],[-90.735933421365544,42.66734036533348],[-90.736380284372686,42.667413959701882],[-90.736910704518706,42.667505296094902],[-90.737529074825716,42.667606041943671],[-90.738197169460236,42.667719765221001],[-90.738824541527293,42.667818780028064],[-90.739429449496043,42.66792292548319],[-90.740210389065737,42.668055846810134],[-90.740873990586721,42.668169583487362],[-90.741433736173036,42.668264041286953],[-90.742097349553035,42.6683794278118],[-90.742738281616084,42.668481656354764],[-90.743162568119843,42.668548724515873],[-90.743896009077702,42.668663647559598],[-90.744559293807711,42.668750762514406],[-90.745134648887159,42.668830142521458],[-90.745786475535994,42.668900700649218],[-90.746066231879681,42.668937116472918],[-90.746497471603774,42.6690207422211],[-90.746942658349425,42.669140846940195],[-90.747184742510044,42.669229035435016],[-90.747562853104725,42.669391135861979],[-90.747891675045437,42.669573504147031],[-90.74853265345206,42.670053050445695],[-90.748831462258309,42.670363607989927],[-90.749191723192084,42.670725292572058],[-90.74946764503791,42.671004415646841],[-90.749866713183195,42.671409070764675],[-90.750215283114557,42.671734257057771],[-90.750456564234184,42.671942127545094],[-90.750872868201085,42.672280169209309],[-90.751400274024888,42.672677322430836],[-90.751724909860812,42.672884643385295],[-90.752330938185082,42.673262995018263],[-90.752821161811084,42.673563972470319],[-90.753238703139388,42.673815553079123],[-90.753676718516871,42.674083630676222],[-90.754259438713305,42.674395628439164],[-90.755113046616586,42.674752387422735],[-90.755450461137031,42.674908471011456],[-90.755927496683839,42.675209558048095],[-90.756466193821097,42.675715868357273],[-90.756656194972066,42.675958285289219],[-90.756850923090781,42.676275308560733],[-90.756974204451907,42.676523794225574],[-90.757117313750641,42.676834124796486],[-90.757280007289651,42.677185165805319],[-90.757390048615548,42.677443599573074],[-90.757537341234666,42.677783476083029],[-90.757649254418155,42.678039087466189],[-90.75778257019428,42.678328345905015],[-90.757863145940291,42.678517955676114],[-90.757994564880775,42.678808640260783],[-90.758100535358693,42.679045973223737],[-90.758220212874136,42.679311384653552],[-90.758324354636272,42.679555771818421],[-90.758396951131189,42.679717264689863],[-90.758486634001812,42.679871602043463],[-90.75857031446381,42.68000204236948],[-90.758671000423391,42.680119681204125],[-90.758796557348504,42.680239982929805],[-90.758923903551874,42.680351816465844],[-90.759075937141546,42.680452220339376],[-90.759225935047112,42.680542776445336],[-90.759431482127439,42.680648462592139],[-90.759569569877414,42.680701066851952],[-90.759807226807411,42.680778361082659],[-90.760216933086511,42.680875649054286],[-90.760383127872018,42.680885811835019],[-90.760675304982854,42.680893732945627],[-90.761053039522338,42.680874320446947],[-90.761150309878886,42.680866631798004],[-90.76150069177524,42.680795284576334],[-90.761862021820519,42.68068302338451],[-90.762120214102367,42.680565809864227],[-90.762385585597031,42.68041193148985],[-90.762644525588144,42.680200342850121],[-90.762793549814589,42.680054280439165],[-90.762938408624649,42.679880067268293],[-90.763086919357193,42.679693158798138],[-90.763226156165359,42.679527438902142],[-90.763350452232928,42.679388582843792],[-90.763562515987402,42.679247727747018],[-90.76380159441554,42.679129232967952],[-90.764050526238819,42.679036022537531],[-90.764364675183998,42.678969131822619],[-90.764677368664849,42.678938875463388],[-90.765102566642156,42.678899419640878],[-90.765359797253993,42.678861075675485],[-90.76564710790089,42.678784508714898],[-90.765943442561593,42.678665626732034],[-90.766199616167199,42.678541375165629],[-90.766577242225154,42.678358557799449],[-90.767004176197304,42.678150067453892],[-90.767345717786725,42.677982987690129],[-90.767820046939974,42.677747412335535],[-90.768328644956085,42.677505967688219],[-90.768636155158745,42.677365867774391],[-90.769094160071447,42.677200819949427],[-90.769642081647476,42.677052069554328],[-90.770051578951026,42.676978894081437],[-90.770417543435656,42.676935584125509],[-90.771121398073376,42.6768942314133],[-90.771575760156622,42.676898214060557],[-90.772102597280394,42.676897482807377],[-90.77274981802789,42.67690719397401],[-90.773181640390249,42.676940905486248],[-90.774313660867492,42.677100869726637],[-90.775893195253772,42.677326801715672],[-90.77710553722909,42.677497460152154],[-90.778088537834307,42.677644313286557],[-90.779776108798714,42.677923509839552],[-90.780705298524751,42.678077225902825],[-90.781026929238863,42.678152489874087],[-90.781413638561034,42.678241411658668],[-90.781765764901081,42.67831225091971],[-90.782319014016522,42.678438045230713],[-90.782874110832722,42.678558204784586],[-90.783230065889754,42.67863041822995],[-90.78361279643913,42.678705266126357],[-90.783868965701387,42.678735906242252],[-90.784069642295236,42.678754254872217],[-90.784289340859246,42.678768240309012],[-90.784577642613684,42.678773308256858],[-90.784917477047259,42.678776617499103],[-90.785619881229252,42.678770397241863],[-90.786431108356595,42.67876623530374],[-90.786774638260525,42.678759652608854],[-90.787234761131629,42.678766352275119],[-90.787668702766851,42.678815475067267],[-90.788068628683476,42.678891603684711],[-90.788549042980407,42.679011646129226],[-90.788841048139474,42.679162702484732],[-90.789078371120368,42.679289342583488],[-90.789324668408298,42.679426781010882],[-90.789768088333304,42.679773742359842],[-90.790040240505164,42.680091452800625],[-90.790169001410831,42.680253610579719],[-90.790301584775165,42.680485317626214],[-90.790389094862263,42.680647767855433],[-90.790494994129006,42.680866618786268],[-90.790609797504061,42.681089748814692],[-90.790663984112172,42.681180681804747],[-90.790748113690995,42.681308366732431],[-90.790835157414321,42.681433861143887],[-90.79091002571387,42.68152900088608],[-90.791011745966131,42.681650044148924],[-90.791095297784494,42.681732083800846],[-90.791199960071637,42.681853106572184],[-90.791417582521817,42.682051615821464],[-90.791498016227692,42.682120627714035],[-90.791679179080944,42.682232422054774],[-90.791860342696907,42.68234422510622],[-90.79241210553883,42.682633899290813],[-90.792610474431214,42.682708614450164],[-90.792912390044478,42.682815230517953],[-90.793335221692786,42.682929698701997],[-90.79368695202659,42.683014228360456],[-90.794257238884484,42.683138540958879],[-90.794821660743267,42.68326507074589],[-90.795120225419751,42.683339086232948],[-90.795478077282439,42.683440957544093],[-90.795830272700954,42.683562427023517],[-90.796064324220467,42.683660806915249],[-90.796399237796095,42.6838128333995],[-90.796802844917565,42.684036128029277],[-90.797016884365334,42.684182473482302],[-90.797343995083253,42.684414988767529],[-90.7977734865419,42.68481854331533],[-90.797902192824878,42.684974180721944],[-90.798066747292097,42.685168697185361],[-90.798219747207426,42.685380683579005],[-90.798473218572568,42.685844159886891],[-90.798534151367761,42.686000259975806],[-90.798586052833912,42.686141212679154],[-90.798659946527167,42.686388538250732],[-90.798723164159739,42.686722895458459],[-90.798771093145504,42.687013880608419],[-90.798822700668509,42.687361367676928],[-90.798884973072475,42.687621814078824],[-90.799012768133835,42.687936160656278],[-90.799139350452464,42.688154849978943],[-90.799328406933867,42.688420940469818],[-90.799441973708866,42.688544063723548],[-90.799617971131994,42.688710238659823],[-90.799876984642523,42.68891496256569],[-90.800147539812301,42.689100036276137],[-90.801430395231151,42.689860677408639],[-90.801635353557828,42.689976982074342],[-90.80190663691036,42.690142927791953],[-90.802225403203096,42.690333107332677],[-90.802560624296547,42.690508842920181],[-90.802884025708209,42.690627349320529],[-90.80311247812314,42.690699430790644],[-90.803496597157334,42.690792942685945],[-90.80376069877309,42.690832028751487],[-90.804080344127328,42.690874821805494],[-90.804647137941231,42.690932241015872],[-90.806867121120419,42.691162258259162],[-90.808675866721387,42.691346011568285],[-90.809203788733271,42.691401638398339],[-90.809784352103364,42.691450757887679],[-90.810142645114709,42.691476879752628],[-90.810639707079815,42.691506115967357],[-90.811225094893416,42.691499918216955],[-90.811660671573009,42.691494788180492],[-90.812614915446801,42.691473694414903],[-90.812951319805293,42.691490335895899],[-90.813449359754784,42.691526117985376],[-90.813905388874289,42.69161202389386],[-90.814265338381574,42.691688119643686],[-90.815070594920513,42.691844941569094],[-90.815483957567821,42.691928515183264],[-90.81582275723531,42.69201785961404],[-90.816098948189222,42.692074887126758],[-90.816615670299626,42.692181314579351],[-90.817269700260169,42.692323466478605],[-90.817661742676506,42.692407193346497],[-90.818260528355708,42.69253662192353],[-90.818766773570133,42.692656226508319],[-90.819239716911568,42.692810152868439],[-90.819550769111274,42.692950808933006],[-90.819880265982917,42.693142464452997],[-90.820151093269331,42.693331911326439],[-90.820398703578149,42.693512355348162],[-90.820624782514969,42.693677211479084],[-90.820899285141181,42.693875814936291],[-90.821180405191853,42.694036340061189],[-90.821568234782205,42.694203978940777],[-90.821894979310201,42.694320921623451],[-90.822389147617585,42.694465505998721],[-90.822972443672825,42.694631727479035],[-90.823439817951353,42.694766017422324],[-90.824226564635794,42.694996311680022],[-90.82473672284307,42.695140770829205],[-90.825664279415079,42.695401506394546],[-90.826039273120813,42.695537757393247],[-90.826432598528186,42.695715822488701],[-90.826731554918055,42.695880140611877],[-90.827052604720976,42.696101987618412],[-90.827232587265001,42.696272413641879],[-90.827408971422656,42.696440244771807],[-90.827611297209373,42.696687847961158],[-90.827747190375732,42.696883491910015],[-90.827829587553083,42.697066419355792],[-90.827937827741835,42.69730697519568],[-90.82798432348865,42.697443315452155],[-90.82800485088967,42.697505205896711],[-90.82802710894417,42.697598107746309],[-90.828043963040656,42.69767940455651],[-90.828110366308309,42.698126767583226],[-90.828136833679395,42.698338862665103],[-90.82816080530975,42.698560665686372],[-90.828190914762629,42.69884834450226],[-90.82822527683615,42.699159253725],[-90.828262470234051,42.699485658904081],[-90.828283736492935,42.699800544140309],[-90.828314663193993,42.70005041191078],[-90.828335844578888,42.700260599916682],[-90.828353485953386,42.7004010299881],[-90.828372935513912,42.700578279420142],[-90.828394232703033,42.700796229288187],[-90.828414237287859,42.701016124672684],[-90.828443378675104,42.701329980243273],[-90.828455183048064,42.701624581385403],[-90.828459685314783,42.701864941256581],[-90.828463800426675,42.702075261619321],[-90.828475420651074,42.70245516400464],[-90.828473350220236,42.70279347900734],[-90.828469720392221,42.703014517850285],[-90.828474608919223,42.703282989988594],[-90.828499336124793,42.703463109905918],[-90.828542074890834,42.703613048223289],[-90.828587761038762,42.703787198951993],[-90.828659527082024,42.703945653532713],[-90.828712275705229,42.704057714338127],[-90.828797217958893,42.704218982258965],[-90.828911083849675,42.704380040790724],[-90.829056654584264,42.704554431970131],[-90.829220508620182,42.704719009699076],[-90.82941858903655,42.704888175282541],[-90.829512830103397,42.704957284362827],[-90.829800531061423,42.705144226285213],[-90.830028212447971,42.705266654027575],[-90.830258492407054,42.705385181114863],[-90.830422456625982,42.705459602438928],[-90.830662798703742,42.705545104703553],[-90.831206918433622,42.705740835689632],[-90.831906914811341,42.705995543569706],[-90.832646496337432,42.706261585455067],[-90.833444348801962,42.706560149575637],[-90.83409147789439,42.70679196758757],[-90.834218377456466,42.706845319388464],[-90.834735505199149,42.706986954123593],[-90.83506249161583,42.707064061899395],[-90.835389230942695,42.707121772746056],[-90.835523695606938,42.707151815777557],[-90.835965746685488,42.707183486404261],[-90.836473315632986,42.707201105597697],[-90.836770207420997,42.707189247048625],[-90.837135149294369,42.707155556398661],[-90.837436873813104,42.707112636934966],[-90.837722744969582,42.707064015094097],[-90.838175873425456,42.706942440040358],[-90.838474266727943,42.706847202395942],[-90.838803909052402,42.706730410155693],[-90.839632898691974,42.706410260992442],[-90.840294615021563,42.706163079792482],[-90.840605810648171,42.706042536334579],[-90.840823077150617,42.705975021453007],[-90.841192369651267,42.705875374854003],[-90.841501710345156,42.705812999953999],[-90.841826955812522,42.705760206218947],[-90.842181414423635,42.705730457905418],[-90.842583169533356,42.705698424387514],[-90.842977509172187,42.705701340261825],[-90.843430170402826,42.705740657715189],[-90.843870050424115,42.705807210054907],[-90.844538551701987,42.705965966255498],[-90.844879987379798,42.706071612894299],[-90.845214862475132,42.706184205120437],[-90.845394348872603,42.706243847520412],[-90.846098953246809,42.706482530863582],[-90.846532952265107,42.706628796841599],[-90.847552316805391,42.706971336917107],[-90.848890465726114,42.707417725158606],[-90.849896442493844,42.707754444928106],[-90.850917213693236,42.708098925701798],[-90.851990227198655,42.70846070448539],[-90.852422894475026,42.708604004167363],[-90.85263980079668,42.708669264251121],[-90.852788347616709,42.708708475797962],[-90.852923494190918,42.708742869956126],[-90.85311341203797,42.708784726780351],[-90.853293920915064,42.708820745799251],[-90.853380801871239,42.708835840051407],[-90.853491700716631,42.708851727852334],[-90.853573192022225,42.708862917725369],[-90.853749427147221,42.708879308934712],[-90.853892315929755,42.708894957885512],[-90.85403383353983,42.708907672093616],[-90.85416994684023,42.708914527848428],[-90.854428886357638,42.708927239328496],[-90.854801334548981,42.708913725713899],[-90.855076655177172,42.708896622437003],[-90.85526823962401,42.708875623074455],[-90.855453632529219,42.708850148890612],[-90.856143735235108,42.708715538797208],[-90.856375494582892,42.708647570922437],[-90.857021411323359,42.708416936390144],[-90.857420908890376,42.70822728999488],[-90.857717000450222,42.70808808180243],[-90.85834354764684,42.707785333965589],[-90.858818105325199,42.707563510941064],[-90.85901305654707,42.707491292972932],[-90.859500740045064,42.707332587077666],[-90.859801773178489,42.707256563816337],[-90.860261942679728,42.707174832864631],[-90.860873337820365,42.707107020653822],[-90.861329955527424,42.707064440880899],[-90.861949641407449,42.707005593063997],[-90.862524482126602,42.706951582355607],[-90.863455983336237,42.70685876856647],[-90.864974751883651,42.706725374642112],[-90.865374663057025,42.70671482519505],[-90.865748491154648,42.706737593635374],[-90.866192106426013,42.706786921549693],[-90.866717991466288,42.706882300564423],[-90.867405786160575,42.707024612331374],[-90.867806923534232,42.707102857048007],[-90.868353395626272,42.707210112866406],[-90.868674408418457,42.707249833220196],[-90.869027964598956,42.707281768176379],[-90.869422064449893,42.707293834402556],[-90.869926505342207,42.707314084724864],[-90.870686126719519,42.707336913972121],[-90.870982300342007,42.70735272704777],[-90.871309284898928,42.707381849194121],[-90.871820635683065,42.707457746433093],[-90.872236183883416,42.707543394493946],[-90.873595352195636,42.707819049289171],[-90.874053908584486,42.707914899089509],[-90.875016059459085,42.708115290585475],[-90.875397212588624,42.708222262713598],[-90.875739843205878,42.70834760209614],[-90.87592670713866,42.708427456493375],[-90.876288350636244,42.708597802226073],[-90.876634095300901,42.70879837377106],[-90.877192949646954,42.709203546439824],[-90.877594563798553,42.709602392716427],[-90.878041227696428,42.7100114285873],[-90.878519187400713,42.71046839285038],[-90.878806774416219,42.710741663658403],[-90.879121321518696,42.711044832051165],[-90.879310025262797,42.711254129265299],[-90.879513802685196,42.711519009182666],[-90.879701660438599,42.711812603337059],[-90.879943543313686,42.712173530181573],[-90.879937965071449,42.712173708120645],[-90.880186679795216,42.71254951298819],[-90.880340548005435,42.712770666173029],[-90.880466111611625,42.712946135915182],[-90.880614188647343,42.713147953488367],[-90.880801075178169,42.713356604728325],[-90.881098856577239,42.713680681052246],[-90.88119712009906,42.713782929481738],[-90.881345631167804,42.713918453567473],[-90.881589157169742,42.714121570531482],[-90.881875862438591,42.71434679609883],[-90.882049187520366,42.71447600447808],[-90.882241778600417,42.714597922859355],[-90.882696665018116,42.714881007548058],[-90.88300618975579,42.715057091715707],[-90.883216542218989,42.715163580241523],[-90.883529785389939,42.715308025162031],[-90.883808130069838,42.715430305942661],[-90.884050239241773,42.715533486009107],[-90.88443937737344,42.715666121783187],[-90.884771531304025,42.715778799105152],[-90.885287054373151,42.715947179810087],[-90.885517713146001,42.71602290659154],[-90.886327740875359,42.716282824000153],[-90.887242078721115,42.716582731340573],[-90.887614518683932,42.716707326699343],[-90.888882002571236,42.717135026480541],[-90.889991113301249,42.717512945110919],[-90.89047227634353,42.717690312773271],[-90.891069105939295,42.717842141445693],[-90.891377236043809,42.71791725361058],[-90.891784939293146,42.717991580659188],[-90.892231220273416,42.718055420563751],[-90.892652427440211,42.718107215752248],[-90.893583411397017,42.718214180937643],[-90.894229192890791,42.718300924136749],[-90.894866467166196,42.718373456526777],[-90.896803533364945,42.718613276311679],[-90.897623864853415,42.71871903977631],[-90.898496816644737,42.718828455020592],[-90.8991955111793,42.718939240870519],[-90.899461619771714,42.719015242009121]],[[-90.997497889034193,42.720807628647279],[-90.997498539378697,42.72080797059224]],[[-90.997498539378697,42.72080797059224],[-90.997475819016799,42.720491208238165],[-90.997438701411326,42.720117536306134],[-90.997417284759933,42.719884563415803],[-90.997412783711155,42.719836117416094],[-90.997412774941949,42.719836027438241],[-90.997398485905947,42.71968233924666],[-90.99736800619614,42.71941345057791],[-90.997338147681219,42.719139864652711],[-90.997308250499714,42.718950776944332],[-90.997289165221702,42.718863311348876],[-90.997289092805261,42.71886313637367],[-90.997118438830867,42.718450638375558],[-90.9968672727707,42.718051182845187],[-90.996619241418841,42.717758107576856],[-90.996413931642195,42.717571068202794],[-90.996183184340637,42.717365725551119],[-90.996184287652468,42.717365986117123],[-90.995485605165413,42.716937036040498],[-90.995153518304718,42.716740550897455],[-90.994061478308595,42.716152785519533],[-90.992978790144463,42.715573501725046],[-90.990748350886051,42.714409792591034],[-90.98965225844853,42.713807719228328],[-90.988557733258702,42.713224569187751],[-90.988562304411857,42.713227123297266],[-90.987479250542023,42.712646043159218],[-90.987207785394133,42.71250753839022],[-90.986384390165796,42.712061506229887],[-90.985295154090011,42.711485447512985],[-90.984576167330275,42.711129566969824],[-90.984295068733601,42.710971001891245],[-90.984191405746088,42.710917679995887],[-90.983250125997913,42.710396470046184],[-90.982701790980471,42.71011105692304],[-90.982448311643338,42.709987344492113],[-90.981774534177902,42.709635822278628],[-90.98131079125713,42.70939098523683],[-90.980797958453721,42.709121018255338],[-90.980470407689069,42.708979798744302],[-90.980172915018827,42.708898666533138],[-90.979021514484302,42.708630084271093],[-90.977864563752206,42.70835968266978],[-90.975974379218968,42.707912250087851],[-90.975038678030884,42.707694732424166],[-90.974968200020157,42.7076785282378],[-90.97392770143081,42.70743152716431],[-90.973527972579603,42.707338720393125],[-90.972755509680425,42.707155809158294],[-90.971867704270565,42.706947530567994],[-90.971518100513947,42.706864530608023],[-90.971005583065505,42.706747825652975],[-90.970573161690368,42.706640048486271],[-90.970565822408176,42.706638357320017],[-90.96972368801498,42.706444342208293],[-90.969060354072283,42.706284553524547],[-90.967301080066221,42.705875385630037],[-90.966885427823541,42.705779664267006],[-90.966464900931541,42.705677390535108],[-90.966002704508213,42.705575322629727],[-90.965029706810824,42.705343601809339],[-90.964629137859603,42.705249231046594],[-90.964308164556059,42.705172703961587],[-90.963103032320191,42.704894039356553],[-90.962750287747099,42.704807779000362],[-90.962527366067448,42.704753305515567],[-90.961333275292873,42.704471449582954],[-90.960793053022215,42.704349068799011],[-90.959788904488619,42.704109117536895],[-90.959421400722448,42.70402879711245],[-90.959086138933699,42.703966342508458],[-90.958881548708291,42.703929980472687],[-90.958646024817241,42.703909906703274],[-90.958458287002287,42.703899077409659],[-90.958114174826434,42.70389547263359],[-90.957993770778174,42.703900919488156],[-90.957737549680715,42.703920460865575],[-90.957387781466224,42.703961892463667],[-90.957073973692516,42.704024131292456],[-90.956664353738077,42.704123821803577],[-90.956316460618268,42.704221509565059],[-90.956064724329096,42.704305065564604],[-90.95587285149108,42.704363797678539],[-90.95551025467708,42.704476608794039],[-90.955324010135527,42.704530592184959],[-90.955171156560311,42.704566817216651],[-90.95495863926935,42.704615498773023],[-90.954780603544179,42.704636308779797],[-90.954593878714618,42.704659019038637],[-90.954385933210773,42.704680987267437],[-90.954204062492323,42.704695380428042],[-90.95402458181195,42.704702395934014],[-90.953790096248824,42.704701584214064],[-90.95356162426134,42.704686016037201],[-90.953271780407334,42.704653469630557],[-90.953096858787092,42.704632853018524],[-90.952913109473272,42.704605861678964],[-90.952752944954568,42.704571325401709],[-90.95221068918022,42.704425903074913],[-90.95128490380452,42.704155795834232],[-90.951092048530541,42.7041040491521],[-90.950807621015869,42.70401811219503],[-90.950173772416619,42.703835716660301],[-90.949780399851647,42.703720323505905],[-90.949241822111219,42.703569336231013],[-90.948968715235466,42.703488812207041],[-90.948586636637458,42.703377923151123],[-90.947964102606434,42.703200023426014],[-90.947689823686801,42.703124107832657],[-90.947361634311022,42.703030239357517],[-90.946914345312294,42.702895047013008],[-90.946705296855541,42.702843417792231],[-90.946489060321312,42.702812091865653],[-90.946317993424756,42.702798790487385],[-90.946104678878271,42.70279503242319],[-90.94581810595507,42.702813041785078],[-90.945647469994867,42.702827319572457],[-90.945477198735375,42.702866440161124],[-90.945261140781085,42.702928938336058],[-90.94514321316953,42.702964861740568],[-90.945073883517452,42.702998546913854],[-90.9449723096903,42.70304445733543],[-90.944864690774423,42.7031023767885],[-90.944726156395319,42.703178030748141],[-90.944659532913434,42.703225948991879],[-90.944564445379768,42.703295444885661],[-90.944449146684789,42.703396932660063],[-90.944337276313831,42.703510351301261],[-90.944213135319103,42.703670555294607],[-90.944135483230042,42.703793273442976],[-90.944078999679107,42.703920598948734],[-90.944036851384666,42.704031056113074],[-90.943997317940813,42.704206114881885],[-90.943984674640475,42.704335474439702],[-90.943986832322466,42.704477877984395],[-90.943991121449457,42.704653773268305],[-90.944011553605648,42.704931270150716],[-90.944027477177642,42.705232731678038],[-90.944030759322445,42.705449330897991],[-90.944020773225503,42.705646884865857],[-90.943987993795858,42.705839844795683],[-90.94394692609329,42.706020904768856],[-90.943894110805303,42.706176927310167],[-90.94380301326467,42.706376347393807],[-90.943700379427725,42.706563894203732],[-90.943559214822059,42.706779288029573],[-90.943415627983583,42.706942037727295],[-90.943259188967346,42.707113277167835],[-90.943105422904779,42.707247391908467],[-90.942863264151242,42.707437284491171],[-90.942663975099052,42.707565784756824],[-90.942301771360675,42.707759059571032],[-90.942119642469223,42.707841940159376],[-90.941979274396203,42.707895758607961],[-90.941505988817198,42.708040873732386],[-90.941142115326429,42.708124048918911],[-90.940451532882605,42.708280517865511],[-90.940063383189155,42.708368679861593],[-90.93959787164718,42.708492182246701],[-90.939307222178456,42.708589114562585],[-90.938928035925031,42.708733447258886],[-90.938417032119503,42.708961438824296],[-90.937567589911822,42.709346588570575],[-90.937037131794895,42.70957593094716],[-90.936344295294106,42.709908333079333],[-90.93599612155802,42.710065568481625],[-90.93525386185992,42.710457002392346],[-90.934585693555121,42.710811922178848],[-90.933824413325638,42.711235822568419],[-90.933016435638677,42.71168403479227],[-90.932491767657254,42.711977932010761],[-90.931603510481054,42.71248543131307],[-90.931222036314296,42.71269677561466],[-90.930422128523233,42.713144903860879],[-90.930130867511863,42.713311231820882],[-90.929737818902808,42.713509508201852],[-90.929492881452163,42.71362638779523],[-90.929162348373879,42.71377268869184],[-90.928856486907506,42.713899660975983],[-90.928859682221656,42.713902651886386],[-90.9283864389336,42.714060626215016],[-90.928038179037401,42.714162526614729],[-90.927851310534635,42.714217514997834],[-90.926762982159048,42.714462242446572],[-90.925674469175291,42.714695947384278],[-90.924681597746854,42.714906851520595],[-90.92348044184142,42.71516818216508],[-90.922162269371555,42.715449308863498],[-90.920565338143888,42.715775140013527],[-90.919767836103475,42.715930956717585],[-90.919440451207748,42.715993426598423],[-90.919442451459517,42.715994905444553],[-90.918876650559525,42.716098524186108],[-90.918278878132156,42.716203981436898],[-90.917751279556725,42.716294707706886],[-90.917387557686098,42.716362100694049],[-90.916919865065296,42.716466508837335],[-90.91661599255427,42.716542857915833],[-90.916295407434077,42.716642934165698],[-90.915909380632669,42.716789136457059],[-90.91554063011769,42.716950931855358],[-90.915286684366606,42.717086647424871],[-90.915013818703201,42.717241389000741],[-90.913996931973116,42.717856583739739],[-90.913531656671594,42.718126091577233],[-90.912889020498923,42.718519683509591],[-90.912442850679682,42.718784315766783],[-90.911967141905492,42.719071190795759],[-90.911404591581316,42.719399657663196],[-90.911068142854745,42.719583199874108],[-90.910699743363764,42.719770147064985],[-90.909719512555128,42.720271777769483],[-90.909192392994058,42.720544902035471],[-90.908870556054524,42.720707870417925],[-90.908436325638903,42.720915775057541],[-90.908173353145713,42.721020090399918],[-90.907882566622462,42.721118330823124],[-90.907487428726029,42.721228411053623],[-90.907242894476695,42.721280670799963],[-90.90699822247899,42.721323502419082],[-90.906715155268628,42.721366637493865],[-90.906421118193066,42.721387840387521],[-90.906148368118536,42.721407298154084],[-90.905918149721359,42.72141698115361],[-90.905623642423407,42.72140672971603],[-90.905384613221756,42.721397605909843],[-90.905162438766567,42.721374200849496],[-90.904923089907001,42.721343069308936],[-90.904734899179388,42.721309948191333],[-90.904523203686267,42.721273878508335],[-90.904237835952898,42.72122682713411],[-90.903635129928929,42.721033626473044],[-90.903073715135918,42.720793692007675],[-90.902739517382116,42.720601457943516],[-90.90212173435728,42.720235148427165],[-90.900886470628166,42.719521068133524],[-90.900051132399881,42.719193569863933],[-90.89946127846342,42.71901571027113]],[[-90.997498539378697,42.72080797059224],[-90.998087172681636,42.721117747423271],[-90.99885874914041,42.721526863944327],[-90.999557659567728,42.721899894359069],[-91.000292755192518,42.722300287087222],[-91.000315718931631,42.722312577031836],[-91.000850403158637,42.722598645593898],[-91.001310765504854,42.722842576723018],[-91.00208420707412,42.723244261569086],[-91.002884204893206,42.723679641010882],[-91.003612974808348,42.724066856685027],[-91.004303749815662,42.724439316804499],[-91.004876651872394,42.724723095092841],[-91.005667298511682,42.725135969403816],[-91.006495567992019,42.725555919025545],[-91.007187089509131,42.725916557953106],[-91.007873034017209,42.726280780876657],[-91.009044343299905,42.726889940001769],[-91.010158630023511,42.727466549179866],[-91.011482144560176,42.728168960369089],[-91.012552543824427,42.728742061336519],[-91.013726230443694,42.729366262219173],[-91.014073293409609,42.729533256683958],[-91.014963011130575,42.730038620056177],[-91.015897935915319,42.730591637276568],[-91.016502153446041,42.730966384908207],[-91.01691429751439,42.731222684935304],[-91.016915030480305,42.731222687432314],[-91.017001211687685,42.731279592741039],[-91.017157109517825,42.73137778994343],[-91.017529361205519,42.731613045201883],[-91.017971404057874,42.731901387106291],[-91.01836754758942,42.73215854449883],[-91.018850560829051,42.732455307913128],[-91.01938842280569,42.732789835995455],[-91.019875877555094,42.733079729410697],[-91.020713887639829,42.733562103079159],[-91.021562359709364,42.734055156690992],[-91.022173608982257,42.734402416929001],[-91.022937017916618,42.734832245128494],[-91.023710529275775,42.735273288659634],[-91.024616083283817,42.735790628017476],[-91.025350483638945,42.736215008096565],[-91.02615051768845,42.736673267975007],[-91.026738698328316,42.737009030315818],[-91.027397007154818,42.737381694955403],[-91.028088891960891,42.737774856806126],[-91.029019165797123,42.73831542513706],[-91.029924027681659,42.738821750759662],[-91.031010199928133,42.739434699748337],[-91.031539529833026,42.739745859981987],[-91.031981920596508,42.739997654251113],[-91.032330686969004,42.740194493439112],[-91.032798847448689,42.740465990140798],[-91.033280138066914,42.740765724392659],[-91.033889409612172,42.741145574832494],[-91.034407268443914,42.74146607375986],[-91.035000174024546,42.74184322034705],[-91.035635223834959,42.742243036486947],[-91.036190090002677,42.742596926740013],[-91.036794631896072,42.742996535125435],[-91.037505656680821,42.743496333042309],[-91.03793796878,42.743822759892822],[-91.038094386142916,42.743936787440092],[-91.038356415543205,42.744127805964986],[-91.038649199850667,42.744371114734719],[-91.038857031114389,42.744598128237804],[-91.039058115266215,42.744809524211803],[-91.039295622180063,42.745102051904929],[-91.039542050264771,42.745392363831854],[-91.039796313980034,42.745685683903275],[-91.039958640397984,42.745881247492648],[-91.040016623059728,42.745955474536856],[-91.040123623853034,42.746094626356104],[-91.040322242315497,42.746341415542489],[-91.040502479379043,42.746547640083904],[-91.04076710203185,42.746824194862022],[-91.041121663448436,42.747153792511504],[-91.04138588544194,42.747323617804],[-91.041681415221731,42.747501604738645],[-91.042005590814512,42.747677619235041],[-91.042443645372174,42.747935967950433],[-91.042823412633226,42.748140660455178],[-91.043189722951951,42.7483289314114],[-91.043485813497711,42.748458900911004],[-91.043658938551957,42.748559219011312],[-91.043816853522173,42.748672751282506],[-91.044255748407366,42.749047975017781],[-91.044584095580248,42.749329595076816],[-91.045140743079983,42.749827754111038],[-91.045765445868525,42.750396278221565],[-91.046261023482913,42.750881142713297],[-91.046363421287722,42.750981324766862],[-91.046913174305629,42.75151460488069],[-91.047220729612818,42.751804494114829],[-91.047349090667822,42.75197186459139],[-91.047455223432038,42.752166706475826],[-91.047507303440923,42.752345211678723],[-91.047532550467437,42.752513615148061],[-91.047525928233128,42.752626116674513],[-91.047481410926878,42.752855314104764],[-91.047415436859964,42.753023642409815],[-91.047318107818725,42.753169545916627],[-91.047171395560142,42.753350121296563],[-91.047023706534119,42.753474178765892],[-91.046826151712366,42.753601366485427],[-91.046572685995898,42.753715223613305],[-91.04616308203137,42.753886213851999],[-91.045472474370186,42.754172488488059],[-91.044855079781058,42.754427328663354],[-91.04423063309207,42.754690406678755],[-91.044059633552038,42.754758542464216],[-91.043631798044402,42.754934768879956],[-91.043133714794337,42.755143530593415],[-91.042720755970976,42.755318897658341],[-91.042508529813233,42.755411540868771],[-91.04232055227321,42.755519758375726],[-91.042113008008215,42.755667263908194],[-91.041896728330244,42.755869655150853],[-91.041739629111007,42.756063961143454],[-91.041646038654321,42.756221100479863],[-91.041560033303895,42.756413066507463],[-91.041505347706078,42.756615941277637],[-91.041480955051881,42.756853040035786],[-91.041464072509925,42.757108792614595],[-91.041458757518583,42.757464930746778],[-91.041466116878127,42.757729954472936],[-91.041473999105122,42.75803640707003],[-91.041482032894606,42.758281126566139],[-91.041485796516255,42.758677300913057],[-91.041487804675612,42.759193388473626],[-91.041478443805318,42.759756686386829],[-91.041478498881347,42.76005766276689],[-91.041476365626963,42.760370996365516],[-91.041477927325033,42.760678010607762],[-91.041473232713244,42.761098900358185],[-91.04147314436122,42.761268733061996],[-91.041491191905408,42.761502735036892],[-91.04152632089064,42.761728458816009],[-91.041564313074048,42.761923727458388],[-91.041639198378846,42.762220168789774],[-91.041707656410921,42.762495487945223],[-91.041801117450234,42.762876383409761],[-91.041833654304227,42.763008565062783],[-91.04188786978321,42.763163188906937],[-91.041932611653522,42.76327174651697],[-91.04200712156846,42.763378592382345],[-91.0420452323375,42.763412193043912],[-91.042111745815816,42.763470836642412],[-91.042251348977459,42.763559430467858],[-91.042445306809711,42.763642432301111],[-91.042696289325619,42.763739845443766],[-91.042942116609936,42.763854838393883],[-91.043175813036683,42.764005791602195],[-91.043291663397838,42.764112818338674],[-91.043466490237222,42.764255121820639],[-91.043629420470168,42.764400739355992],[-91.043802419559313,42.764553469151345],[-91.044044172505252,42.764766132791678],[-91.044207951218766,42.764938091387229],[-91.044359668906125,42.765169054686744],[-91.044434195901019,42.765371103261032],[-91.044471955418302,42.765503821810235],[-91.04448186352063,42.765656344982787],[-91.044498177795504,42.765922448133992],[-91.044505545583078,42.766186372534257],[-91.044511305031548,42.766515330157873],[-91.04449920233246,42.766657751959649],[-91.044456606590998,42.766809015965492],[-91.044380524923383,42.766969959917688],[-91.0442482357373,42.76713623425028],[-91.044082058566886,42.767300665135046],[-91.043885488224674,42.76740863019446],[-91.043686117257309,42.767465578173258],[-91.043426004424674,42.767515514812693],[-91.04314425705644,42.767552329045117],[-91.042692106678274,42.767628741886632],[-91.042328557702376,42.767700843416726],[-91.042075972648234,42.767768322914307],[-91.041854385426362,42.767860707769145],[-91.041663725885869,42.767956313940076],[-91.041449014548931,42.768093680171525],[-91.041326845163226,42.768181728749887],[-91.041197673210135,42.768291750859163],[-91.041087452286504,42.768388281631822],[-91.041017924920794,42.768511350314981],[-91.040980518533857,42.768660683703153],[-91.040912324263331,42.768937110121243],[-91.040854060625279,42.769182521891139],[-91.040794806987662,42.769363725555692],[-91.040748390957759,42.769493328993597],[-91.040639261509867,42.769683694021936],[-91.040526716001267,42.769854035095875],[-91.040387376691868,42.770032391098681],[-91.040249609397819,42.77023022920114],[-91.040159381907685,42.77039476583677],[-91.040104507927339,42.770555928477322],[-91.040057088139108,42.770714069634153],[-91.040041483938538,42.770820276206635],[-91.040048393858513,42.770969521913912],[-91.040057933452857,42.771128361430854],[-91.040050034489767,42.771299858735851],[-91.040039183750181,42.7714790373795],[-91.040011473954692,42.771632469793545],[-91.039968851865382,42.771783732263856],[-91.039901100410944,42.771981150128397],[-91.039686745637027,42.772409057838537],[-91.039482134604597,42.772756837271757],[-91.039382981698523,42.773020981192595],[-91.039311776737435,42.773292760031495],[-91.039193989449458,42.773558864955355],[-91.038971101557493,42.77380159999376],[-91.038557675057461,42.774082858640043],[-91.038368109961979,42.774181754289735],[-91.03826994501766,42.77422228586871],[-91.038003608170825,42.774304055434008],[-91.037645025765912,42.774420034068008],[-91.037423502624733,42.774537102326271],[-91.037205648740994,42.774735644166682],[-91.036974964634766,42.775086212690923],[-91.03669826495414,42.775677774713834],[-91.03637205318627,42.776179992009368],[-91.036083337343172,42.776647558783324],[-91.035737609152278,42.777113326122311],[-91.035599076783001,42.777411565747911],[-91.03545780332098,42.777578397239566],[-91.035071424079902,42.777931477229679],[-91.03461969384405,42.778241623646181],[-91.034190205741879,42.778525920225448],[-91.034025324990125,42.778654114162592],[-91.033566395814688,42.779131073006759],[-91.033204342775733,42.779522785033933],[-91.032988405244581,42.779845061602657],[-91.032870253376288,42.780021713197932],[-91.032672646269589,42.78046439607435],[-91.032512580232009,42.780889440857166],[-91.032441913820648,42.781414448913686],[-91.032457079770793,42.782083596624666],[-91.032463324558847,42.782657287261998],[-91.032479766754165,42.783467185452032],[-91.032494263074383,42.784254857940439],[-91.032605815744446,42.784699381068208],[-91.032799047610823,42.785073772408282],[-91.03314489982418,42.785519468365223],[-91.033762073761253,42.786098487190181],[-91.034824471200125,42.78709309141248],[-91.035542633981521,42.787774235498716],[-91.036175196364596,42.788372976574678],[-91.036365157721477,42.788563268649241],[-91.037433040448278,42.789704071684696],[-91.037730134307338,42.790142711685156],[-91.037824299573174,42.790415241350559],[-91.037869080438185,42.790726554141372],[-91.037890898277539,42.79107220514819],[-91.03787275277169,42.791588049408254],[-91.037854460141403,42.792259740740853],[-91.037855444525576,42.793100124703209],[-91.037885451751677,42.794515242930309],[-91.037909860544886,42.795537474368459],[-91.037920514001414,42.796081243779106],[-91.037936259189749,42.796688931607278],[-91.037941172144642,42.79709772753511],[-91.037966859672153,42.797870013966104],[-91.037990884734697,42.798501832774171],[-91.038011785718055,42.799579495852747],[-91.038124982563986,42.799854175645088],[-91.038259801374522,42.800033059078331],[-91.038430627515453,42.800180034241144],[-91.038494850653194,42.800214194191597],[-91.038576611418975,42.800257929754117],[-91.038882777531853,42.800328896633843],[-91.03940338073923,42.800356068733684],[-91.040354921113916,42.800344473346186],[-91.041479331878165,42.800334431639257],[-91.042033839615286,42.800360418875201],[-91.042296352999685,42.800416113673975],[-91.042628588476532,42.800576183703299],[-91.042859606167454,42.800867346136066],[-91.042961872104257,42.80138897357935],[-91.04297742846768,42.801935750043256],[-91.042996767224651,42.802593365090864],[-91.043032709310594,42.803685261792467],[-91.043076252500228,42.80538376593686],[-91.043118331133243,42.806520371437863],[-91.043149346851038,42.807589510882956],[-91.043167478756331,42.808221606297721],[-91.043210111745452,42.809401836725755],[-91.043230599316033,42.810064114165144],[-91.043271643233112,42.810935684911051],[-91.043307257078538,42.812128820227812],[-91.043335240261513,42.813087671665443],[-91.043400043513003,42.814885451416579],[-91.043435141664702,42.816137025757776],[-91.043491407532031,42.817939484010878],[-91.043525156928084,42.818467569220452],[-91.043571341798526,42.81940771183595],[-91.043659289553872,42.821494617477896],[-91.043694594990697,42.822038609424517],[-91.04354999215164,42.822039738362243],[-91.041616409917282,42.822055634323796],[-91.041142677273385,42.822052792919003],[-91.03849793737092,42.822062178215596],[-91.037261725569422,42.822084766860577],[-91.033029124906548,42.822169734661728],[-91.03063459519484,42.822213539040852],[-91.029043840282583,42.822212340108806],[-91.029104527406403,42.823304465769908],[-91.029185337769405,42.825001797649172],[-91.029241893485718,42.826184471655331],[-91.029285900707109,42.827098838653093],[-91.029329958139201,42.828326533730319],[-91.029374799446856,42.82926367613868],[-91.029384224117436,42.829494666088635],[-91.029414158816238,42.830232377027819],[-91.029492504916021,42.831759331578922],[-91.029552793093771,42.832941169029283],[-91.029611518841378,42.834304367808784],[-91.029691796015527,42.835949848750971],[-91.029756233967888,42.837544592048332],[-91.029812893803239,42.838748118408382],[-91.02985967255789,42.839803777400817],[-91.029913248171255,42.840880267177127],[-91.029980988677238,42.8424571759519],[-91.030056197692019,42.843735007525567],[-91.030071363396701,42.844003307876839],[-91.03011003035968,42.844678441966977],[-91.03012599679532,42.845264448392477],[-91.030169036679666,42.846211464687663],[-91.030221753951864,42.847554371315951],[-91.030303902819298,42.848790210857359],[-91.030335876307959,42.849869225523285],[-91.030415607930891,42.851655719119393],[-91.030517826113226,42.853675370761835],[-91.030570485749507,42.854799602523698],[-91.03061139365721,42.855671172646268],[-91.030634465661137,42.856459370887748],[-91.030691729360356,42.857417063363421],[-91.030736073802885,42.858106444834505],[-91.030806705569361,42.859648220143519],[-91.030851787458573,42.86053843766323],[-91.030900272406925,42.862141448919552],[-91.030933451829299,42.863438015639247],[-91.030953894440003,42.864619385244929],[-91.030969910708649,42.865314036763039],[-91.030996247981975,42.866375763951481],[-91.031006645380984,42.866963700313782],[-91.031042140989754,42.868379888015241],[-91.031072444263373,42.869805415480037],[-91.031109550554319,42.871050399406819],[-91.031139284701084,42.872323104374338],[-91.031151150053532,42.872513664234496],[-91.031156347832933,42.872597158494791],[-91.031724819004339,42.872592991301183],[-91.034223157303586,42.87255718397136],[-91.036084037970383,42.872530307885057],[-91.037742726278509,42.872497246949081],[-91.039364463506686,42.872462048049584],[-91.041719822509904,42.872397558946794],[-91.043030544545417,42.872380788765675],[-91.043817507746738,42.872354975366598],[-91.044769807266036,42.872352664185478],[-91.046634047537339,42.872328917838864],[-91.04863590634983,42.872296874609184],[-91.048949980646114,42.872297563337526],[-91.050020183270718,42.872300440736915],[-91.05088786724059,42.87231391137351],[-91.052288348925444,42.872448290634367],[-91.053343979698397,42.872620757339583],[-91.054520119594159,42.872812915272597],[-91.055255132202504,42.873032685697787],[-91.055856200128261,42.873335336769017],[-91.056263831481303,42.873676285567363],[-91.056661512003629,42.874227406450842],[-91.056851745615049,42.874763637522044],[-91.057237608214692,42.875967218058406],[-91.057684048672428,42.877021138762927],[-91.058082242206638,42.87768337338985],[-91.058506996349806,42.878096701260247],[-91.059051966042887,42.878439521639507],[-91.059647092773247,42.878643393683213],[-91.060196291042189,42.878746956181288],[-91.060952998094876,42.878781171422922],[-91.061212497454733,42.878746284538501],[-91.062005538708959,42.878639396243571],[-91.06268254949282,42.878534678229926],[-91.063864709153918,42.87834704405126],[-91.064739013928758,42.878227053531369],[-91.065215185067515,42.878177931156706],[-91.06563957983721,42.87814621849197],[-91.066005503357502,42.878136318944513],[-91.066334870364983,42.878128145540956],[-91.06670385167925,42.878134415572575],[-91.067017604802757,42.878138902872841],[-91.068178790243564,42.878197368735933],[-91.070027669350566,42.878289046785753],[-91.071364259644824,42.878362986518461],[-91.072273610837428,42.878411583379872],[-91.072664705869258,42.878442481311865],[-91.07295662184228,42.878485410877211],[-91.07325754121311,42.878539835930034],[-91.073540679100859,42.878620920132526],[-91.073791360992146,42.878702902409842],[-91.074115405560164,42.878840955366755],[-91.074461638241445,42.87901708910541],[-91.074774394308463,42.87921497737905],[-91.075035295974686,42.879413540859069],[-91.075141177881605,42.879483516185971],[-91.075315724801953,42.879640034430253],[-91.075517174278161,42.87989031354509],[-91.075745992108608,42.880256861899916],[-91.075860933456667,42.8805147611601],[-91.075915776454991,42.880683083486062],[-91.076069104273685,42.88143611262403],[-91.076175730868144,42.881922028239188],[-91.076317529839145,42.88259826121412],[-91.076474223532543,42.883265402746062],[-91.076632583275298,42.883806339073978],[-91.076775882449155,42.88431410672402],[-91.076900386242841,42.884707793568445],[-91.077014237739618,42.885054312418021],[-91.077185301188237,42.885512632081557],[-91.077371437118373,42.886001634234212],[-91.07755938812619,42.886480767318723],[-91.077839095347244,42.887121272951255],[-91.078263260803922,42.888022340999029],[-91.078433951376724,42.888392861859806],[-91.078453164486177,42.888434248621259],[-91.078785248170576,42.889040561001579],[-91.07883313745694,42.889127999929222],[-91.079440158134844,42.890192422183461],[-91.080159580363997,42.891438728939967],[-91.080722912039874,42.892402824627304],[-91.081399422995688,42.893473918928187],[-91.082129881173074,42.894585481427804],[-91.082768960289712,42.895538134255268],[-91.083076151898439,42.895963179281161],[-91.083235673092005,42.89616636560892],[-91.083428140476883,42.89639113137514],[-91.083631762412963,42.896607929733648],[-91.083837183176485,42.896811266023491],[-91.084018972093631,42.896986954834411],[-91.084258444748784,42.897209139815757],[-91.085000923150702,42.897829276317019],[-91.08539197964329,42.898147376514409],[-91.085584530539037,42.8983076790364],[-91.08629854919873,42.898902898509469],[-91.087489803573561,42.899882404142161],[-91.088643475054027,42.900821753121051],[-91.088664186922315,42.90083861725973],[-91.089764097353907,42.901742054685151],[-91.090194719300555,42.902050441213333],[-91.090723989738962,42.902384640407412],[-91.090735879362157,42.902390580362649],[-91.09078683018295,42.902416036829834],[-91.091261536258429,42.902651598020419],[-91.091779200110963,42.902896653157107],[-91.092283349184896,42.903123914700785],[-91.09276728172361,42.903337499114549],[-91.092925478414372,42.903407336405508],[-91.093456203075831,42.903649053381713],[-91.093612508656932,42.903713684810896],[-91.094067584187584,42.903901271438428],[-91.094800685932682,42.904240968541572],[-91.09519637826898,42.904414440233118],[-91.095841553596173,42.904704417081369],[-91.096098113175998,42.904818712088137],[-91.09645379714776,42.90497719975891],[-91.097067810302065,42.905225819458856],[-91.097507581419876,42.905328386605774],[-91.097893415410823,42.905392135031718],[-91.097935997608232,42.905399155837451],[-91.098357161810057,42.905436746153036],[-91.09910288855572,42.905443582343167],[-91.099412641091462,42.905439752308702],[-91.100001540234842,42.905432446871735],[-91.100752743826447,42.905415112982638],[-91.100972535802924,42.905410144619857],[-91.101437183449164,42.905407547775681],[-91.101783888880206,42.905405543999144],[-91.102100335031736,42.905402236601482],[-91.102100370549863,42.905402236259526],[-91.10259857354302,42.90539680820779],[-91.102821010902602,42.90539649347496],[-91.102847377623846,42.906438446526508],[-91.102849668029023,42.906524315245974],[-91.102865321104687,42.907051864143831],[-91.102875731094642,42.907120427842081],[-91.102907377490979,42.90733297681048],[-91.103041982318501,42.907613287730165],[-91.103224646854528,42.907872351501112],[-91.103437671109219,42.908081396085969],[-91.10364394195075,42.908215669293909],[-91.103746200800003,42.908282234279696],[-91.104131026185726,42.908513871637254],[-91.104719568884462,42.908883517280927],[-91.10552605384116,42.909396343663282],[-91.106204332955286,42.909793174813267],[-91.106696461694568,42.910060732419396],[-91.107511033865904,42.910465144032372],[-91.107548066875253,42.910482876985455],[-91.108423169593252,42.910900294088627],[-91.108814977594449,42.911103364773943],[-91.108988619278747,42.911193435669261],[-91.1098566661409,42.911613881772382],[-91.110293155144149,42.911867023767854],[-91.111181503417583,42.912461079347203],[-91.111816026034447,42.91297761928913],[-91.112144766076241,42.91325299865202],[-91.112365252008246,42.913451859136707],[-91.112551297412708,42.913630783447744],[-91.11282545220287,42.913887114243728],[-91.11314572409097,42.91411010928109],[-91.113408234919447,42.914278121796684],[-91.113718400479002,42.914493469126178],[-91.113908519323303,42.914665525689585],[-91.114227869231868,42.914926663225181],[-91.114637062339469,42.915163953024411],[-91.114905702255115,42.915287498236857],[-91.115264946655017,42.915390772105361],[-91.115738210829562,42.915452842824607],[-91.116047358320387,42.915467082844287],[-91.116169976737353,42.91550323139991],[-91.116360629769289,42.915559770244158],[-91.1168732604485,42.915874144373568],[-91.117587862875681,42.916338028164112],[-91.117802474113546,42.91647735766454],[-91.118378214170491,42.9168680932437],[-91.118811898717823,42.917143715532212],[-91.118908063476539,42.917188989712962],[-91.119288136126869,42.917417839460398],[-91.119915800805813,42.917883324040446],[-91.120617163971318,42.918377404229318],[-91.121609229282384,42.919066834020228],[-91.122372266056871,42.919569232027591],[-91.122872657945905,42.919886904785209],[-91.123217070872812,42.920145474742313],[-91.123398889060837,42.920291193835787],[-91.123749525576457,42.920596662623268],[-91.124239530388792,42.921066626290191],[-91.124686098768848,42.921439867725468],[-91.125105961307511,42.921773396307891],[-91.125520258174205,42.922041907298649],[-91.125915790420422,42.922289079193469],[-91.12684557261889,42.922897156309901],[-91.127945911638804,42.923558782405365],[-91.128319023617294,42.923799701179661],[-91.128924179887036,42.924221025491946],[-91.129530880371107,42.924647275112349],[-91.130714637309808,42.925540472206819],[-91.131585285693689,42.926242513140153],[-91.132465804439349,42.926969204637992],[-91.133148721174365,42.927536789819833],[-91.13357967772275,42.927903171599837],[-91.133846256043398,42.928179778627815],[-91.134440539068478,42.928784101104192],[-91.134718573632057,42.929038169870971],[-91.134994380878211,42.929293610794353],[-91.135353359757843,42.929602310556511],[-91.135608211847696,42.929850141417369],[-91.135801849669974,42.930030374724588],[-91.136134724221947,42.930411848848905],[-91.136503548637279,42.930810786065592],[-91.136895635380654,42.93116163806873],[-91.137323188121272,42.93151292875379],[-91.137747011983279,42.931794537637842],[-91.137968324081143,42.931981552089667],[-91.138262069100406,42.932303876375478],[-91.138483885960014,42.932581971043973],[-91.138734107913052,42.932863816948966],[-91.138918098110267,42.933052857746091],[-91.139181235034826,42.933307784066464],[-91.139480661557968,42.933642439556529],[-91.139834147660366,42.934233452394437],[-91.140132667995175,42.93480817212204],[-91.140283688019295,42.935177838422163],[-91.14032208863955,42.935506131638618],[-91.140290521109208,42.935944650451674],[-91.140254096803886,42.936448756440768],[-91.140284845177547,42.936813290151932],[-91.140292546473759,42.937261836511809],[-91.140276161746243,42.937744760967462],[-91.140258504633692,42.938069948346914],[-91.140246332000331,42.938294114558978],[-91.140241220328619,42.938384396162185],[-91.140187378930136,42.938846027481006],[-91.140181613349981,42.9392230095835],[-91.140211657210187,42.939524721883593],[-91.140212977969014,42.93956175552777],[-91.140216095688004,42.939653657087547],[-91.140228939925905,42.940018242898532],[-91.140207462563851,42.940458371803423],[-91.140213767543329,42.940790055204538],[-91.140217431363794,42.940981277051492],[-91.140208215040502,42.94140902786598],[-91.140242932289723,42.941882194719717],[-91.140284272396684,42.942065341872002],[-91.140337866934019,42.942236381190838],[-91.140523944412067,42.94245832973445],[-91.140786990778324,42.942687192168549],[-91.141075609066846,42.942880301144214],[-91.141446320721542,42.943129412601436],[-91.141617328636016,42.943394481702875],[-91.141631173906177,42.943467149437623],[-91.141672688510411,42.943682667444058],[-91.141672810915779,42.944108469976626],[-91.141673002373594,42.944252409269652],[-91.141673165256137,42.94437570026799],[-91.14157741597829,42.944618792029424],[-91.14150132996788,42.945041806564333],[-91.141490495148332,42.945583144968239],[-91.141488391667579,42.945675611755199],[-91.141480741438272,42.945979347218682],[-91.141467904291233,42.946291608142424],[-91.14144520123007,42.946779754922439],[-91.141398999803258,42.947407903281082],[-91.141369442773239,42.947736125699521],[-91.141295031369154,42.948260646036651],[-91.141177233566012,42.948772397474301],[-91.141036661515074,42.949153631595955],[-91.140943364756978,42.949364699684317],[-91.140801326873301,42.949686032156833],[-91.140725821675062,42.949810540969587],[-91.140593316416911,42.95002878391093],[-91.140328800239857,42.95041915858566],[-91.139953039194211,42.950890245190784],[-91.139617812009234,42.951326095466293],[-91.138902601595746,42.952216590618136],[-91.138450365542681,42.952775151624401],[-91.138035420944874,42.95311987564498],[-91.137528737615952,42.953423438408038],[-91.136923047692079,42.953721255659687],[-91.136315973862153,42.954042118318448],[-91.135880840913956,42.954387440138206],[-91.135581744485251,42.954746629184129],[-91.1352981858698,42.955354337312222],[-91.135108915520476,42.95578618686487],[-91.134880033315667,42.956145443068436],[-91.134555435501667,42.956489339518278],[-91.134173586864222,42.956746156392811],[-91.133530349898152,42.957157097658076],[-91.132655484100141,42.957698208176737],[-91.131690805613985,42.958215706370787],[-91.131015285919446,42.958669798570284],[-91.130531043436875,42.959062987622715],[-91.130459258745759,42.959121905161247],[-91.130429095267274,42.95913982592014],[-91.12982567892,42.959739665674292],[-91.129305339128493,42.960232810425673],[-91.12873593481433,42.960770822437695],[-91.128316167649217,42.961141312849826],[-91.127923111788803,42.961409115312826],[-91.127076929171935,42.961887270338551],[-91.126208402825043,42.962380028978359],[-91.125579577002867,42.962781832531739],[-91.124945294417685,42.963282966634594],[-91.124092559983467,42.963946037031626],[-91.123278885964723,42.964581549533108],[-91.122535926014166,42.965167483423059],[-91.121812264279328,42.965732502750598],[-91.12153236208637,42.965930006449526],[-91.120783726634727,42.966367230572125],[-91.119821621870358,42.966917822616736],[-91.118963330770981,42.967395126371265],[-91.118342006345145,42.967746658669355],[-91.117507969878716,42.96822251680809],[-91.116855402690675,42.968604864061859],[-91.116420660710375,42.968922399102766],[-91.116068684052337,42.969204591197567],[-91.115614063696242,42.969579516856939],[-91.115057099523781,42.969887512996145],[-91.113747835016184,42.970521850287028],[-91.112723294651431,42.971016582594444],[-91.112151532642415,42.971209912500491],[-91.111728366077912,42.971313952350314],[-91.11166233127463,42.97133031651456],[-91.110981399796032,42.971364276543937],[-91.110145235626774,42.971361602093609],[-91.108710910054313,42.971358621160633],[-91.107610130268512,42.971334970140717],[-91.106923565368447,42.971288797894879],[-91.106691390789223,42.971255131132672],[-91.106481641577545,42.971224687016765],[-91.105882547153612,42.971109963145118],[-91.10520948246706,42.970922451506041],[-91.103943807086978,42.970567234802729],[-91.103115497215697,42.970336507204884],[-91.102311182391063,42.970121067146387],[-91.101476851824714,42.969952889471763],[-91.100934794644772,42.969886001686199],[-91.100274051573649,42.969841918436664],[-91.09886513295406,42.96975561553851],[-91.097784340341732,42.969687373338004],[-91.096951377566839,42.969644814563488],[-91.096143219928166,42.96955582541127],[-91.095016969309555,42.969357905880067],[-91.094082516313975,42.969185265094922],[-91.093028077066478,42.96899784171891],[-91.092514356683665,42.968916028234517],[-91.091989180432179,42.968779913394641],[-91.091729949331011,42.969026395496925],[-91.091258064391653,42.969654511447807],[-91.090810287675666,42.970326178045298],[-91.090368375218816,42.971054068332975],[-91.08987598152288,42.971856440800714],[-91.089569762647841,42.972284942525782],[-91.089266939978572,42.972643469115603],[-91.088753105163875,42.973100202978493],[-91.088286842221834,42.973425387148851],[-91.087824105802937,42.973703934932999],[-91.087172767215804,42.974004065540313],[-91.086282579506346,42.974362686957413],[-91.085476080065433,42.974724109768339],[-91.0848981239523,42.974980703565642],[-91.084400402082252,42.975214868204191],[-91.083913805971335,42.975512932948234],[-91.083456587508536,42.975864693566727],[-91.083030636775064,42.976270969983993],[-91.082640643795656,42.976780318226098],[-91.08237806453964,42.977209792426599],[-91.082214530140504,42.97756465950674],[-91.082056783637043,42.97795875147105],[-91.082040161867198,42.978000493756795],[-91.081844762563207,42.97849674301181],[-91.081602485517678,42.979118208324735],[-91.081409577428062,42.979507174554833],[-91.081166479627257,42.979870193876657],[-91.080935989198522,42.980131129892506],[-91.080713907813276,42.980350608023429],[-91.080315560138601,42.980675325250523],[-91.079891879947382,42.980936182469193],[-91.07934747834112,42.981192386446828],[-91.078585307369863,42.981466678224884],[-91.077887533707028,42.981689786336268],[-91.076865170633681,42.982026427141292],[-91.075883437750079,42.982342388595782],[-91.075019648000591,42.982630894214438],[-91.074330267387708,42.982898674675063],[-91.07428777657924,42.982922369471972],[-91.073820178893726,42.983148460855787],[-91.073412222650632,42.983340663448764],[-91.072694281086285,42.983744308264178],[-91.072128326024909,42.984040869193343],[-91.071518975656332,42.984325721877866],[-91.070869639589574,42.984528918880265],[-91.070246012507098,42.984716131043392],[-91.069531066521662,42.985042104835813],[-91.068937528407872,42.985362302713149],[-91.06831790731934,42.985697374103637],[-91.067764068322532,42.986039968949683],[-91.067316455612797,42.986403722822743],[-91.066420676478742,42.987094436000326],[-91.065916702013368,42.987479709172483],[-91.065506189563621,42.987785478372118],[-91.065277546218681,42.987974217387006],[-91.064938339645423,42.988438934400804],[-91.06481839180725,42.98896707695954],[-91.064773320692765,42.989435783160587],[-91.064756154652258,42.989615250359662],[-91.064703088640002,42.990050775412286],[-91.064528293497375,42.990512925868067],[-91.06414546612163,42.990833705025253],[-91.063735386673997,42.990985001043597],[-91.063010772994943,42.991084341029818],[-91.061394597694701,42.991226590491948],[-91.058842563186644,42.991454345920587],[-91.05482157411781,42.991823319498593],[-91.053958506410908,42.991798627688084],[-91.053206076158546,42.991684239086624],[-91.052551815744607,42.991540829130251],[-91.052013309221977,42.99145861201368],[-91.051436160100366,42.991435189804292],[-91.050712813354821,42.99148725411419],[-91.04993845349324,42.991674415559501],[-91.049255311123261,42.991966445175251],[-91.047977172868002,42.992535493175652],[-91.047412328520821,42.99278638326399],[-91.046841784638914,42.993094189236885],[-91.048965190104951,42.996494435022463],[-91.049941204730104,42.998166348122808],[-91.050539469267463,42.998983901134082],[-91.051331390426,43.000043107389345],[-91.052569290693526,43.001503931918485],[-91.052629382340783,43.001572780620485],[-91.052668648883738,43.001617768537344],[-91.052801374161589,43.001781626959385],[-91.052975486464575,43.001997396360608],[-91.053091321930125,43.002154241866158],[-91.053233145913111,43.002360051290133],[-91.053314703438048,43.002473114627144],[-91.05340383165354,43.002619948931439],[-91.053498804484875,43.002782100859875],[-91.053617825002206,43.002961464954659],[-91.053746856393673,43.003155099685323],[-91.053855680721838,43.003309946795],[-91.054020106524902,43.003529910006051],[-91.054201593912566,43.003768167008822],[-91.054361388344233,43.003962535201197],[-91.054443657461505,43.004050242131541]],[[-90.997498589765158,42.72080867617845],[-90.997498539378697,42.72080797059224]],[[-91.054443657461505,43.004050242131541],[-91.054817358874914,43.004599622897445],[-91.055029359398418,43.004876876998992],[-91.055273124262129,43.005176863523388],[-91.055544334861423,43.005526069704153],[-91.055710150220051,43.005736193144266],[-91.055826705733693,43.005876225838286],[-91.05595809455653,43.006048484519852],[-91.056090742074119,43.006211665222281],[-91.056571414224365,43.006798170888075],[-91.056973268396945,43.007282790785887],[-91.057184347931639,43.007520967674097],[-91.057540900051805,43.007961428476165],[-91.057715289720363,43.008122636620712],[-91.057866806061483,43.008258597077209],[-91.058023647052281,43.008391265413543],[-91.058185681936607,43.008520529354435],[-91.058352770186062,43.00864627941646],[-91.058524773768198,43.008768408794836],[-91.0586538881754,43.008839515393063],[-91.058802351466468,43.008956953496472],[-91.058831637400772,43.008977475018149],[-91.059040969850869,43.00911956353994],[-91.059256347216802,43.009256699722968],[-91.059477552373465,43.009388745066033],[-91.059704363374578,43.009515566516313],[-91.059744683155202,43.009538425977489],[-91.059852278431293,43.009593773673366],[-91.059949520010093,43.009641481894938],[-91.060065220181428,43.009702958745095],[-91.060240589040632,43.009781388356757],[-91.060572785420945,43.009917455035428],[-91.060750580098997,43.009986325120629],[-91.061006707321312,43.010079259401898],[-91.061223802639944,43.010153662636164],[-91.061463805523346,43.010233643183312],[-91.061762182752787,43.010309497686251],[-91.062089821656457,43.010388654820382],[-91.062475786013664,43.010460119598676],[-91.062944885515734,43.010552260770488],[-91.063643822436973,43.010673943577508],[-91.06422497553136,43.010768603964834],[-91.065372625478275,43.010954486345057],[-91.066008658020721,43.011049824421761],[-91.067155405457939,43.01122974502146],[-91.067631445405297,43.011299758080007],[-91.06849820110692,43.011434622633779],[-91.069544229930017,43.011609498294575],[-91.071575039409197,43.011914238297557],[-91.072257234807779,43.012014010741304],[-91.072940748373014,43.012108808622884],[-91.073625511050167,43.012198621761023],[-91.07431145626829,43.012283441753759],[-91.075089614649144,43.012381609330426],[-91.076065461452728,43.012486800866498],[-91.07634521285847,43.012517533474934],[-91.076611983759477,43.01254837850859],[-91.07719606654733,43.012614039446881],[-91.077780908619658,43.012676034236918],[-91.077997681335219,43.012697342385543],[-91.078657624261254,43.012760057033645],[-91.079177687455015,43.012808163546111],[-91.079698182277724,43.012853684600856],[-91.080414604562392,43.012908949438007],[-91.080879639864477,43.012944071069469],[-91.081344988597721,43.012976884380066],[-91.082894391109264,43.013097173063748],[-91.083870440581308,43.013175515321983],[-91.08532748006381,43.013290486375993],[-91.087863471523562,43.013490369969382],[-91.088904672742459,43.013572390303267],[-91.08991719891354,43.013636376187897],[-91.091022502667656,43.013715191303369],[-91.093194318085153,43.013879121329992],[-91.094002925876694,43.013933933681805],[-91.094532104236691,43.013966586507323],[-91.096369970381204,43.014130353861034],[-91.099374773809757,43.014396971188532],[-91.101455603540515,43.014558034353492],[-91.102223087090309,43.01462688991316],[-91.102771155720774,43.014681168680298],[-91.103073551895733,43.014714736992133],[-91.103374333652837,43.014755374547285],[-91.103673194796031,43.014803040186955],[-91.103969827770513,43.014857685564529],[-91.104263932234417,43.014919254162422],[-91.104555206502184,43.014987683175434],[-91.104843356132704,43.015062903427868],[-91.105128084097103,43.015144838567721],[-91.105409101804753,43.015233404059721],[-91.105870574506625,43.015389502984981],[-91.106322508357195,43.015547720170424],[-91.107185438205036,43.015868163423129],[-91.10852854796687,43.016348353176738],[-91.109439941410827,43.016654019043656],[-91.109692523492981,43.016741828477755],[-91.109941723253314,43.016834696717339],[-91.110187350519539,43.016932555390476],[-91.110429222347392,43.017035328852508],[-91.11066715331836,43.017142940583412],[-91.110900966501021,43.017255308579045],[-91.111130483700208,43.017372349047463],[-91.111355531526684,43.017493972748149],[-91.111419021863099,43.017528394396393],[-91.111622006827773,43.01764368524244],[-91.111622980659845,43.017644334044405],[-91.112471687688085,43.01821001604781],[-91.113021482298393,43.01858041938511],[-91.113577240209793,43.01895786691918],[-91.114349400952889,43.019473591730758],[-91.115470648040571,43.020245647622154],[-91.115470854336976,43.02024578969035],[-91.116979945380081,43.021263072091593],[-91.117540703626503,43.021645566127489],[-91.117774916982938,43.021805543146058],[-91.117775235114507,43.021805760659653],[-91.118753611982683,43.022474001700417],[-91.119997363118983,43.023309088614489],[-91.119997791770913,43.023309376179142],[-91.122497797277433,43.02498657042257],[-91.124933293970273,43.026622119403591],[-91.126607067033007,43.027741742218367],[-91.12782672146561,43.028583835630762],[-91.127827288338636,43.028584227161076],[-91.127864317204114,43.028593479475894],[-91.127902102192195,43.028599113351788],[-91.127948038407879,43.028603469217614],[-91.128024963749425,43.02859960427444]],[[-91.128024963749425,43.02859960427444],[-91.128007272525366,43.028560508186771],[-91.127972699565731,43.028504397101813],[-91.127938471088257,43.028467093896637],[-91.127898433576249,43.028435638101747],[-91.127814619273906,43.028384352658669],[-91.127813703086147,43.028383787173887],[-91.12724757854042,43.028034326181611],[-91.126677735446322,43.027632735236146],[-91.126249105495361,43.027364402388251],[-91.125625206613563,43.026942545746074],[-91.125047935483451,43.026541028646214],[-91.124445640218312,43.026145256493201],[-91.123849704072484,43.025745096314878],[-91.122882754669433,43.025100326142834],[-91.122076230572162,43.024554830048913],[-91.121266258235849,43.024011946399384],[-91.12018172887808,43.02327545345058],[-91.120181366014748,43.023275206665318],[-91.119335790367458,43.022706867547363],[-91.118362792656086,43.022048169214699],[-91.117874962290571,43.021718257198856],[-91.11787442551622,43.021717894140352],[-91.117407658367469,43.021402210165711],[-91.115594947006585,43.020176249674684],[-91.115594238808725,43.020175771212251],[-91.11447100052159,43.019406680530395],[-91.113036689750132,43.018438551695915],[-91.112137505893926,43.017823872398672],[-91.111999712802586,43.01773398232055],[-91.111873995631342,43.017657004901636],[-91.111722311223701,43.017561392634654],[-91.111721275961401,43.017560739927816],[-91.111531948079133,43.01743786951932],[-91.111234204182381,43.017271783279881],[-91.110911721489714,43.017100920655928],[-91.110732799957447,43.017009322021416],[-91.110549927630842,43.016922025285986],[-91.110363297582666,43.016839122208985],[-91.110173105238445,43.016760699124873],[-91.109979549636265,43.016686838732141],[-91.10978283586438,43.016617619169068],[-91.108609465674746,43.016189289387214],[-91.107079567560149,43.01561322200795],[-91.105981797347511,43.015233093687591],[-91.105498432853651,43.015075746980642],[-91.105283552765215,43.015008240382613],[-91.105066351782398,43.014944862047678],[-91.104846974210616,43.014885654693842],[-91.104625571682632,43.01483065916846],[-91.104402292100033,43.014779913654365],[-91.104177286962809,43.01473345179835],[-91.103950710158543,43.014691303623202],[-91.10372271557344,43.014653499152971],[-91.103493455736285,43.014620061221891],[-91.103263088114701,43.014591014418798],[-91.103031767640786,43.014566378855719],[-91.102799651634996,43.014546171020889],[-91.100886220185728,43.014378650427894],[-91.097532995461293,43.014091596729592],[-91.094553272515569,43.013809697860509],[-91.089067449495545,43.013391093463895],[-91.086867540839407,43.013194006500854],[-91.084682572262608,43.01301460144326],[-91.082120384855756,43.01280060411883],[-91.080151129281049,43.012664457551246],[-91.079947935750241,43.01264850936186],[-91.078814010135034,43.012555557134817],[-91.078053161453639,43.012491254571216],[-91.077318951167641,43.012411306707513],[-91.076809288591576,43.012359399139918],[-91.07583021828961,43.012248825963539],[-91.07485239556371,43.012132472211377],[-91.073875880942197,43.012010345451152],[-91.072900741117479,43.011882454995856],[-91.071927036598822,43.011748807517158],[-91.071756174766122,43.011725391989657],[-91.070759667358175,43.011574791859658],[-91.069624345731967,43.01138957775192],[-91.068744196109236,43.011251469952633],[-91.066610796453162,43.010921566438931],[-91.065455330555892,43.010753635097352],[-91.065406567256815,43.010749325444642],[-91.064499488088472,43.010593425719087],[-91.06411567748674,43.010531754154322],[-91.063915135410227,43.010501002682894],[-91.063558539050817,43.010442705247598],[-91.063221770550342,43.010387842488022],[-91.063026161191885,43.010357034624271],[-91.062682968045934,43.010288893599153],[-91.062291838296588,43.010199611611256],[-91.061920179744234,43.010110138606024],[-91.061577684413336,43.010016818903502],[-91.061308409421443,43.009933544088703],[-91.061102736203395,43.009867553805726],[-91.060897001740614,43.009797979742686],[-91.060656816901485,43.009707283773047],[-91.060490220439505,43.009648071153734],[-91.060269457785282,43.009553628422097],[-91.060185947200566,43.009511513225796],[-91.06002035006486,43.009416314015624],[-91.05968285654231,43.00923598131849],[-91.059473565265435,43.009120596927502],[-91.059269070463785,43.009000668872858],[-91.059069555629961,43.008876306243046],[-91.05887519935979,43.008747619072977],[-91.058686175429443,43.008614722845671],[-91.05862108441552,43.008565581518639],[-91.058583773465003,43.008538526325438],[-91.058578232516325,43.008534613590825],[-91.058388618538032,43.008396433704668],[-91.058205149656871,43.008253855383366],[-91.058028014912708,43.008107026391009],[-91.057857398478447,43.00795609723825],[-91.057693474829918,43.007801225729487],[-91.057536414756527,43.007642569702924],[-91.057386378108575,43.007480293401123],[-91.05724352109651,43.007314563801359],[-91.057107991430044,43.007145553361802],[-91.056979927014424,43.006973435531094],[-91.056138439348473,43.005963435211449],[-91.055776402253954,43.005543235726215],[-91.055345367226053,43.005048560845097],[-91.054443657461505,43.004050242131541]],[[-91.128024963749425,43.02859960427444],[-91.129935125786062,43.02985145844206],[-91.130432346523421,43.030159403101997],[-91.131303151855278,43.030713676365437],[-91.13200959234581,43.031159376666679],[-91.1323862793773,43.03140187221031],[-91.13242671606686,43.031427903302465],[-91.132653308171001,43.031563849352935],[-91.133070886683157,43.031842047597578],[-91.133390670081795,43.032048088493028],[-91.133560687831704,43.032168630018958],[-91.133746126025144,43.03229163804491],[-91.133871889337954,43.032371729810677],[-91.134032305188242,43.032474750347845],[-91.134213978620409,43.032583392451194],[-91.134381339023236,43.032681184746565],[-91.134395206843664,43.032689287674494],[-91.134428046762309,43.032708975553874],[-91.134725493960175,43.032899040557524],[-91.134755310084444,43.032918092862239],[-91.135657272732928,43.033503220269886],[-91.136400000180743,43.033987766544648],[-91.136969278285747,43.034347706863038],[-91.137129845257761,43.034458348666746],[-91.13728220393125,43.034580472038243],[-91.137564704536629,43.034836015057472],[-91.137694440463491,43.034973373942684],[-91.137896721929096,43.03524009628488],[-91.138090903504576,43.035549338957196],[-91.138228376138017,43.035850752778053],[-91.138292490254642,43.036054535514189],[-91.138609177533581,43.036965986580491],[-91.138989463268331,43.038077793148062],[-91.139343240386893,43.039096400244034],[-91.139365180441871,43.039169499737021],[-91.139418450273809,43.03931825265591],[-91.139471804125293,43.039470867813378],[-91.139525074656675,43.039619629672202],[-91.139578813370917,43.039768467883881],[-91.139632025214851,43.039913367165283],[-91.139677821531862,43.040062203375754],[-91.139723604136719,43.040210949651375],[-91.139776818391326,43.040355938878555],[-91.139830485386241,43.040500833518458],[-91.139883757558366,43.040649586160576],[-91.139929483554525,43.040794559847363],[-91.139983152978644,43.040939544428632],[-91.140028808084821,43.041080664676009],[-91.14008240798259,43.041221867836839],[-91.140128133398107,43.041366760390574],[-91.140181279628706,43.041507968017562],[-91.140226993228382,43.041652860641861],[-91.140273187259254,43.041797829500851],[-91.140326391979542,43.04194281852466],[-91.140379609065079,43.042087798391655],[-91.140425323589554,43.042232690911973],[-91.140430739454018,43.042246702592095],[-91.140532283230684,43.042526427330337],[-91.140696892968307,43.043077696399266],[-91.140738291591404,43.043266539676701],[-91.140784061655268,43.043564064496124],[-91.140799380680647,43.043708998697319],[-91.140808686239978,43.044032271807346],[-91.140843754900018,43.045378019147222],[-91.140874519718764,43.046558346860188],[-91.140905080699454,43.047840858470181]],[[-91.140905080699454,43.047840858470181],[-91.140876328450943,43.04842857921782],[-91.140883583176432,43.048739157604679],[-91.140884457808653,43.048786343514834],[-91.140880697252939,43.048825903471311],[-91.140870937764603,43.048864415635215],[-91.140858081293999,43.048897474696474],[-91.140828844139378,43.04893509145257],[-91.14079960678248,43.048972699198117],[-91.140732004962928,43.049040332585811],[-91.140731274866781,43.049040754989385],[-91.140703452882107,43.049059072733002],[-91.140679528716959,43.04908014493207],[-91.140660006206971,43.0491035307301],[-91.14064529371359,43.049128738894176],[-91.140635698236039,43.049155241380937],[-91.14063551416622,43.049155909577571],[-91.140630712670699,43.049186548849974],[-91.140632756951689,43.049217354011375],[-91.140641592569466,43.049247507059597],[-91.140656983697966,43.049276208008102],[-91.140711226201248,43.049396611971289],[-91.140740797022957,43.049459792653437],[-91.140759301253723,43.049510179644372],[-91.140777762890878,43.049557604447912],[-91.140792283572225,43.049611011763488],[-91.140810953435334,43.049670329943297],[-91.140831482291588,43.049756410125447],[-91.140851845658574,43.049833559102858],[-91.140862358296928,43.049889986984411],[-91.140867475344422,43.049947450191276],[-91.140876674351631,43.0500058722427],[-91.14087925621088,43.050072293573052],[-91.140874736849625,43.050119938471013],[-91.140848629711869,43.050170779214334],[-91.14082106183524,43.050215682283195],[-91.140797189893405,43.050240719735477],[-91.140735990764654,43.05029488190447],[-91.140735274641642,43.050295330282857],[-91.140705731620727,43.05031727794173],[-91.140681359145262,43.050342409507564],[-91.140662782476412,43.050370077602778],[-91.140650483239213,43.050399569645208],[-91.140650409986407,43.050400254746876],[-91.14065032512471,43.050427675476413],[-91.1406555641382,43.050454825218665],[-91.140666021033439,43.050481152129286],[-91.140681482018152,43.050506118044758],[-91.140701631972519,43.050529216427734],[-91.140747276271298,43.050604996791044],[-91.140770429583512,43.050645846272076],[-91.140784049574663,43.050675156473893],[-91.140798678679388,43.050708562842381],[-91.140807583358622,43.050735866935376],[-91.140815580242347,43.050764539815823],[-91.140826756572082,43.05081304577903],[-91.140836924221688,43.050858139939841],[-91.140854396556819,43.050944241567741],[-91.14088674587687,43.051128114006218],[-91.140921278540489,43.051329073944942],[-91.140936269389954,43.051432318583529],[-91.140941860956147,43.051482248955708],[-91.140943574427595,43.051574676032416],[-91.140941574868492,43.051617829373484],[-91.140930988291188,43.051651487133192],[-91.140916707280141,43.051686550469569],[-91.140902261761482,43.051713402988263],[-91.140880605773788,43.051754014820951],[-91.140815506092267,43.051818344605188],[-91.140814801034651,43.051818794674674],[-91.14078559081581,43.051840450875339],[-91.140761414899174,43.051865220297628],[-91.14074288185688,43.051892481844163],[-91.140730457815152,43.051921547400092],[-91.140724453450161,43.051951688977056],[-91.140725021698373,43.051982147740532],[-91.140732147123785,43.052012156628095],[-91.140745651244472,43.052040962808348],[-91.14076519402623,43.05206784207418],[-91.140826359818703,43.05218931151839],[-91.140866236796114,43.052263231268526],[-91.140885361491911,43.052310604396247],[-91.14090247582925,43.052359483370275],[-91.140919685091262,43.052412818812847],[-91.140932803256902,43.052464709237057],[-91.14094181505088,43.052513668990677],[-91.140955414066539,43.052590831327862],[-91.1410593770661,43.05316946428843]],[[-91.1410593770661,43.05316946428843],[-91.141079676493888,43.052843755125394],[-91.141062672941928,43.052582323787185],[-91.14103773345677,43.052439890077238],[-91.14103630056151,43.052362606434272],[-91.1410311196762,43.052301722039154],[-91.141044457335624,43.052255511046162],[-91.141068131445678,43.052221092432248],[-91.141107829994596,43.052176104369707],[-91.141156771027411,43.052114374089733],[-91.141157487168186,43.052113925708611],[-91.14118642788705,43.052092502626685],[-91.14121043962642,43.052068022008825],[-91.141228931920452,43.052041087671313],[-91.141241449239956,43.052012362417024],[-91.141247683017923,43.051982554407815],[-91.141247756265585,43.051981869306005],[-91.141247555544567,43.051951710344689],[-91.141240920653601,43.051921946032358],[-91.141228016243716,43.051893310425058],[-91.141209159904136,43.051866508137287],[-91.141184815772547,43.051842200898939],[-91.141140398400168,43.051732676190703],[-91.141117846539998,43.051685229218812],[-91.141100701512656,43.051650587302113],[-91.14108556478584,43.051613665129679],[-91.141074298682298,43.051562323554911],[-91.141059730172358,43.051500416158134],[-91.14103937269347,43.051403762598177],[-91.141005233106767,43.051176342421869],[-91.140965242972541,43.050967134413533],[-91.140953654470806,43.050898389588809],[-91.140951446983266,43.050835611516106],[-91.140957303300439,43.050761397877814],[-91.140965924946556,43.05072574260813],[-91.140977724509852,43.050694603118927],[-91.140997757995592,43.050661868706193],[-91.141026139299996,43.050634345924784],[-91.141082767626742,43.050564776795987],[-91.141083471307027,43.050564319534601],[-91.141112305617355,43.050542823687913],[-91.141135961009567,43.050518160232528],[-91.141153802727985,43.050490993758991],[-91.141165350709286,43.05046205395093],[-91.141170293996154,43.050432118331607],[-91.141168498978871,43.050401993271251],[-91.141160015064827,43.050372488716761],[-91.141145069382787,43.050344397533173],[-91.141124065170104,43.050318474808861],[-91.141097566689695,43.050295419095939],[-91.141057131887038,43.05020857394355],[-91.141035143551193,43.050153737314638],[-91.141016562379278,43.050104521777101],[-91.141006778127547,43.050053615650583],[-91.140948196015842,43.049752166799749],[-91.140930669167233,43.049640590881154],[-91.140926661593255,43.049602576177556],[-91.140925866178137,43.049559666806736],[-91.140928703320625,43.049534541893017],[-91.140936971841725,43.049503689745151],[-91.140947467651216,43.049474427264229],[-91.140962428074388,43.049447560591609],[-91.140978583292082,43.049425535639102],[-91.141010040395415,43.049371950853974],[-91.141010895908096,43.049371670375841],[-91.141050246435967,43.049355888640974],[-91.141085348834821,43.049335415383986],[-91.141115175462346,43.049310849776283],[-91.141138849508252,43.049282912852533],[-91.141155678933131,43.049252423758887],[-91.141165170764779,43.04922027619709],[-91.141167045344261,43.049187412167846],[-91.141161248116191,43.049154795738744],[-91.141147949059388,43.049123382433322],[-91.141127538518262,43.049094093158487],[-91.141077849232289,43.048992815394556],[-91.141061013153305,43.048958899770383],[-91.14104413302978,43.048922607291708],[-91.141028276707345,43.048883918305734],[-91.141013175324247,43.048827004896744],[-91.141000888561422,43.048747064930438],[-91.140987186328047,43.048649714612189],[-91.140985819943836,43.048576005197397],[-91.140977686132288,43.048428658228097],[-91.140905080699454,43.047840858470181]],[[-91.1410593770661,43.05316946428843],[-91.141053700625307,43.054081186046574],[-91.141096709612498,43.055282800764878],[-91.141119665529814,43.056312784102857],[-91.14111194092429,43.056500144602062],[-91.141105969722076,43.056648364114885],[-91.141104583065115,43.056682782881467],[-91.141089231953217,43.05681249815202],[-91.141081684637797,43.056934598515852],[-91.141066332090347,43.057064241753302],[-91.141043360823417,43.057186324821338],[-91.141028252389489,43.057304637478481],[-91.14100520934528,43.057422858157594],[-91.140974918232189,43.057529669882882],[-91.140951875010217,43.057647890548843],[-91.14092133016338,43.057766195008803],[-91.140883458537417,43.057892028546441],[-91.14084525098724,43.058025582597281],[-91.140799167791229,43.058162898143841],[-91.140753622562741,43.058304071397643],[-91.140700259428741,43.058452787606754],[-91.140638952228088,43.058601582975662],[-91.14057030715604,43.058757988529926],[-91.14050205687883,43.058910536017976],[-91.140417892460533,43.059063161023239],[-91.140321345746415,43.059228858368101],[-91.140242490806884,43.059364537181878],[-91.140150846107858,43.059517146470732],[-91.14005919945923,43.059669674658501],[-91.139959933501302,43.059814642542335],[-91.1397769799039,43.060062586231901],[-91.139708589437419,43.060158025708141],[-91.13964732200229,43.060234267849808],[-91.139601547811196,43.060287717408684],[-91.139563251176796,43.060341101486515],[-91.139540505339298,43.06037545647429],[-91.13951767582914,43.060405958204932],[-91.139494929942799,43.060440313183811],[-91.139456491725568,43.060486062502527],[-91.139410844630632,43.060547056801148],[-91.139364884840631,43.060615773171463],[-91.138477508775338,43.061795408043437],[-91.137841797386642,43.062619751639723],[-91.137442956555503,43.063142325391539],[-91.13697698483287,43.063758855204391],[-91.136598762992875,43.064261536415565],[-91.136366778243485,43.06459247311934],[-91.136231852201618,43.064807759622589],[-91.136095062713366,43.065047881874314],[-91.135988380857384,43.065275728587821],[-91.135903829231793,43.065484931555403],[-91.135795892615306,43.065838393998582],[-91.135795694540391,43.065839040713051],[-91.135689228170506,43.066512409676882],[-91.135683050202516,43.06699134967073],[-91.135740285673378,43.067651306326219],[-91.135865193289561,43.068723410009383],[-91.136024031079259,43.070233803189595],[-91.136271840220431,43.07260767938341],[-91.136510848265317,43.074924253560269],[-91.136673813443409,43.076458664174908],[-91.136780372459341,43.077292400067002],[-91.13682248949155,43.077648942799541],[-91.136871264306436,43.078099123780724],[-91.13690637173454,43.078539562189462],[-91.13692464657089,43.0789445896622],[-91.13695618816638,43.079337625899981],[-91.136976318877174,43.07956463611059],[-91.136993658066473,43.079760256146294],[-91.137027926906228,43.0801552372697],[-91.137089173497358,43.080842490589902],[-91.137156045410464,43.081541556271084],[-91.137195797776982,43.081910754995221],[-91.137269037012757,43.08276859446579],[-91.137334452707094,43.083473032162338],[-91.137407144499193,43.084346868444825],[-91.137518716635142,43.085625382541167],[-91.137627870302836,43.086887119074262],[-91.1376715338981,43.087364371513395],[-91.13769444915043,43.087589498601069],[-91.137732445836178,43.088047277627034],[-91.137747469839709,43.08827616611903],[-91.137991725503539,43.090862535398337],[-91.138179547796966,43.093019844252851],[-91.138209989849756,43.093365191579387],[-91.138259013995366,43.093915042643218],[-91.138288628541986,43.094215662172353],[-91.138502856180864,43.096493028936763],[-91.138549926369222,43.097037919357071],[-91.138613391224666,43.097767902651825],[-91.138693585355483,43.098640625748253],[-91.13870889918627,43.09888477397309],[-91.138754507335918,43.099373101388515],[-91.138777784562222,43.099617251359966],[-91.138800593617646,43.099861324932746],[-91.138831983400962,43.100181808969602],[-91.138886742352128,43.100692332051494],[-91.138935938486881,43.101025362570375],[-91.138959046598259,43.101172811451228],[-91.13899126001543,43.101326184897097],[-91.139052379378143,43.101566527183337],[-91.139120911974331,43.101803031611013],[-91.139204834719862,43.102035771826358],[-91.139296228569108,43.102268446582471],[-91.139370344408263,43.102471280282955],[-91.139460080699706,43.102669509991799],[-91.139639191605056,43.103047702022465],[-91.139914154935255,43.103599794177214],[-91.140028751889716,43.103820990104659],[-91.140135867067229,43.104042269467065],[-91.140250000438158,43.10426355982154],[-91.140585923540996,43.104931105639686],[-91.14099855361097,43.105765392826463],[-91.14110490895159,43.106004931512921],[-91.141228391935769,43.106312330540277],[-91.141286086982021,43.106492625523387],[-91.141330081208267,43.106666411597367],[-91.141377138108865,43.106883309103623],[-91.141403081215913,43.1070677928167],[-91.141417419479581,43.107242838194537],[-91.141432605125587,43.107479350889449],[-91.141440376443569,43.107719638513323],[-91.141432507496987,43.108200258190131],[-91.14139447642161,43.109672805154801],[-91.141371828446069,43.110916323393248],[-91.14136382695618,43.111164314245777],[-91.141356279929042,43.111412291549129],[-91.14134925526217,43.111637454485518],[-91.141334561385904,43.112567634214081],[-91.141328876865373,43.112983955491828],[-91.141330132188017,43.113532956157535],[-91.141347348373372,43.114098186274589],[-91.14137930765105,43.114614103105453],[-91.141418434329708,43.115154531453818],[-91.14151032351343,43.116246733019736],[-91.141602185746081,43.117337286699168],[-91.141701437852333,43.118585097950557],[-91.14170145385873,43.118585297697031],[-91.141785982800968,43.119606972544894],[-91.141874036040562,43.12062695689805],[-91.141948767635725,43.121564356062528],[-91.142037094759928,43.122689260885764],[-91.142098636897771,43.123370038075244],[-91.14217784991385,43.124008739521329],[-91.142236169418538,43.124308700692524],[-91.142304645624321,43.124683408101269],[-91.142382098177961,43.125068750503047],[-91.142475308146786,43.125513988313664],[-91.14265880730909,43.126404510781278],[-91.142698819469572,43.126665807843388],[-91.142726479369983,43.126892911069689],[-91.142768596218772,43.1272678813013],[-91.142801418215399,43.127615056562185],[-91.142858137576894,43.128144321657985],[-91.142909434168743,43.128697242346917],[-91.143002172948513,43.129588670384834],[-91.143130438715019,43.130814369342616],[-91.143263633449379,43.132147274379584],[-91.143325165394089,43.132777308057271],[-91.143376809637616,43.133506123628194],[-91.143392472102647,43.133874919171717],[-91.143395500441201,43.13419450387412],[-91.143389779214715,43.134516319134427],[-91.143366930722152,43.134861907016827],[-91.143329640567657,43.135218363864219],[-91.143291618450206,43.135536215590214],[-91.143113467054462,43.137136069953236],[-91.143070989509681,43.137529047672345],[-91.14302353847701,43.137969259953493],[-91.142981791174222,43.138400833670424],[-91.142936016895632,43.138931121656611],[-91.142839081389766,43.140017495831167],[-91.142714448829736,43.141412739144194],[-91.142615390555846,43.142501051899835],[-91.142590196840715,43.142756056827501],[-91.142568784421158,43.142967161852809],[-91.142540556411973,43.143183395599536],[-91.142496480212401,43.143414978604163],[-91.142438219257471,43.143626442550961],[-91.142347218835383,43.143936096944635],[-91.142169028517571,43.144513189203742],[-91.141993460385692,43.145107120844933],[-91.141874890728786,43.145545268523286],[-91.141778387691801,43.145930896279609],[-91.141683649032842,43.146287826220245],[-91.141541629682564,43.146827429778902],[-91.141408522794649,43.147351771209877],[-91.141129353541402,43.148446119667355],[-91.140777577949166,43.149849945693113],[-91.140591474024419,43.150622813801597],[-91.140451829496087,43.151167461629967],[-91.140211363096938,43.152114644215807],[-91.139959712371407,43.153080496352949],[-91.13975961057794,43.153845064760517],[-91.139386446477019,43.155217041565258],[-91.138982764327153,43.156683789286717],[-91.138703469303266,43.157776456595869],[-91.138425041501165,43.158916344182146],[-91.138189064991479,43.159860099915889],[-91.137855469533179,43.161008972013462],[-91.137660222000108,43.161540670490034],[-91.137365099298492,43.162279191438991],[-91.137102069808989,43.162884104724078],[-91.136785059811473,43.163562104758796],[-91.136627120220851,43.163869042012806],[-91.136431088814575,43.164235410361137],[-91.13602461291778,43.164936223326173],[-91.135635771038451,43.165594681648678],[-91.135139841747346,43.166444857995351],[-91.13493029326186,43.166828223584027],[-91.134753054456311,43.167214645057413],[-91.134596862993504,43.167617723318919],[-91.134480939431171,43.167954613608117],[-91.134353749360102,43.168429954840292],[-91.134284925304172,43.16870552403099],[-91.134135226526269,43.169297618074403],[-91.134002660003119,43.169827085388746],[-91.133858655646961,43.170497175320783],[-91.13381921454743,43.170638877093644],[-91.133736585844616,43.170894691278562],[-91.133644562311957,43.171109546036313],[-91.133538235960344,43.171308757184455],[-91.133424212555269,43.17150093076966],[-91.13327852180602,43.171729742926793],[-91.133042738894801,43.172103117285012],[-91.132842658732784,43.172424036378551],[-91.132416890693889,43.173081921209523],[-91.132000933530932,43.173745236202898],[-91.131652460890493,43.174325777208018],[-91.131223031878449,43.175020000587658],[-91.130766332735192,43.175757129091977],[-91.130544987288999,43.176096416671903],[-91.130273037007242,43.176498570342119],[-91.130123754982193,43.176710043739142],[-91.129916315385756,43.176984448905117],[-91.129473362377041,43.177591174324348],[-91.129015524563073,43.178209895059354],[-91.128566240823076,43.178824576460926],[-91.128141024849072,43.179400334535877],[-91.127914750397665,43.17970729358624],[-91.127508773378707,43.180273386615021],[-91.127283896867837,43.180598484063957],[-91.127030145171034,43.18093730053441],[-91.126557946462356,43.181598771836278],[-91.126022043078663,43.182316922393845],[-91.125521729166323,43.182976306800057],[-91.125000247722937,43.183717209465506],[-91.124750890284517,43.184061488390903],[-91.124490696889723,43.184403514042849],[-91.124213208016158,43.184743340822962],[-91.123993350300665,43.184991023015627],[-91.123797712879679,43.185206094999756],[-91.123528941521045,43.185492931913274],[-91.123350994136104,43.185672314896664],[-91.123167660911633,43.185853317293635],[-91.12288143174483,43.186129275315004],[-91.12257919454035,43.186414871632465],[-91.122253654455847,43.186724369065381],[-91.12183004183467,43.187157984415578],[-91.121581389713867,43.187424890118663],[-91.121408170748879,43.187627896990122],[-91.121267843585585,43.187800586606762],[-91.121160408542991,43.187942950083837],[-91.120960303947996,43.188210171013942],[-91.120803549456127,43.188428809826632],[-91.120439575341493,43.188938411419564],[-91.120075496325668,43.189443276383386],[-91.119793381444197,43.189828133897699],[-91.119551684021175,43.190181015739661],[-91.119292590915137,43.19052696256842],[-91.118991193979781,43.190919903811647],[-91.118709458394179,43.19126764658418],[-91.118437209792333,43.191602671334849],[-91.118136265289507,43.191961658210225],[-91.117807521674266,43.192335125297355],[-91.117650356503333,43.192532440603522],[-91.117445295841534,43.192765756007866],[-91.117208433217684,43.19303016861393],[-91.116872252562047,43.193410810281094],[-91.116660785477976,43.193648130847372],[-91.116508499328447,43.193817770580594],[-91.116166431211155,43.194171624660939],[-91.115778699871726,43.19456539958945],[-91.115291605476372,43.195014611235067],[-91.114984883876446,43.195295485419116],[-91.114302601619173,43.195869752010893],[-91.113785724809034,43.196283714839197],[-91.113290298309181,43.19669116328928],[-91.112584741571993,43.197233274253477],[-91.111790574587786,43.197888350202945],[-91.111456250052782,43.198195533604178],[-91.11114446309972,43.198496184831875],[-91.110725995425071,43.198924971975828],[-91.110313196360792,43.199368704322573],[-91.109959842478887,43.199758181553698],[-91.109344083207745,43.200435974772418],[-91.109133102632768,43.200643281948459],[-91.108802674647166,43.200989103751468],[-91.108387365459123,43.201414690949839],[-91.108063100619233,43.201743089872124],[-91.107694705985168,43.20213822553476],[-91.107612208602575,43.202230601777501],[-91.107243665456508,43.202677054977826],[-91.106954408409834,43.203032738154654],[-91.106836108247791,43.203175193028088],[-91.106471432573699,43.203657129655319],[-91.1063365458417,43.203836843640097],[-91.106029083026044,43.204200597582158],[-91.105828004531645,43.204420427355636],[-91.105601185080317,43.204648411649096],[-91.105395484408106,43.204851707742399],[-91.105178715986483,43.205039316215228],[-91.104840641189327,43.205322050572867],[-91.1046432719493,43.205486265647423],[-91.104642877804707,43.205486593621274],[-91.104364742078616,43.205716556729335],[-91.103947501422354,43.206065804696259],[-91.103688202243987,43.206281861259718],[-91.103011602379667,43.206843839610386],[-91.102039980992217,43.207655402109602],[-91.101174090042264,43.208375207619191],[-91.100440839967121,43.208986404112046],[-91.099509373752525,43.209763259882713],[-91.09905930484706,43.210140467678869],[-91.09851379890371,43.210593842103179],[-91.097786154697573,43.211182834146328],[-91.097369572217588,43.211487793709189],[-91.096928615565844,43.211784133904274],[-91.096512785546622,43.212047040393728],[-91.096258242255203,43.212193320363248],[-91.095825348801895,43.212433146862878],[-91.095359227934892,43.212676612609904],[-91.094863117294025,43.212934743920634],[-91.094241115204497,43.213259361103887],[-91.093688077311995,43.213549016842698],[-91.092919158777946,43.2139491666616],[-91.091974838364209,43.214439510514339],[-91.091573209023608,43.214652467710955],[-91.091126045924227,43.214911520399049],[-91.090907389495158,43.215049440973253],[-91.090613153612139,43.215252428945583],[-91.090319256664316,43.215474547801357],[-91.090006044153341,43.215742485502709],[-91.089578439332755,43.216141043828273],[-91.08919850533556,43.216505289167202],[-91.088412791763304,43.217251689042783],[-91.087850604541202,43.217779585343564],[-91.087519475848723,43.218093006913399],[-91.087207965675361,43.218377111030556],[-91.08692055010313,43.218615601946816],[-91.086670627103302,43.218805083886984],[-91.086299227336525,43.219068683557772],[-91.086038850618436,43.219245170630352],[-91.084577698179203,43.220237604177093],[-91.083705551738916,43.220831513862763],[-91.083136648364757,43.221212989926244],[-91.082600339606145,43.221556731386897],[-91.081884155563046,43.222001330787727],[-91.081365104706023,43.222309352889773],[-91.080790159240024,43.222640358319261],[-91.080040697075361,43.223085269550097],[-91.079238607475318,43.223594281147001],[-91.078229447858021,43.224258678119192],[-91.077762151920112,43.224601746247878],[-91.077252474136699,43.225008820334381],[-91.076791474231342,43.225419188847226],[-91.076366467975348,43.225840436570664],[-91.076000043024408,43.226246165959502],[-91.075701893229351,43.226606346013369],[-91.075314737962344,43.227143231484149],[-91.074758504401188,43.227960505735311],[-91.074509079106988,43.228327707631273],[-91.074294087252312,43.228616002174348],[-91.074051407320255,43.228930750751658],[-91.073708235656909,43.229351219981673],[-91.07320643684379,43.22991912355473],[-91.072721263959465,43.230413895463869],[-91.072154957827678,43.230952458886414],[-91.071754648027706,43.231326678647406],[-91.071202991195804,43.23182581285333],[-91.070533040981857,43.232438303175314],[-91.069875674687481,43.233039461070604],[-91.068956488684449,43.233888159012366],[-91.068374611455354,43.234417493189596],[-91.067420139294583,43.235300194493348],[-91.066803198025298,43.235874753826288],[-91.065737736761307,43.236852024982738],[-91.064760434380787,43.237749891206136],[-91.063866358357899,43.238579602402723],[-91.063420380657661,43.238982293759939],[-91.062863151253822,43.239462718470435],[-91.062282124934896,43.239900328381609],[-91.061663335141688,43.240373845047394],[-91.060941042103863,43.24093063857265],[-91.060375409719967,43.241371841859227],[-91.060374799694827,43.241372319356024],[-91.060108815167936,43.241580203412909],[-91.059911753528056,43.241739151075969],[-91.059790091253191,43.241836753773278],[-91.059563174499431,43.242034247040401],[-91.059352167096904,43.24224721551532],[-91.059172228372617,43.242463398707073],[-91.059092885353706,43.242565282176535],[-91.058932214380661,43.242791740933548],[-91.058739792053217,43.243114419472171],[-91.058479843385953,43.243669663312374],[-91.058339598182684,43.244112195898644],[-91.058282648833128,43.244405705780359],[-91.058219431526879,43.244749861498924],[-91.058021951315268,43.246021301965698],[-91.057976989872174,43.246266749389434],[-91.057858530079173,43.246871803729356],[-91.057726170547213,43.247534361059742],[-91.057572354729828,43.248199333482042],[-91.057460259817049,43.248588864436236],[-91.057258641424781,43.249146924475994],[-91.057148865214899,43.249384417949855],[-91.056662639832794,43.250378246193428],[-91.056241545351284,43.25122547924299],[-91.056068136182191,43.251697615720502],[-91.055669677426437,43.25261461222884],[-91.055320451913033,43.253515466989384],[-91.05489164288629,43.254491864714034],[-91.054493898473368,43.255452288303879],[-91.054064523913098,43.256493836072579],[-91.053698809835765,43.257398466140302],[-91.053345936693518,43.258282455203059],[-91.05304813306212,43.259010300781938],[-91.053048056157522,43.259010485183538],[-91.052403045062391,43.260559425995332],[-91.0519991850596,43.261656423788331],[-91.051857927039606,43.262169624469038],[-91.051753832641126,43.262662375980256],[-91.051656546003997,43.263549960683783],[-91.051624074097504,43.264279720310547],[-91.05164784434659,43.264934008629524],[-91.051709678659734,43.265909716464925],[-91.051796166930927,43.267300191277052],[-91.051814386503281,43.267777194174037],[-91.051794906903396,43.268389828421064],[-91.051760069619803,43.268836235332884],[-91.051700523554956,43.269301148678906],[-91.051585092654136,43.270007907288615],[-91.051456964793559,43.270703814854336],[-91.051325385952381,43.271489331371818],[-91.051216081552312,43.271971152958599],[-91.0511214019009,43.272284652688768],[-91.05099675739018,43.272602083523068],[-91.050839941668059,43.27293991697794],[-91.050645278781957,43.273259809584623],[-91.050408438760357,43.273600214396957],[-91.049809328992623,43.27440830075529],[-91.049147104106837,43.275330312279529],[-91.048770692367199,43.275849329618978],[-91.048505341195053,43.276279560171538],[-91.048279895366861,43.276702121653699],[-91.048140721064115,43.27704892914614],[-91.048005458539663,43.277477975278359],[-91.047928402119396,43.277798622327389],[-91.047880628116232,43.278076940740057],[-91.047844522313753,43.27845205929026],[-91.047831654961314,43.27872275516004],[-91.047851126602694,43.27912843923265],[-91.047891555782044,43.279442526005631],[-91.047962285791726,43.279772786450039],[-91.048031937448698,43.280040898258363],[-91.048121720725689,43.280314309306611],[-91.04827876083678,43.280716904542068],[-91.048571949128416,43.281469275998099],[-91.049065244150682,43.282707281851778],[-91.049231123105514,43.283203892094761],[-91.049332608494424,43.283665596903397],[-91.049428524888384,43.284221972492766],[-91.049455915478148,43.284768477421842],[-91.049439084558202,43.285254913503501],[-91.049370152127054,43.285849612008349],[-91.049124301265778,43.288083535995952],[-91.049077876819211,43.288522942336364],[-91.04900705537726,43.289217536012984],[-91.048989467494067,43.289869590137648],[-91.049003501074552,43.290476664637126],[-91.049060001831563,43.291251581374389],[-91.049192295552231,43.292038940352732],[-91.049390693623252,43.29290455430845],[-91.04950937923212,43.293318781528093],[-91.049642495731092,43.293735514486777],[-91.049778489574223,43.294110151662842],[-91.049966171503399,43.294560546545178],[-91.050302579036838,43.295288202686102],[-91.050622817118466,43.296017807176455],[-91.051057429778922,43.29701647755811],[-91.05137644480412,43.29788580521155],[-91.051588578151751,43.298554656304702],[-91.051827840603238,43.29934230627844],[-91.05234100902355,43.301107299096813],[-91.05262102207034,43.302075436925371],[-91.052863206533786,43.302849316438213],[-91.0531000532673,43.303495038125007],[-91.053352269618102,43.304122302501156],[-91.053667877096586,43.304790195940591],[-91.054253259685012,43.306011928030372],[-91.05491666397954,43.307393190553739],[-91.055348922488719,43.308277488917838],[-91.055862922677619,43.309355636375479],[-91.056142714778034,43.309943721838188],[-91.056397487403871,43.310534324795746],[-91.056591157090153,43.311036202930715],[-91.056767087015658,43.311600069550899],[-91.056963183266916,43.312241575418803],[-91.057042542348412,43.312478939120716],[-91.057122363728496,43.312671157999588],[-91.057270185297227,43.313001500433181],[-91.057473101929958,43.313404971185996],[-91.057773966359733,43.313995891890521],[-91.058084378253071,43.314572415255505],[-91.05877337544311,43.315889358394884],[-91.058986267572422,43.316302269657115],[-91.059252701335268,43.316788593537922],[-91.059498995908086,43.317244109841077],[-91.059757730465506,43.31766374444134],[-91.059965668850495,43.317978937824506],[-91.060199903348703,43.318303422807716],[-91.06045046592493,43.318627755893225],[-91.060740205341119,43.318951725057914],[-91.061055978704331,43.319284717562837],[-91.061377548766387,43.319626101592497],[-91.061919494153074,43.320153443501709],[-91.062866306287873,43.321119069401909],[-91.062866438133184,43.321119204144424],[-91.063432906033185,43.321701561466512],[-91.06398606920105,43.322283806473557],[-91.06439195831986,43.322777041430889],[-91.0646656853651,43.323133052295596],[-91.06525321987985,43.323967123666307],[-91.065679875019512,43.324619044608355],[-91.065928589211495,43.325027745517922],[-91.066558143606784,43.325979485011977],[-91.067235275543808,43.327024045310736],[-91.067588288884423,43.327573157432894],[-91.068100669097518,43.328329206822751],[-91.068912134050635,43.329516807804794],[-91.069266459349748,43.330025093928754],[-91.069805420821396,43.330700719944808],[-91.07033293252735,43.331291916481561],[-91.0707964037083,43.331761276314978],[-91.071222738342385,43.332161026327732],[-91.071699337554193,43.332580698833603],[-91.072363930937456,43.333131251569661],[-91.073056214002122,43.333665503612501],[-91.073635907726441,43.334091818330727],[-91.07464127724748,43.334881873423335],[-91.076235677666347,43.336174887133531],[-91.076235870583076,43.33617505370156],[-91.07726222762544,43.337060797131848],[-91.078089923720484,43.337790012900491],[-91.078977902500171,43.338583954189922],[-91.079299068921642,43.338856126999644],[-91.079587246613087,43.339070315429893],[-91.079917093043008,43.33929109711935],[-91.080283996983056,43.339506764443705],[-91.080574180454249,43.339694557345467],[-91.080782019514885,43.33980942622388],[-91.081139721573678,43.339993536067844],[-91.081648588831328,43.340234618076586],[-91.081923575144941,43.340353306969838],[-91.082276533545837,43.340484601939451],[-91.082448162163516,43.340544261938014],[-91.082896479390556,43.340696560217019],[-91.08362253395822,43.340933154449452],[-91.084190930723622,43.341119355126295],[-91.084876598553407,43.341339026676451],[-91.08554575853897,43.341553529163228],[-91.086255511310554,43.341794259332794],[-91.086776935765883,43.342003503444936],[-91.087452484082277,43.342273140334747],[-91.088619706853578,43.342816223560909],[-91.089751527652865,43.34342326661195],[-91.091372461843733,43.344337005642465],[-91.092074818027015,43.344737382977478],[-91.092834084563222,43.345154896878597],[-91.09379757571746,43.345690418857146],[-91.094371793196387,43.346005474709429],[-91.095220703712329,43.346461455184098],[-91.095932860502728,43.346879165371519],[-91.096761980314795,43.347392736303547],[-91.097522313722322,43.347850755585448],[-91.098153701763977,43.348254297546674],[-91.098792052928346,43.348669231736743],[-91.099563820998085,43.349136951285026],[-91.100151730290321,43.349493392695308],[-91.101161290863459,43.350081507148744],[-91.101402939445308,43.350223558179181],[-91.101821564822529,43.350457080759064],[-91.102101268832413,43.350615583034973],[-91.1022977850877,43.350719554206513],[-91.102479002883669,43.350807914754256],[-91.102918632166478,43.350994200612853],[-91.103484248060184,43.351228820590734],[-91.103938466098825,43.351428531423601],[-91.104216754481911,43.351574417929889],[-91.104893176006868,43.351907135816361],[-91.105999137383492,43.352487982581536],[-91.107205693148245,43.353113317068519],[-91.109251320265628,43.354200921639233],[-91.110144832727187,43.354703685052279],[-91.110848609454621,43.35506370047149],[-91.111396549431902,43.355328824702099],[-91.112103467020617,43.355659339321846],[-91.11341065403758,43.356305329855893],[-91.114572701780858,43.356840263710374],[-91.116056517020297,43.3575325020823],[-91.11605693772907,43.357532698775167],[-91.117218211495228,43.358066613634392],[-91.118474703546369,43.358647705026726],[-91.119114320338639,43.358933334879502],[-91.119900860835784,43.359247246008422],[-91.120818917814105,43.359617085885418],[-91.122183225335618,43.360168085298056],[-91.122853412776351,43.360425921637756],[-91.123688644136209,43.360784179499859],[-91.124438318025597,43.361099979270321],[-91.126043843566435,43.361741341838886],[-91.127164863957546,43.362195718274627],[-91.128072237574344,43.362556330364782],[-91.129720654677413,43.363220413306891],[-91.130920867675002,43.363714175074996],[-91.13171942480075,43.364032531928764],[-91.132631228409721,43.364400789601163],[-91.133174014163231,43.364641268818779],[-91.133779534468147,43.364949160817865],[-91.134313170291023,43.365267037184736],[-91.13517484248564,43.365785758165067],[-91.135779345531745,43.366152403356999],[-91.137228187228715,43.367014727563571],[-91.137495895926222,43.367163600155166],[-91.137767764226425,43.36730779345919],[-91.138043663943776,43.367441113689857],[-91.138227607520619,43.367530515622988],[-91.138477271474088,43.367635642006832],[-91.139139088507946,43.36788386700087],[-91.139564417559683,43.368021457737662],[-91.139986507180865,43.368150074774036],[-91.140802310895182,43.368376071814694],[-91.142162437785245,43.368748586021468],[-91.143614047597964,43.369143805717265],[-91.14487971020732,43.369495846706158],[-91.146252302458208,43.369871554968789],[-91.147671430990215,43.370260295280417],[-91.1492845511263,43.37070673159446],[-91.149940621390257,43.370885860829475],[-91.151381596597716,43.371284465217244],[-91.151659245753805,43.371361592399225],[-91.152055253268472,43.371496055161764],[-91.152517087193573,43.371683879524433],[-91.152931112184504,43.371873318591255],[-91.153284636372589,43.372045348529568],[-91.153691678442968,43.372273123935841],[-91.15406634975902,43.37250235012197],[-91.154553899087375,43.372824981629108],[-91.155469034221966,43.373399943635796],[-91.156951805453446,43.374368744661375],[-91.1581962015823,43.375215004871777],[-91.15879988321511,43.375637750197463],[-91.15920184949691,43.37592070911812],[-91.159534803416776,43.376144712326891],[-91.160163466103313,43.376581829185291],[-91.160522954091917,43.376821317958935],[-91.161150100457036,43.377258444712737],[-91.161634799562918,43.377590088001391],[-91.161820870503362,43.377717644747435],[-91.162229057093995,43.378001655239757],[-91.162715473468637,43.378341146270046],[-91.163728693550951,43.379033235626451],[-91.164882857368397,43.379831932815542],[-91.165710759445602,43.380434704640535],[-91.166397352373451,43.380990522294631],[-91.167394550461211,43.381808803489541],[-91.168177268075738,43.382466053735605],[-91.168967942603899,43.383135598207794],[-91.169595282416935,43.383657101068827],[-91.170073761671034,43.384060806724221],[-91.170448713136864,43.384377768390586],[-91.170809392312449,43.38467461509272],[-91.171123202243876,43.384941559898685],[-91.171723525272498,43.385420547785138],[-91.172843509958895,43.38635571381397],[-91.173560441983454,43.3869573239487],[-91.173929018683836,43.387261958413653],[-91.174721166550952,43.387921317353793],[-91.175248177762171,43.38835715223658],[-91.175696923096723,43.388736368517414],[-91.176443272829374,43.389339908887713],[-91.177226042535096,43.389990342288883],[-91.177482073912827,43.390219586587527],[-91.177862668694488,43.390584872866071],[-91.178169553549083,43.390890128861912],[-91.178484452764266,43.3912099335096],[-91.178889973419857,43.391666137582398],[-91.179149809652955,43.391932355772248],[-91.179640586724702,43.392440758643396],[-91.180031103091636,43.39281707357361],[-91.180606724053263,43.393389779180929],[-91.181300688265125,43.394078379010722],[-91.181887839283633,43.394670660436169],[-91.182264042996053,43.395044801374297],[-91.183473562670301,43.396238279006347],[-91.18393129979998,43.396715939926871],[-91.184817941143635,43.397495285671724],[-91.186080538347298,43.39863252022738],[-91.186647890915083,43.399183246832884],[-91.187186634897259,43.39973426758489],[-91.187496425572405,43.40012531524529],[-91.188026003084133,43.400857324468141],[-91.188615961067413,43.401748719735096],[-91.189154543662781,43.402615145791643],[-91.189738857744231,43.403541386432941],[-91.19024285585644,43.404426715840387],[-91.19054674625599,43.405001036612546],[-91.190987796289974,43.405794452366294],[-91.191308687191906,43.406363912534886],[-91.192097084883187,43.407799415313612],[-91.192598413461099,43.408719428133267],[-91.193001867197154,43.409457122568334],[-91.193235699335162,43.409860012728508],[-91.193685702249994,43.410665975894986],[-91.194209324439072,43.411618686251764],[-91.194926225938545,43.412907387855633],[-91.195527033651928,43.413986759378751],[-91.195851137940906,43.414582058840381],[-91.196287184668563,43.415373831117591],[-91.196800309971039,43.416287965005615],[-91.197185160751587,43.416990814212561],[-91.197185516972951,43.416991465097048],[-91.197594677519277,43.417724057995684],[-91.197991000145237,43.418426520317169],[-91.198528420188751,43.419328433637766],[-91.198944341088549,43.420020106937386],[-91.199446015425949,43.420779383944669],[-91.199726652531467,43.421210897917661],[-91.200333919702103,43.422106504712318],[-91.200835281210772,43.422843177774467],[-91.201026957069388,43.423133982115012],[-91.20139663344672,43.423694833566167],[-91.20229361573135,43.424926964575207],[-91.203140536582197,43.426255672958447],[-91.203549264047069,43.42696325184059],[-91.203880445269988,43.42758387171105],[-91.204142729629837,43.428102828204139],[-91.204536802913978,43.4288576861466],[-91.205200173955845,43.430146054569285],[-91.205876745734784,43.4314245279541],[-91.20661081092338,43.432900664907706],[-91.207260816197731,43.434185910882853],[-91.207603431486461,43.434928298497447],[-91.20782146275539,43.435462336172876],[-91.208040512787235,43.436046759629619],[-91.208232064874792,43.436594078366625],[-91.20841188282732,43.437112265809056],[-91.208412789908834,43.437114879171688],[-91.209067304510242,43.439000280214486],[-91.209710612455453,43.440854373184663],[-91.210330126119558,43.442668329591292],[-91.211086441895191,43.444796838180928],[-91.211617103859453,43.446385215901429],[-91.211882439497074,43.447179408118856],[-91.212092060073317,43.447873504493558],[-91.21225377898763,43.448475832518277],[-91.21242347735928,43.449285020766716],[-91.212632365455448,43.450518848489047],[-91.212881481503786,43.452227656035099],[-91.213066096988271,43.453590383721448],[-91.21330508094286,43.455376517467585],[-91.213360495927105,43.455580082987453],[-91.213565626612251,43.457073144090678],[-91.213834315906752,43.458922098184466],[-91.213876986270009,43.45924955310155],[-91.21409673147177,43.460935994527702],[-91.21426776232218,43.462103173109384],[-91.214444302324452,43.463304364755317],[-91.214684412874206,43.464855442823293],[-91.214913915917492,43.466694678420332],[-91.214920127806323,43.466743730556253],[-91.214942167693081,43.466917647410753],[-91.21504385236851,43.467653374937299],[-91.215214376407943,43.468887043432133],[-91.215478952016511,43.47067141919046],[-91.215517980042648,43.470948226704706],[-91.215778471815014,43.472795584140293],[-91.215853782626183,43.474064145945611],[-91.215726344500524,43.475635937935493],[-91.215458605661652,43.476978001466485],[-91.215014620380757,43.478332472172454],[-91.214242555233,43.480350579312123],[-91.214171349054396,43.480557685295352],[-91.213946387701867,43.481199337853525],[-91.213782595647615,43.48175768177601],[-91.213708941552454,43.482034758195006],[-91.21367867381602,43.482186862741571],[-91.213609934543541,43.482469209298081],[-91.21356434232159,43.482736677349926],[-91.213517443120921,43.482994470705577],[-91.213454960345814,43.483470214450229],[-91.213443672822635,43.483570416131343],[-91.21342639047765,43.48375847255506],[-91.213393160761328,43.484023375433836],[-91.213378357860392,43.484543492728136],[-91.213375666703641,43.4850311355911],[-91.213388956212668,43.485418869123528],[-91.213432406302687,43.485870779709352],[-91.213496399702933,43.486355517660208],[-91.213553998223503,43.486655457921017],[-91.21362753239184,43.486992794551568],[-91.213702902140099,43.487270449720171],[-91.213787372427348,43.487547999204139],[-91.213878312797348,43.487845379222676],[-91.213984734636483,43.48815805499526],[-91.214090240697629,43.488424341681181],[-91.21426967602531,43.488863381217115],[-91.21476648156947,43.490075022390201],[-91.21511837465026,43.490972820092793],[-91.215318696271282,43.491479419444779],[-91.215428861479239,43.491790568178914],[-91.215511665520808,43.492060156149684],[-91.215604086083985,43.492368269833769],[-91.215688054092709,43.492695796326167],[-91.215772862547254,43.493065165335373],[-91.215837085838714,43.493400951400893],[-91.215887149923034,43.493691812962105],[-91.215926482630763,43.493998879128505],[-91.215967269480743,43.494378386603557],[-91.216004518567644,43.494805299163353],[-91.216004598895324,43.494806220339058],[-91.216029965245767,43.495484092828512],[-91.216018592338713,43.495843688426973],[-91.216001565506232,43.496185957032623],[-91.215952005544523,43.496758547841679],[-91.215875041645219,43.497288912206798],[-91.215774184966421,43.497819530558246],[-91.215662044820192,43.498317412448955],[-91.215563362056528,43.498691460489709],[-91.215439018943897,43.499110234934292],[-91.215288988414997,43.499571809080955],[-91.215076730212004,43.500240825656711],[-91.214579192115764,43.501776770948638],[-91.214109589703341,43.503250576281218],[-91.21375197786584,43.50435211893199],[-91.213539389740319,43.505005675473598],[-91.213420829715361,43.505449516604187],[-91.21332054713308,43.505877694417542],[-91.213224625256345,43.506390861344443],[-91.213171692173887,43.506797286605668],[-91.213122462313663,43.507255842750091],[-91.213095850110733,43.507650382230011],[-91.21307939653758,43.508154980036963],[-91.213084036880787,43.508651619385553],[-91.213115646206091,43.509169240394044],[-91.213174546891338,43.509723281778321],[-91.213230339679271,43.510122745330428],[-91.213346034363667,43.510728372019692],[-91.213447324510582,43.51114474858143],[-91.213567530573954,43.511578320295214],[-91.213846975826783,43.51240445799391],[-91.214151578804902,43.513292177367539],[-91.214478734680299,43.514245359641876],[-91.214688379517682,43.514900229708353],[-91.214843297199749,43.515474517298394],[-91.214924928697954,43.515836986043233],[-91.215002898240016,43.516336915236437],[-91.215138346994991,43.517530715761851],[-91.21523490924379,43.518625091073645],[-91.215346676160877,43.519941049970903],[-91.215466396468955,43.521345335752429],[-91.215553183388806,43.522254787554886],[-91.215607847423584,43.522590430598058],[-91.21568680832867,43.522855519766985],[-91.215795780692076,43.523168849125632],[-91.215917779098518,43.523411515660129],[-91.215917839667398,43.523411635671643],[-91.216045353442041,43.523639480182418],[-91.21630552762042,43.524017993395091],[-91.216395428269095,43.524143095058037],[-91.216533343808791,43.524300947064852],[-91.216698074992749,43.524476026592026],[-91.216904082523072,43.524669917396082],[-91.217119611237763,43.524858466036171],[-91.217349191706958,43.52502759574282],[-91.217651889119736,43.525243227038182],[-91.218020139631605,43.525487917840138],[-91.218315299263423,43.525687861394147],[-91.219756794105308,43.526652934465382],[-91.220866476817307,43.527390432641319],[-91.222249603829908,43.528321089082993],[-91.222818270483259,43.528717691314668],[-91.223294686781571,43.529073255497792],[-91.223634990436196,43.529361996196776],[-91.22396083547838,43.52964914386132],[-91.224314529916654,43.530004270764778],[-91.224547920636169,43.530255147669948],[-91.224840504135997,43.53059217184687],[-91.225235812732834,43.531105439947751],[-91.225528773580351,43.531557864362703],[-91.225810086638333,43.532047843102269],[-91.225909697265479,43.532236483237007],[-91.2260322635601,43.532507472080304],[-91.226129135140766,43.532736155785933],[-91.226230421299576,43.533007372629008],[-91.226324475426551,43.533272219984035],[-91.226402359358417,43.533526912973365],[-91.226473584708245,43.5338023238265],[-91.226526165458722,43.5340340574908],[-91.226568327003051,43.534276230660176],[-91.226612058132972,43.534595813547611],[-91.22666560343788,43.534961752443571],[-91.226748087817157,43.535617755161923],[-91.226846219986513,43.536345866015019],[-91.226989686338058,43.537472265217922],[-91.227141334384967,43.53865148447619],[-91.227306133792808,43.539866704680875],[-91.227445084358337,43.540944105620689],[-91.227573570116064,43.541942895483984],[-91.227707265016988,43.542936478727647],[-91.227834829554197,43.54388881656746],[-91.227940564602832,43.544727828597885],[-91.228155241087237,43.546475500438667],[-91.228293974369336,43.547715515827278],[-91.228332649784804,43.548396504874333],[-91.228383026685947,43.549828464394118],[-91.2284169599655,43.550612880356006],[-91.228521444801288,43.553700617947158],[-91.228587039781345,43.555320391283843],[-91.228644374073824,43.555997280034703],[-91.228744435542936,43.556899541363329],[-91.228890072883274,43.557900366664022],[-91.229023905800062,43.558906171729113],[-91.229156609025779,43.559755695447194],[-91.229156753898877,43.559756731161748],[-91.229265085074488,43.560530313198043],[-91.229308911549282,43.560866190000596],[-91.229400071521084,43.561558101969986],[-91.22941504558392,43.56168799610537],[-91.229437597986546,43.561887320357371],[-91.22945069342488,43.562228020577002],[-91.22944751032928,43.562526288472625],[-91.229440196010685,43.562773025327438],[-91.22942091640256,43.563037827013488],[-91.229392850713765,43.563477627707094],[-91.229323488713675,43.564312530877871],[-91.229285930752482,43.564891456714896],[-91.229157633186205,43.566619451750803],[-91.22901104816053,43.56835884385066],[-91.228911834485885,43.569090916236938],[-91.228813997923922,43.569587525831594],[-91.228712256657047,43.570043820967719],[-91.228306188210937,43.57150257852966],[-91.228077121050291,43.572350748039817],[-91.227798363466974,43.573378181683353],[-91.227737360005392,43.573642188203841],[-91.227618232543861,43.574140105573193],[-91.227532618683142,43.574700951659729],[-91.227468222571858,43.575137639486186],[-91.227417817719157,43.575547370979798],[-91.227382337991472,43.57596939480753],[-91.227344327774873,43.57650708509901],[-91.227261660725077,43.57761812095773],[-91.227151617338947,43.579067472287491],[-91.22705005167316,43.580452695224729],[-91.227019875027267,43.580894131170837],[-91.227019868315509,43.580894227586427],[-91.226989889058729,43.581346436541409],[-91.226946607934991,43.581866390765029],[-91.226946566780683,43.581866864820675],[-91.226891040250479,43.582499467023311],[-91.226890963907692,43.5825003430379],[-91.226803381027878,43.583325506163575],[-91.226687224591871,43.584203334372965],[-91.226551140362957,43.58507777454264],[-91.226408621742152,43.585880133921123],[-91.226268734961138,43.58656703273865],[-91.226082588459377,43.587420363299557],[-91.225899341016259,43.588172654834359],[-91.225710257041371,43.588881726070454],[-91.225413554523442,43.589912999249492],[-91.225087446524967,43.590962630767727],[-91.224895126158458,43.591513011592347],[-91.224425172434906,43.592813081258292],[-91.22416082748255,43.593483274710202],[-91.223990602202207,43.593892353437624],[-91.223990448613137,43.593892721547014],[-91.223826042633789,43.594287076399283],[-91.223552119015466,43.594901545749302],[-91.223319851800824,43.595427869170351],[-91.222951524002625,43.596226930741814],[-91.222543630006584,43.597138667630112],[-91.222275340074319,43.597793996779927],[-91.222129008934587,43.598195457962859],[-91.221954578485324,43.598718827916898],[-91.221808372301183,43.599205645610574],[-91.221687300209382,43.599662958335045],[-91.221585123475094,43.600100197050701],[-91.221484269893153,43.600602898880965],[-91.221418110154332,43.600990644470173],[-91.221363102655644,43.601373588736308],[-91.221325845532107,43.601679169688971],[-91.221290205979045,43.602046347959472],[-91.221268050139614,43.60233775723016],[-91.221247376951666,43.602740431527678],[-91.221233837387189,43.603185825761699],[-91.221234345674034,43.603458984757992],[-91.221242744000193,43.603874089088634],[-91.221253139297673,43.604139858156849],[-91.221273875713749,43.604421904067287],[-91.221292183549593,43.604707613537755],[-91.221320599559107,43.604996852618939],[-91.22136826454819,43.605371487339504],[-91.221434224046888,43.60590617127928],[-91.221550256535323,43.606809998504396],[-91.221733638813689,43.608070034327085],[-91.221893719648975,43.609292078569652],[-91.221927900034487,43.609552388745008],[-91.222201915317029,43.611640587097895],[-91.222267837325191,43.612165863877678],[-91.222327650304436,43.612749891407475],[-91.222373694878115,43.613300805237245],[-91.222404616594645,43.613858210551257],[-91.222419117309315,43.614250999869888],[-91.222425605291079,43.614894231571853],[-91.222418141084844,43.615387083260877],[-91.222397991860404,43.616006829106105],[-91.222332406591505,43.617075469713996],[-91.222270826402479,43.618018893480098],[-91.222201517614494,43.619119258589876],[-91.222125922462126,43.620340119300501],[-91.22203756012722,43.621576954261428],[-91.221906775339079,43.622872867490678],[-91.221778965871238,43.623885122363383],[-91.221643711273799,43.624853102780548],[-91.221474935991054,43.626105058137782],[-91.221318054087988,43.627298260872045],[-91.221157445605328,43.628523188039381],[-91.220979586037643,43.629865549044474],[-91.220866309822682,43.630707362961992],[-91.220688103625079,43.632041758205411],[-91.220613630451723,43.632591301799486],[-91.220523722097425,43.63327251339615],[-91.220411917259582,43.634091440552503],[-91.220321009479704,43.6348049417916],[-91.220252277120281,43.635312573078821],[-91.220215007047557,43.635585557665841],[-91.220172110152944,43.635906413463694],[-91.220129805811155,43.636255958606412],[-91.22007225016992,43.636665434965245],[-91.219966858178452,43.637477125609998],[-91.219766594581486,43.638968881859341],[-91.21958900550456,43.640606250922893],[-91.219527234043596,43.641295525314938],[-91.219436480746779,43.642831545638479],[-91.219368503255339,43.644018958769266],[-91.219209963681777,43.646770192995234],[-91.219104366611731,43.648560579017754],[-91.219021886035776,43.650033193043804],[-91.218906373753086,43.651918081207228],[-91.218866895239969,43.653179993231738],[-91.218848370842451,43.653725119444935],[-91.218854344209177,43.654604661509815],[-91.218877774231942,43.656054697061222],[-91.218877782771358,43.656055180482603],[-91.218951780387869,43.660275294139197],[-91.218984637263588,43.662032064267322],[-91.219020759421781,43.663858712868333],[-91.219049550128588,43.665764191166296],[-91.219065476563969,43.66621831514874],[-91.21907567837566,43.666794656607699],[-91.219088790954046,43.667208391837072],[-91.219112687503156,43.667449568574582],[-91.219140344196461,43.667642417066432],[-91.219170305269046,43.66783757298473],[-91.219220605372954,43.668086481532164],[-91.219272359939481,43.668296315449375],[-91.21933886488263,43.668530131530076],[-91.219459990956821,43.668880641077131],[-91.219590769768857,43.669237935485064],[-91.219590972526049,43.669238514975802],[-91.21979334822862,43.669817076771977],[-91.219907460002119,43.670192133316746],[-91.220018953383828,43.670613596936434],[-91.220112766294974,43.671037833288011],[-91.220209544154756,43.671608937037561],[-91.220296152845108,43.672203334346904],[-91.220380261037292,43.672849314735458],[-91.220481274871503,43.673629119948529],[-91.220632937721163,43.674805268196877],[-91.220747916203862,43.675747291573728],[-91.220781483207887,43.676177320701107],[-91.220797210277468,43.676602390096114],[-91.220795176629565,43.677027649166149],[-91.220780991542327,43.677553548795451],[-91.220750763534468,43.677989409428577],[-91.220689942964896,43.678492612957164],[-91.220605008905494,43.679032152649327],[-91.220499194429635,43.679592525182187],[-91.220366737618093,43.680240817192491],[-91.220243900487063,43.680837449840581],[-91.220015370428996,43.682002196238791],[-91.219870123174559,43.682720206214867],[-91.21954723715406,43.684311195207648],[-91.21927968574947,43.685654183106053],[-91.218850614455917,43.687790084190759],[-91.218538072691217,43.689368074131039],[-91.218154529131851,43.691299889661593],[-91.217808273567641,43.692793185197168],[-91.217729094502559,43.693075958987713],[-91.217539312388368,43.693722966265582],[-91.217254089278242,43.69458538152319],[-91.216990035855702,43.695302742850039],[-91.216684905685838,43.696049191176755],[-91.216163216150733,43.69736768266015],[-91.215787066842566,43.698291531423955],[-91.21527533077294,43.699562164881129],[-91.215049028467703,43.700126800936808],[-91.214203342127078,43.702343758156715],[-91.21384317622126,43.703384237413374],[-91.213011329051071,43.705806182158732],[-91.21255015287484,43.707120600408714],[-91.212199755238686,43.708153974059108],[-91.211949670907984,43.708748028030939],[-91.211740072494806,43.709183237945915],[-91.211529501351862,43.709570926295328],[-91.211254398325877,43.710006829638246],[-91.211056251932135,43.710288787935738],[-91.210723340067759,43.710746425602856],[-91.210424790349478,43.711103368174257],[-91.210104089136124,43.711444706680197],[-91.209654494232296,43.711893015019371],[-91.209125377122334,43.712368562261773],[-91.208237870426146,43.713122469513472],[-91.206448843581072,43.714662104668449],[-91.20423010048772,43.71656001112612],[-91.203508289763477,43.717232937189614],[-91.202924328755884,43.717883284717225],[-91.20256948179032,43.71834112902355],[-91.202279069836777,43.718745486708677],[-91.20195479606744,43.71927692913922],[-91.201537179553128,43.719983270597545],[-91.201186301312958,43.720568176259107],[-91.20088331208899,43.721146229880176],[-91.200775786783268,43.721432061734852],[-91.200685642226091,43.721706753178772],[-91.200620596198718,43.721977534310405],[-91.200576326093639,43.722280952226214],[-91.200556340885939,43.722540311232443],[-91.200538762556491,43.723171945462212],[-91.20051117624773,43.724601066246933],[-91.200513173438907,43.72543617621583],[-91.200513187190751,43.725442086201276],[-91.200502953582102,43.728136542442215],[-91.20049049589737,43.729010271798749],[-91.200514003551689,43.729430000374023],[-91.20049428330158,43.730663032298729],[-91.20047531328332,43.7319889487475],[-91.200542124720045,43.733351077648202],[-91.200547819285831,43.733788361441242],[-91.200543087432166,43.734314100416931],[-91.200539556542779,43.734747060165859],[-91.200519247184687,43.735712521111317],[-91.200515347078451,43.736585033985378],[-91.200485769162455,43.738305995767895],[-91.200466507791688,43.740086481059727],[-91.200407165894404,43.741233463175263],[-91.200319448339783,43.742332158415557],[-91.200279884666784,43.743096818878783],[-91.200262886114714,43.744532711561668],[-91.200239960008773,43.746282305319767],[-91.200237937703264,43.747130765719135],[-91.200238348897742,43.747167065708993],[-91.20024779666511,43.748000099024367],[-91.200226291508642,43.748897248459535]],[[-91.200226291508642,43.748897248459535],[-91.20020045623987,43.749972395576926],[-91.200170194761384,43.750214546902399],[-91.200191584954638,43.750433394126652],[-91.200217491445571,43.750593570060346],[-91.200235955432859,43.750665370659405],[-91.200270654066784,43.750768892263885],[-91.200291887825273,43.750837575452678],[-91.200323302942806,43.750918495931764],[-91.200351506563891,43.750981667597017],[-91.200382714370434,43.75105158757259],[-91.200424228860257,43.751140631426715],[-91.200477142968978,43.751232634821925],[-91.200523942397552,43.751302084842123],[-91.200579585610882,43.751388927343449],[-91.200771921071762,43.751640949246621],[-91.201075288553241,43.751982310284191],[-91.201104100498625,43.752016275989163],[-91.201163571574625,43.752086383991916],[-91.201493802826803,43.752475713867092],[-91.202094903393842,43.753159525872853],[-91.202225730315291,43.753315509286381],[-91.202311615394308,43.753423632909936],[-91.202426853736441,43.753580815524025],[-91.202570001244069,43.75378501035879],[-91.202797428494975,43.754159048258614],[-91.202905891925639,43.754400163159978],[-91.203557829424312,43.755463716060838],[-91.20424751823063,43.756667832621986],[-91.204471482078162,43.757019231899818],[-91.204594078917836,43.757232347339183],[-91.20467060576479,43.757360187041904],[-91.204757686052488,43.757523642533961],[-91.204814491042342,43.757651681037586],[-91.204876513776668,43.757793962540447],[-91.204933665491822,43.757939869874718],[-91.204995975735926,43.758096446314923],[-91.205068923905344,43.758292212146031],[-91.205225328599056,43.758715794410058],[-91.205244876639185,43.758786088029261],[-91.205358063190175,43.759050533460801],[-91.205409739306376,43.759164903934014],[-91.205477506966517,43.759303603988201],[-91.205546484325211,43.759437573245179],[-91.205634099069997,43.759593963388241],[-91.20574038249012,43.759773701433879],[-91.205792739944954,43.759856983407687],[-91.205862556502765,43.759968344064532],[-91.205940229777241,43.760082439958452],[-91.206031140983029,43.760208650267138],[-91.206127275449163,43.76033574176887],[-91.206217865662381,43.760445937549676],[-91.206272460794821,43.76051130512321],[-91.206327068286527,43.760576663535574],[-91.206534435446713,43.760806196201798],[-91.206722152986458,43.761028408793642],[-91.206844671263156,43.761175002419549],[-91.206947172412285,43.761295435191556],[-91.20715197400331,43.761526875594008],[-91.207368837408154,43.761776096740974],[-91.207559137997464,43.761997335226511],[-91.207661603975041,43.762115876912219],[-91.207769224492807,43.762232491237597],[-91.207867639611194,43.762343539366221],[-91.207958160380059,43.76244997087052],[-91.208061913257694,43.762567562188956],[-91.208248432640687,43.762794493847615],[-91.208356301799142,43.76292334113478],[-91.208436307740101,43.763023283645438],[-91.208553383546203,43.763157687769727],[-91.208659753810977,43.763276196247467],[-91.208759615988015,43.763394773461044],[-91.208866119792063,43.76351987110688],[-91.209069365737648,43.763762759246376],[-91.209382417084413,43.764139649993503],[-91.209538264946076,43.764328601919509],[-91.209539048574413,43.764329573238356],[-91.209624208902625,43.764435107514828],[-91.209625043505923,43.764436142220454],[-91.209708241749667,43.764539238264284],[-91.20970913609554,43.76454033986532],[-91.210122634020806,43.765050066008662],[-91.210259028035821,43.765225321060633],[-91.210259261732872,43.76522563551918],[-91.210681904869446,43.765792906794218],[-91.210681924027966,43.765792932702226],[-91.211106389948711,43.766362642869844],[-91.211106590432649,43.766362911759259],[-91.21169946306803,43.767155317278082],[-91.212148737373639,43.767747774060759],[-91.212259459840325,43.767881692421355],[-91.212455820919629,43.768114455076045],[-91.21261646065436,43.768304666369858],[-91.212726457036908,43.768424068858756],[-91.212792292076955,43.768498956992438],[-91.212904170899094,43.768616178419151],[-91.213015897507063,43.768725847172028],[-91.213216208718052,43.768917716372549],[-91.213903793626599,43.769566709658747],[-91.214316679016804,43.769930154742759],[-91.214669553258304,43.770256573354608],[-91.215253702093221,43.770788780188504],[-91.215710831308868,43.771209571931124],[-91.215949380871535,43.771428499990058],[-91.216223655292453,43.771680568419228],[-91.216530889225226,43.771967841248994],[-91.216874076672298,43.772299434167572],[-91.217197178467643,43.772607866157216],[-91.21731167387091,43.772723470635576],[-91.21769350586294,43.773085253232559],[-91.218034122207627,43.773411359675151],[-91.218484382438305,43.773846214183941],[-91.218700568845662,43.774053867997338],[-91.218920788165988,43.774268519330811],[-91.219148872058668,43.774487327108112],[-91.219371130999122,43.774706187570501],[-91.219542824851217,43.774874075714678],[-91.219809745159395,43.775141152004323],[-91.219936811347495,43.775269440987195],[-91.220191674704125,43.775398130088192]],[[-91.220191674704125,43.775398130088192],[-91.220074871530954,43.775210568008191],[-91.219461135466076,43.774626309058355],[-91.219042933856883,43.774222692740345],[-91.218369034235138,43.773569560406152],[-91.217671602422953,43.772899855696174],[-91.217425603617201,43.772662228772347],[-91.217205484766708,43.772446456948757],[-91.216858745759183,43.772118162223286],[-91.216509376153851,43.771786175864882],[-91.216051685231534,43.7713651412395],[-91.215572958047545,43.770919216956877],[-91.214985928410144,43.770384233218664],[-91.214534831690713,43.769970559413807],[-91.214018841286034,43.769495807230022],[-91.213827090750215,43.769309079731265],[-91.213646917187845,43.769151644325376],[-91.213518472645376,43.769032519676145],[-91.213295597856302,43.768819182440552],[-91.213166958383198,43.768690344371542],[-91.21289173034485,43.76840759366484],[-91.212675175190626,43.768174748940865],[-91.212466455151329,43.767931133170869],[-91.212302735630047,43.767724927580481],[-91.212176418238272,43.767578578376913],[-91.212081415264876,43.767455216715568],[-91.211987754039313,43.767331831738574],[-91.211900906230795,43.767214208882869],[-91.21180582589362,43.767086958167013],[-91.211703842232112,43.766950065476145],[-91.211615732525473,43.76683634541223],[-91.211514973505842,43.76669360510612],[-91.211363125883238,43.766477557170703],[-91.211244411635249,43.766308778898399],[-91.211243641539355,43.766307680494755],[-91.211012488135282,43.765977952489898],[-91.210833370833697,43.76573282242483],[-91.210833098687317,43.765732449850233],[-91.210615120784922,43.765434155903463],[-91.210452842357569,43.765226236882221],[-91.210452119250149,43.765225310848123],[-91.210256749982975,43.764976174224081],[-91.210152784560236,43.76484723342238],[-91.209965999607462,43.764618903184513],[-91.209890370405489,43.764529543517625],[-91.209890224043221,43.764529370393568],[-91.209779168297388,43.764405090839183],[-91.209778893761865,43.764404784014943],[-91.209676202976624,43.764289857182902],[-91.209675812762327,43.764289420127504],[-91.209194588395476,43.763701991275994],[-91.208859518228905,43.763317301516388],[-91.208545387984074,43.762956168326333],[-91.20810616581673,43.762478713110923],[-91.207796542737981,43.762144793653931],[-91.207285784239573,43.761554733412176],[-91.206886656419471,43.761101241093364],[-91.206787156957773,43.760977463166931],[-91.206663018842022,43.760827510152616],[-91.206500900941606,43.76061123981458],[-91.2063541512196,43.760423403080523],[-91.206176668862369,43.760178707385791],[-91.20598862124865,43.759898395815057],[-91.205876580625642,43.759720906678552],[-91.205764194383377,43.759525557529933],[-91.205666588678653,43.759330052328671],[-91.205558345362221,43.759095348653148],[-91.205470387363619,43.75888902696807],[-91.205377054320195,43.758660594537567],[-91.205080817591508,43.757902591164566],[-91.2049775815793,43.757671408586425],[-91.204910568845094,43.757525605236864],[-91.204818186560075,43.757344333205332],[-91.204419033504877,43.756615999981754],[-91.203704836744208,43.755419288012043],[-91.203042798807189,43.754350362553595],[-91.202881394623873,43.754081361989904],[-91.202591750434081,43.75356727642491],[-91.202511863576689,43.75344051503658],[-91.202446274522529,43.753343549829466],[-91.202379268995372,43.753250894304216],[-91.202295415117703,43.753129441724795],[-91.202208906732096,43.75302304436844],[-91.202029589502885,43.752792064993713],[-91.201823356482748,43.752547412475849],[-91.201597533057083,43.752285804287816],[-91.201383923745695,43.752042308966786],[-91.201171784786908,43.751797717322667],[-91.200953754597649,43.751555339093976],[-91.200868792950359,43.751452138797767],[-91.20077624628999,43.751340437497774],[-91.200691156564801,43.751230800683004],[-91.200619529694563,43.751128531547508],[-91.200535317798128,43.750988839657403],[-91.200445900813364,43.750810567003512],[-91.200402346935164,43.750705859926136],[-91.200363337180931,43.750605399921213],[-91.200341002761903,43.750525149395905],[-91.200304476994006,43.750401055270636],[-91.200267048808172,43.750157850112679],[-91.200227810956065,43.749972613405888],[-91.200226291508642,43.748897248459535]],[[-91.220191674704125,43.775398130088192],[-91.221260121587321,43.776461038203394],[-91.223669809088364,43.778775197142544],[-91.224125818129735,43.779204583132802],[-91.224974162154595,43.779931613687509],[-91.225992066935476,43.780724212054729],[-91.229407749897092,43.78328089057797],[-91.230688045487355,43.784238325625829],[-91.231872528783015,43.785083864668174],[-91.234548809473438,43.786968651072016],[-91.235827669347813,43.787865314754256],[-91.237121689337371,43.788779249100664],[-91.238364120064105,43.789665590057155],[-91.23966350286895,43.790578375600887]],[[-91.23966350286895,43.790578375600887],[-91.240517289318504,43.791158522874774],[-91.241204533602868,43.791609288126558],[-91.241791629907539,43.791991520553793],[-91.242776209645314,43.792621748827052],[-91.243681176096786,43.793208356510974],[-91.244039422060624,43.793440097655242],[-91.244125092537061,43.79349551581182],[-91.244783484927808,43.793959718882633],[-91.247012617561126,43.795372502581202],[-91.247586258449246,43.795733548894312],[-91.247869313360667,43.795913090155153],[-91.24801273132077,43.796003182015305],[-91.248344248896288,43.796214102058606],[-91.248749872840648,43.796473101644992],[-91.248957080672341,43.796610079974037],[-91.249477230690218,43.796931085446985],[-91.249773188675576,43.797115459925934],[-91.250170664150389,43.797366998400797],[-91.250310893840023,43.797462425428826],[-91.250565164832452,43.797659904193694],[-91.250679272555118,43.797765142584772],[-91.25077735421533,43.797858896434505],[-91.251343383753493,43.798432513184281],[-91.251566390692247,43.79866472630497],[-91.251611321380267,43.798724550222609],[-91.251654048776643,43.798776483971238],[-91.251736001378447,43.798909075683504],[-91.251793165375972,43.799032052779928],[-91.251831012911097,43.799144355938004],[-91.251838455254671,43.799173941716198],[-91.251862396977828,43.799274539276951],[-91.251865791689994,43.79930614121254],[-91.251880383430873,43.799490575929937],[-91.251899532741376,43.800509345724947],[-91.251869304851979,43.801516168111164],[-91.251844078559714,43.802648222432452],[-91.251830442350141,43.803648920227104],[-91.251824309373589,43.804664229739373],[-91.251825192907788,43.805659518962933],[-91.251801550265981,43.806617432128313],[-91.251801000484249,43.806710752745616],[-91.25180046680957,43.806801273026927],[-91.251804367650564,43.807436244886603],[-91.251813186365538,43.80775964302623],[-91.251808828606542,43.808281348401962],[-91.251798989088044,43.808763227299984],[-91.251792703020939,43.809255709629049],[-91.25178766371279,43.809648957272429],[-91.251786207971733,43.81002329383886],[-91.251767692517845,43.811048128787455],[-91.25177032397697,43.81146872660841],[-91.251766195953849,43.811562167380792],[-91.25175618401677,43.811624519747063],[-91.251712693956236,43.811708550629653],[-91.251666919420003,43.811790958837662],[-91.251493098656354,43.812025491665075],[-91.251223554616402,43.812405519002581],[-91.250949294512523,43.812815309570063],[-91.250811619730229,43.813007875471513],[-91.250603194904485,43.813315373619503],[-91.250313556303126,43.813724475558487],[-91.250111812486537,43.814007967806859],[-91.249961242847675,43.814210883928808],[-91.249195757367403,43.815300537513302],[-91.249129756774536,43.815416254407729],[-91.249081156403918,43.815545925892607],[-91.249066087602543,43.815665884980461],[-91.24905830229801,43.815766019312917],[-91.249065899239341,43.81613042447411],[-91.249001061879724,43.81725872170756],[-91.248993977111141,43.817406189849827],[-91.248995026533365,43.818036879097924],[-91.248999171988302,43.818583448825841],[-91.249012281888639,43.819212259405724],[-91.249043677813788,43.819790062136164],[-91.249079483328927,43.82046241851414],[-91.249100625434551,43.820896679113218],[-91.249124569805161,43.821348421244679],[-91.24915440308898,43.821917354164633],[-91.249175514332961,43.822462180423607],[-91.249192094933051,43.822908996863802],[-91.249206409928604,43.823247163386142],[-91.249224977015004,43.823672925405809],[-91.249241101896558,43.824093077776205],[-91.249253706141985,43.824585901430673],[-91.249261333942286,43.825067884975908],[-91.249274395886786,43.82557785558398],[-91.249283802434007,43.825912564166217],[-91.24928837180542,43.82613162813422],[-91.249261532378014,43.826354546921152],[-91.249210107189171,43.826558457563713],[-91.249117769170596,43.826775078450126],[-91.249010286430149,43.826962062568526],[-91.248859344636031,43.82715478872035],[-91.248764812039923,43.827266261146079],[-91.248530702469637,43.827535265624412],[-91.248367988198694,43.827743894209789],[-91.248262877043345,43.827929095969267],[-91.248182425223675,43.82813506989806],[-91.248137403944952,43.828298591518291],[-91.248121885581625,43.828464032787487],[-91.248123100951915,43.828904867248283],[-91.248122604699418,43.829437224875733],[-91.248126419152996,43.82995441817652],[-91.24813068991584,43.830147392617263],[-91.248130005078025,43.830683218613842],[-91.248132120903094,43.831007310264312],[-91.248142445451961,43.831256806721285],[-91.248141209513065,43.831807350661883],[-91.248109853976715,43.832908285689811],[-91.248157028515578,43.83452159967613],[-91.248160482667103,43.834639564207315],[-91.248163728662391,43.835265446703851],[-91.248164438342542,43.835771445822445],[-91.248168806777585,43.836303182468058],[-91.248170733610252,43.836897980492672],[-91.248174758572404,43.837496753172481],[-91.248174406884871,43.83801565696136],[-91.24817922421893,43.838618409502196],[-91.248188287876431,43.839152759693519],[-91.248187176027429,43.839684105716877],[-91.248192099600431,43.840032404097919],[-91.2481893222797,43.840279234143395],[-91.248176837490888,43.840538964437215],[-91.248158883038016,43.840804246705524],[-91.248150626724012,43.840970868824371],[-91.248143881035759,43.841210539239263],[-91.248142885497728,43.841399645238283],[-91.248137297452899,43.841767623319029],[-91.248150591465517,43.84217728920764],[-91.248161259289418,43.842574945845804],[-91.248157380665319,43.842845323408746],[-91.248150193463957,43.843070979858211],[-91.248144650958835,43.843489458918455],[-91.248138665406742,43.843887288373459],[-91.248135319159218,43.844297144883576],[-91.248131907316946,43.844589909389882],[-91.248130279319668,43.844739730187278],[-91.248127803828552,43.845182989733658],[-91.248129217101024,43.845588418384892],[-91.24815813207681,43.845851054595954],[-91.248173735275586,43.846149454697532],[-91.248178894423589,43.846417716554953],[-91.248178875521049,43.846732971063446],[-91.248182962464583,43.847041680059974],[-91.248188229082416,43.847406351927567],[-91.248191408902613,43.847670961854746],[-91.248196663463787,43.848035642818829],[-91.248203769923194,43.848488512402305],[-91.248210365292437,43.849029605401157],[-91.24821029371526,43.849443117289269],[-91.248217577929523,43.849825153035084],[-91.248220883712065,43.850208510735492],[-91.248226862412011,43.850495139922039],[-91.248227527516718,43.85075129573589],[-91.24821439488457,43.851021170775994],[-91.24819520546454,43.851224953091645],[-91.248165858511044,43.851411199185094],[-91.24812481691707,43.85159748297081],[-91.248052534677512,43.851853607188552],[-91.247959306307322,43.85212018827125],[-91.247867989554138,43.852366310092066],[-91.247772076506052,43.85261758709462],[-91.24771166828036,43.852776188855003],[-91.247588564742244,43.853067288634001],[-91.247489553381257,43.853282854693155],[-91.247355914406754,43.853529438106868],[-91.247217098622428,43.853753946880346],[-91.247066455634311,43.853975181177525],[-91.246906111230004,43.854182907612099],[-91.246701827590556,43.854426857730985],[-91.246490324284821,43.854662377782816],[-91.246271457496348,43.854884355222751],[-91.24602716481408,43.855127038788446],[-91.245626070102389,43.85552874306503],[-91.245126309683613,43.856037350011263],[-91.244750917051391,43.856424455285982],[-91.244405234911014,43.856770368180946],[-91.243967494061849,43.857214323599557],[-91.243476717732818,43.857709914171998],[-91.243091957256709,43.858100510226294],[-91.242522707054903,43.858670149988505],[-91.242096565738919,43.859107156226507],[-91.241854438602303,43.859338300528727],[-91.241419749040247,43.859795574275637],[-91.240361631893649,43.860859663368359],[-91.239687639510123,43.861544555920965],[-91.23874839817573,43.862499719499347],[-91.237980112236016,43.863284249013709],[-91.237282334643027,43.864020885661681],[-91.236212130597153,43.865122988104339],[-91.235235193532048,43.866049492520496],[-91.234289635389075,43.867037096620265],[-91.23328315614971,43.868048495060016],[-91.232814616019141,43.868510410008206],[-91.231947323750873,43.869377888713302],[-91.23168915244004,43.869633186909773],[-91.231546956489524,43.869793894819438],[-91.231546462694482,43.869794452964634],[-91.231110760335241,43.870284326897803],[-91.230808537625805,43.870702533088306],[-91.230520554282435,43.871228664678512],[-91.230366961774934,43.871609227385463],[-91.230261206003107,43.871978110317421],[-91.230172589916876,43.872428795637667],[-91.230104292609994,43.872948833140939],[-91.230088474228012,43.873432273098047],[-91.230115458691358,43.873909048720577],[-91.230166840295183,43.874236470610448],[-91.230245557660041,43.874556152143953],[-91.230341026989677,43.874855773224155],[-91.230486204115508,43.875234369917436],[-91.230644890935181,43.875451052800535]],[[-91.230644890935181,43.875451052800535],[-91.230635218458545,43.875174025447073],[-91.230557825503681,43.874976896288601],[-91.230474324336029,43.874743602265291],[-91.230406700804977,43.874499792032836],[-91.230344281241514,43.874248155586628],[-91.230293142045809,43.873935587150228],[-91.230274155882739,43.873621375961385],[-91.230261287078775,43.873256642564115],[-91.230271388005164,43.872965410538008],[-91.230320683849015,43.872579308419589],[-91.230380749844144,43.8722823612555],[-91.230455937766024,43.872025362368255],[-91.230547026175046,43.871757847012866],[-91.230710785310023,43.871371799404002],[-91.230921029584493,43.870985250774879],[-91.231080372605447,43.87073252190077],[-91.231337605212687,43.870370055115991],[-91.231601169057001,43.870054095275194],[-91.231846947264557,43.869787765498529],[-91.231847429689381,43.869787259695705],[-91.232461148451463,43.869144845676203],[-91.232906210930309,43.868736673431087],[-91.233598285973457,43.868001022324535],[-91.234324130278665,43.867272563415973],[-91.2354466929431,43.866141874662425],[-91.235711279039506,43.865881839997655],[-91.236099613341523,43.865495801707176],[-91.23648211688392,43.865106729722136],[-91.236858745865504,43.86471466959285],[-91.237919921379614,43.863618648970728],[-91.238191127769397,43.863362004950702],[-91.238381168424326,43.86317982673112],[-91.23896538473133,43.862581424909152],[-91.239900323621299,43.86162771982039],[-91.241009029960694,43.86051189096294],[-91.241664465019355,43.859846063817535],[-91.242056559264867,43.859446920517584],[-91.242840275039995,43.858647590533273],[-91.243533133523144,43.85794752773765],[-91.243533433379298,43.857947227353939],[-91.243835289806611,43.857644732630739],[-91.244542664217889,43.856930585958779],[-91.244927536923043,43.856546790493823],[-91.245243168613428,43.856226728848682],[-91.245600314881031,43.855867065900256],[-91.245844441188126,43.855617362239251],[-91.24600805966169,43.855452377982566],[-91.246247663958371,43.855209745604476],[-91.246521823621279,43.854932692945589],[-91.246742886295891,43.854703875304359],[-91.246936089171285,43.854492387164356],[-91.247089900912499,43.854310275358841],[-91.247266063856131,43.854071736571818],[-91.247434982489011,43.853824768139212],[-91.247594153123131,43.853560879972022],[-91.247750533185396,43.853276601757415],[-91.247885539415392,43.852982328590471],[-91.247977045532991,43.852758371710692],[-91.248099703379737,43.852423356537194],[-91.248192873213853,43.852153381614762],[-91.248295560404031,43.851776060081242],[-91.248324438814706,43.851581679779137],[-91.248356125595862,43.851409804935365],[-91.2483647647867,43.851262122603799],[-91.248376430319496,43.851034670813583],[-91.248372978609595,43.85075649549939],[-91.24836859456876,43.850434221435336],[-91.248365130554575,43.850156046227276],[-91.248357275922331,43.849779517980771],[-91.248354924563387,43.84944195144886],[-91.248348572132983,43.849024701195539],[-91.248341483705559,43.848347901402093],[-91.248341463498164,43.84803499736266],[-91.248330166267863,43.847693197702348],[-91.248334045181466,43.847204580558611],[-91.248334814560906,43.846792339413227],[-91.248341867317748,43.846419501659682],[-91.248332322531354,43.846110402080228],[-91.248319902172994,43.845964642380409],[-91.248291800092716,43.845741019222181],[-91.248272317345609,43.845593643971362],[-91.24826843010014,43.845295115868502],[-91.248264838090009,43.845010144047357],[-91.248271513462143,43.84473252408938],[-91.248270384773349,43.844498855239742],[-91.248277693066214,43.844214601644005],[-91.248282772440248,43.843723855241002],[-91.248288744605375,43.843326025914763],[-91.248287770802406,43.843069954188429],[-91.2482941966597,43.842788726393387],[-91.248299408851949,43.842468390895405],[-91.248302023870323,43.842241244735554],[-91.248300917265922,43.842084385865881],[-91.248302383781407,43.841812305910452],[-91.248305111894439,43.841399097609319],[-91.248306376510612,43.84123425356681],[-91.248312919531429,43.841098235637126],[-91.248345435508043,43.840968740732784],[-91.248412521727957,43.840808273645962],[-91.248521690111431,43.840638847249743],[-91.248762228792771,43.840352440998487],[-91.248991485805462,43.840088243556266],[-91.249147196861429,43.839899625176699],[-91.249300343616895,43.839700833452689],[-91.249413651753585,43.839505871512905],[-91.249494043881143,43.839307875007123],[-91.249536037220437,43.839150472744933],[-91.249562318024289,43.839024575079314],[-91.249574292253442,43.838918272792498],[-91.249581794865819,43.838710971148288],[-91.249577760908991,43.838404476102689],[-91.249578615103246,43.838014526526855],[-91.249576524867109,43.83766467548984],[-91.249572566912121,43.837248577785935],[-91.24957242854795,43.836895094883978],[-91.249570242415871,43.836570437124301],[-91.249570272212551,43.836118326034892],[-91.24957096972463,43.835766742705573],[-91.249560775980385,43.835436842272301],[-91.249560984886841,43.834993300643255],[-91.249559847942706,43.834645590884236],[-91.249555226567182,43.834263822262322],[-91.249557562501764,43.834036030553435],[-91.249571951117332,43.833818380237183],[-91.249581490235386,43.833708674083702],[-91.249610137190288,43.833514484489513],[-91.249626161360112,43.833345418148234],[-91.249646702680323,43.833106730931071],[-91.249662487953373,43.832863053650847],[-91.249635963208746,43.832473529185165],[-91.249643796986177,43.831665866906519],[-91.249647641798674,43.831251727292553],[-91.249646789217138,43.831185244386234],[-91.249652278386662,43.830817716855471],[-91.249655676220542,43.830579433107566],[-91.24964986126426,43.830300778522435],[-91.249614665280347,43.830140528613711],[-91.249585086131404,43.829931759411643],[-91.249559969642107,43.82972882980679],[-91.249526711571988,43.829468896820785],[-91.249495871578759,43.829213970435312],[-91.249470090340452,43.828979147978764],[-91.249461143703527,43.828772683131533],[-91.249456999374274,43.828468529737243],[-91.249441650793742,43.828140594036228],[-91.249429684247133,43.827798899708057],[-91.249424602170052,43.827555297346926],[-91.249428071197556,43.827196975458307],[-91.249433077909814,43.826917130937453],[-91.249436047963471,43.826478852656763],[-91.249431415572644,43.826024892000312],[-91.249417219716577,43.825576294034946],[-91.249412685559548,43.825243278888138],[-91.249407627047944,43.825068149276696],[-91.249402741642228,43.824766578851587],[-91.249388656168577,43.824323237740238],[-91.249367430739895,43.823653837767765],[-91.249355722003898,43.823324412397191],[-91.249351419948624,43.822886222367451],[-91.249330367136992,43.82245697604673],[-91.249322496476196,43.822195873744995],[-91.249308198953244,43.821915798868133],[-91.249287042571083,43.821481547543129],[-91.249263438040217,43.821045567225006],[-91.249235495573544,43.820749794941143],[-91.249219491532983,43.820446878237711],[-91.249205583323132,43.820128173119024],[-91.249169314226634,43.819433042438149],[-91.249153250441736,43.819126623869664],[-91.249142205575794,43.818828911024696],[-91.249138379150764,43.818556536718923],[-91.24914176134277,43.818343625112576],[-91.24914236086849,43.818140386887542],[-91.249155568131187,43.817961545935745],[-91.249176217993934,43.817791375220139],[-91.249208197224021,43.817584300496698],[-91.249239504959533,43.817461318728206],[-91.249273200156296,43.817349673527261],[-91.249321585971103,43.817220400507715],[-91.249429502399579,43.817058045214367],[-91.249552437285459,43.816920042687336],[-91.249744646947633,43.816739244087614],[-91.249875242603565,43.816620434364395],[-91.25004000618091,43.816459239412652],[-91.250094397768393,43.816385498256039],[-91.2501997571012,43.816232462018434],[-91.250377633631814,43.815975773815921],[-91.250655188033932,43.81559308594845],[-91.251022832512987,43.815050576651167],[-91.251289105825805,43.814684199370312],[-91.251485642492966,43.814399807713187],[-91.251701520204421,43.814091398032517],[-91.251918609011739,43.81377857184593],[-91.252127641258724,43.813486109876315],[-91.252346914981132,43.813176302162404],[-91.2525623771255,43.812868057421703],[-91.252720856034514,43.812644378601377],[-91.25289865059564,43.812383590548436],[-91.253198507921894,43.811963070256056],[-91.253384240316862,43.811696783134408],[-91.253407572293199,43.811622804786374],[-91.253424198080069,43.811552177345106],[-91.253427970487976,43.811407977462324],[-91.253407480434944,43.811048359668618],[-91.253421376069241,43.810010258656234],[-91.253445023116967,43.808757167709132],[-91.253442012892492,43.808382600924446],[-91.253443142544683,43.807755974531709],[-91.253446798065156,43.807327987511059],[-91.253459909071594,43.806701778810485],[-91.253478506555723,43.804684137132298],[-91.253495281997871,43.803735005271612],[-91.253503682994449,43.802702869701562],[-91.253515183651686,43.801517555485468],[-91.25352172534194,43.801109875787326],[-91.25351507796141,43.800982816008627],[-91.253494322594818,43.800848689989699],[-91.253464143575172,43.800740679116622],[-91.253366000003197,43.800530834175746],[-91.25326693792222,43.800371564181859],[-91.253098679053068,43.800146596364712],[-91.252713761341809,43.799671196771783],[-91.252545084418415,43.799481950507129],[-91.252301325882357,43.799233192793452],[-91.25208974986019,43.799015838101965],[-91.251644584009071,43.798570834265909],[-91.251086252923187,43.798011306624041],[-91.250986151781476,43.79791373955856],[-91.250863649241111,43.797787488609259],[-91.250767260179515,43.797693833354884],[-91.250659780218072,43.797591088578429],[-91.250543146174564,43.797484500239278],[-91.250400960733387,43.797371609638006],[-91.250150046723931,43.797183619726226],[-91.24985919183257,43.796996057111336],[-91.249237119753445,43.796600338149958],[-91.249095337529582,43.796507177691652],[-91.248911443166591,43.796397370208183],[-91.24854354716885,43.796172506336553],[-91.248264039174998,43.796005866387823],[-91.247960878467111,43.795836854966566],[-91.247646738653401,43.795664018967003],[-91.247357987105772,43.795489590426357],[-91.246960622301302,43.795243992327443],[-91.246618263566489,43.795024101715946],[-91.246187538020351,43.794745974160328],[-91.245274495477133,43.794153460037101],[-91.244905712753891,43.793888569657007],[-91.244684579971008,43.793729733121246],[-91.244244376247735,43.793413255406492],[-91.243894135458447,43.793180909151218],[-91.243664502071326,43.793048064222276],[-91.243307935840534,43.792843138372369],[-91.242951392003192,43.792639174557344],[-91.242609426316491,43.792430216087126],[-91.242260301801906,43.792197168349233],[-91.24175985666038,43.791874898136925],[-91.241268949125555,43.791562183132484],[-91.24069137725418,43.791187569792974],[-91.240315283275365,43.790941276220288],[-91.23966350286895,43.790578375600887]],[[-91.230644890935181,43.875451052800535],[-91.231378803881142,43.876838212148925],[-91.231918117648178,43.877930210192297],[-91.231985118299505,43.878065311898844],[-91.232385872703233,43.878873383094245],[-91.232868337879452,43.879841029092574],[-91.233327230077052,43.880765824324236],[-91.233814797695629,43.881725866786944],[-91.234264159367513,43.882715767825772],[-91.234719491082089,43.883637183971594],[-91.235178734129732,43.884582722451555],[-91.236441519580836,43.887140026415622],[-91.236779610338317,43.887829860952706],[-91.23762367588634,43.88957152594412],[-91.238492370944755,43.891597457889063],[-91.239073506957197,43.892934721725936],[-91.239899907096287,43.894898225604038],[-91.240829852945311,43.896994610492513],[-91.240831176790124,43.896997801393574],[-91.240889345132814,43.897136460607022],[-91.240889645121726,43.897137175835425],[-91.241332751033752,43.898193413955084],[-91.241335451046851,43.898199552078836],[-91.241841063927666,43.899349208989335],[-91.243066608747199,43.902198100751868],[-91.243495192822564,43.903319031468115],[-91.244339484682641,43.905556241332583]],[[-91.244339484682641,43.905556241332583],[-91.244312424997887,43.905639359921985],[-91.244586703829611,43.906340398140578],[-91.2446939219504,43.906538011099066],[-91.244784725948691,43.906680583855746],[-91.244812665229333,43.906738262482961],[-91.244821160194334,43.90677957736856],[-91.244832623561251,43.906849787495254],[-91.244800931063736,43.906857606647471],[-91.244753920840878,43.906872706391766],[-91.244710882183711,43.906893075859742],[-91.244672934781264,43.906918184252511],[-91.244641066273303,43.906947378861588],[-91.244616106367118,43.906979897955146],[-91.244598706215328,43.907014897112361],[-91.244589317530242,43.907051462955557],[-91.244593415838466,43.907115460732179],[-91.244604785246594,43.907148902207709],[-91.244620644710437,43.907183986542627],[-91.244643560064873,43.907216970009721],[-91.244673019084814,43.907247116290307],[-91.244708362636374,43.907273750989418],[-91.24474880372756,43.907296279435961],[-91.244793436486205,43.907314199190431],[-91.244841264984117,43.907327108735004],[-91.244877762112722,43.907332905548152],[-91.245020611636818,43.907616510217927],[-91.245156048530021,43.907998469467124],[-91.245427905216786,43.908788360997612],[-91.245665007574999,43.909471830333835],[-91.245745328095765,43.909721659022175],[-91.245748790051152,43.909738901827183],[-91.245748204443672,43.909756321115367],[-91.245743585844167,43.909773421531504],[-91.245735066163974,43.909789720846298],[-91.245731316114089,43.909793831346171],[-91.24570096956829,43.909801166984806],[-91.245656356402819,43.909816709146291],[-91.245614986621632,43.909836390886433],[-91.245577592734705,43.909859864788679],[-91.245548303644583,43.90988392739439],[-91.245523768364777,43.909910625736288],[-91.245504434997997,43.909939470540643],[-91.245490656232775,43.909969935758461],[-91.245486139767934,43.909993430285425],[-91.245484987572425,43.910014618339346],[-91.24549010887948,43.910032066351704],[-91.245497288358578,43.91004967109896],[-91.245520798093423,43.910087727707143],[-91.245552402249984,43.910122587138048],[-91.245591293848548,43.9101533551245],[-91.245636473880481,43.91017924573454],[-91.245686788942933,43.91019959446745],[-91.245704261874693,43.910204968172508],[-91.245722105960553,43.91020962654629],[-91.245740283658748,43.910213560994436],[-91.245738279274988,43.910251802997344],[-91.245739586396013,43.910272433028375],[-91.245745631674708,43.91029261704282],[-91.24575624640083,43.910311789654486],[-91.245771132971811,43.910329415693596],[-91.245899188911295,43.910507487522622],[-91.245941717546444,43.91056881795555],[-91.245981733910739,43.910631025705435],[-91.246018071439835,43.910694427817312],[-91.246049480721354,43.910759190981111],[-91.246075861565458,43.910825110111766],[-91.246097136343408,43.910891987080582],[-91.24627585815297,43.911493150728909],[-91.246341885003929,43.911674878781866],[-91.246363463684986,43.911714637235491],[-91.246440864427001,43.911733006496121]],[[-91.246440864427001,43.911733006496121],[-91.246463437063525,43.911701049684901],[-91.246061684206865,43.910673172858317],[-91.245932450044165,43.910444640061364],[-91.245903649025166,43.91038996933144],[-91.245890348733042,43.910356390596696],[-91.245885094818632,43.910321669802762],[-91.245888037643923,43.910286806508005],[-91.245899093526205,43.910252804621848],[-91.245911750592057,43.910211800305753],[-91.245928363262095,43.910205189703333],[-91.245969450978038,43.910185770229454],[-91.246005988312305,43.910162068747297],[-91.246037128649732,43.910134634708129],[-91.246062150448978,43.910104102633724],[-91.246080475656044,43.910071179309924],[-91.246091679307568,43.910036626574765],[-91.246095244196212,43.909999709977626],[-91.246090180420936,43.909962884784093],[-91.246076630636409,43.909927197452674],[-91.24605498342531,43.909893662946565],[-91.246025850246127,43.909863234373496],[-91.245990062377828,43.909836776008667],[-91.245948634304057,43.909815039385471],[-91.245902744604393,43.909798642796382],[-91.245875765638544,43.909792011437425],[-91.245848045815421,43.909787237483471],[-91.245692694503461,43.909418794569703],[-91.245436047101364,43.908678347650486],[-91.245117924847591,43.907738465600396],[-91.244989816198242,43.907378242095156],[-91.244989369408927,43.907356809455933],[-91.2449903904173,43.907322152581109],[-91.245014965816083,43.907315816386976],[-91.24505972424241,43.907301588310176],[-91.245101213741123,43.90728288504836],[-91.245138585535571,43.907260091303769],[-91.245171073508047,43.907233673711417],[-91.245198010216669,43.907204172560931],[-91.245218846647276,43.907172193477436],[-91.245218943861744,43.907171958325073],[-91.245227322347745,43.907151644986875],[-91.24523869300252,43.907113097413628],[-91.245241436381136,43.90707373270282],[-91.245235483764944,43.907034554602063],[-91.245220985469643,43.906996559968071],[-91.245198310373894,43.906960716263164],[-91.245199032129321,43.906958898679001],[-91.245174265959463,43.906935768295206],[-91.245137568637276,43.906906620288197],[-91.245094923522487,43.906882064981538],[-91.245047419597853,43.906862727054794],[-91.244996263888765,43.906849099350559],[-91.244942762506994,43.906841529576269],[-91.244791380209108,43.906633584731345],[-91.244736552806202,43.906550967407696],[-91.244690351417617,43.906465638747989],[-91.244653029850937,43.906378066884734],[-91.244495953254059,43.905833386921195],[-91.244430719154238,43.905635316491832],[-91.244339484682641,43.905556241332583]],[[-91.246440864427001,43.911733006496121],[-91.246572954209952,43.912113010511447],[-91.246573087012464,43.912113406119786],[-91.246694334211469,43.912475682298002],[-91.246694432367391,43.912475969341095],[-91.246987991365899,43.91333893574609],[-91.247708553653879,43.915461339102144],[-91.24806154641449,43.916509576734605],[-91.248243322236277,43.917045301500345],[-91.249007542513738,43.919284811018549],[-91.24930190051505,43.920172830291826],[-91.250337453326594,43.923184668925138],[-91.250935014185359,43.924955906301349],[-91.251422906532127,43.926391283694151],[-91.251931480573418,43.927843474824265],[-91.25291496134966,43.930775231680919],[-91.253395830435437,43.932172276106343],[-91.253459878779836,43.93237802450308],[-91.253848116076881,43.933486259136174],[-91.253848303830708,43.933486834202171],[-91.253947892119541,43.933792436672967],[-91.253948360763331,43.933793868493254],[-91.25405038084925,43.934105517050746],[-91.254050606281126,43.934106165531723],[-91.254891524450258,43.93652427235952],[-91.254992392176561,43.936814310610629]],[[-91.254992392176561,43.936814310610629],[-91.25534106743757,43.937991860727436],[-91.255418144951392,43.93819975155202],[-91.255494588591958,43.938450911219491],[-91.255592973792062,43.938729254432673],[-91.255676688728002,43.938987194730984],[-91.255780182670307,43.939282624318238],[-91.255906099342369,43.939629235442986],[-91.256007505093166,43.93993840911314],[-91.256086441179633,43.94019468191825],[-91.256178224360198,43.940497100512246],[-91.25624659904858,43.940702061187295],[-91.256330752761002,43.940980560133504],[-91.256429856000437,43.941293189014779],[-91.25643011456259,43.941294106331156],[-91.256517040667077,43.941602509526334],[-91.256648977101605,43.942009061942244],[-91.256765556403138,43.942362626330322],[-91.256841735026129,43.942600075468164],[-91.256999273890088,43.94309548058785],[-91.257124356487054,43.943514109441224],[-91.257225847690094,43.943826702213386],[-91.257289008800456,43.944092547269101],[-91.257534625453616,43.944111317490467],[-91.257889835340251,43.944117590226291],[-91.258355400006067,43.944131523942438],[-91.258573775091691,43.944137788961214],[-91.258756342050035,43.944151371784073],[-91.2589773775872,43.944169734455542],[-91.259225152819795,43.944205124754852],[-91.259473001513427,43.944243980059852],[-91.259692108804785,43.944284889399555],[-91.259964198027191,43.94434595184434],[-91.25996441588363,43.944346000761847],[-91.260154964883569,43.944397614205549],[-91.260389060543488,43.944466078712104],[-91.260620935503553,43.944543237625162],[-91.260792568936054,43.94460719544805],[-91.261024945003697,43.944708594473454],[-91.261025330128049,43.944708774794805],[-91.261325314921848,43.944849109960899],[-91.261676995604986,43.945034111626548],[-91.262014203255944,43.945215805717936],[-91.262314907992291,43.945371908973662],[-91.262613173039639,43.945526300715677],[-91.262838930097288,43.945653771322306],[-91.263171684192756,43.945771946396839],[-91.263281921670327,43.945833319970447],[-91.263559894658144,43.945986078868764],[-91.264342020734432,43.946422658958113],[-91.265090152029856,43.946829934502851],[-91.26568280927556,43.947170284807427],[-91.266137441681764,43.947419407536152],[-91.266662226006716,43.947706699894432],[-91.266929844408779,43.947858456993032],[-91.266929877203481,43.947858475536727],[-91.267236607409714,43.948032406904787],[-91.26767329923841,43.948281713459011],[-91.268125342368066,43.948529002220312],[-91.268587865194718,43.948785446430513],[-91.269203621477388,43.949123667113319],[-91.269661020321777,43.949380163865754],[-91.27026644315184,43.949714775160736],[-91.270570355357393,43.949878365800771],[-91.271022672088606,43.95013676829705],[-91.271477428099573,43.950389568671561],[-91.271934727696845,43.950640493185503],[-91.272373933173611,43.950886044196018],[-91.272672684172704,43.951047831956444],[-91.272995024304919,43.951231612758463],[-91.273577107079703,43.951553483372521],[-91.274346215881778,43.951975301752128],[-91.275094801758101,43.952397343962183],[-91.275393619764813,43.952560978524509],[-91.275986193904771,43.952892002257535],[-91.276591727272105,43.95322843324989],[-91.277202440890989,43.953566666821082],[-91.27780790862829,43.953899391611017],[-91.278254994375885,43.954150404858716],[-91.278863199756842,43.954490512263867],[-91.279458378990299,43.954821488680551],[-91.280043735378939,43.955172973949225],[-91.280450036799039,43.955437418512531],[-91.280754853853551,43.955647245169729],[-91.280755001864563,43.955647347050707],[-91.281000882051259,43.95582896401077],[-91.281392805117548,43.956123367965162],[-91.281780385994409,43.956433017170831],[-91.28213762816398,43.95674469817186],[-91.28236649449083,43.956954837077859],[-91.282717272050917,43.957291906615652],[-91.283042408186475,43.95763095567159],[-91.283348880424853,43.957971897083603],[-91.283555081973589,43.958214367585619],[-91.28374945120018,43.958450209035739],[-91.284016618210131,43.958810164445907],[-91.284195042240128,43.959064758513932],[-91.284434322453393,43.959431778975542],[-91.284591679065528,43.959684916585225],[-91.284805365725347,43.960057292957188],[-91.285005399610768,43.960446694999575],[-91.28515235861444,43.960759038623138],[-91.28529786226288,43.961111914103476],[-91.285446462413617,43.961500210265214],[-91.28558366664673,43.961902139668453],[-91.285666931829255,43.962186496135793],[-91.285764059150836,43.96257199472867],[-91.285850153635735,43.962987995141425],[-91.285893183233924,43.963249179088194],[-91.285944090806723,43.963658831804771],[-91.285978830723536,43.964077102717255],[-91.285996880583809,43.96448037258331],[-91.28599969660938,43.965044183897405],[-91.285998936320155,43.965780785181508],[-91.285998846929687,43.965871388203205],[-91.286003848390976,43.96642843118093],[-91.286010307136621,43.967269058246082],[-91.286010854124484,43.967944312860283],[-91.286013841269977,43.968624608887751],[-91.286019317449373,43.969311629426052],[-91.286018226173269,43.969910939945585],[-91.286023192935886,43.970574331955021],[-91.286022589539883,43.970974993259546],[-91.286026647239012,43.971386559294167],[-91.28603031826465,43.972334736479652],[-91.286035750135213,43.973698916944457],[-91.286043850728277,43.975075212732456],[-91.286044760062794,43.976451580150268],[-91.286048175784231,43.977833123038863],[-91.286053773780978,43.979204242047352],[-91.286054448902036,43.980570221162964],[-91.286062529317022,43.981944768926866],[-91.286065986238228,43.983328047750369],[-91.286072505568825,43.984296988953922],[-91.286073794500709,43.984690470295043],[-91.286079921431153,43.986085855076723],[-91.286083119205145,43.98745699921362],[-91.286087964561261,43.98890439267187],[-91.286093258592715,43.990261647262969],[-91.286098546586842,43.991253080996827],[-91.286030254135127,43.991478199321321],[-91.286015338151884,43.991705677099212],[-91.286015330862867,43.991705743806719],[-91.285992515024887,43.991911770668061],[-91.285949048079644,43.992195058001855],[-91.285903795118841,43.99251057971572],[-91.285844877596361,43.992881743388281],[-91.285802653896098,43.993107736752251],[-91.285750316183197,43.993439445246878],[-91.285690255635785,43.993873267566393],[-91.285638032755116,43.994210349727858],[-91.285591359644982,43.994459657916359],[-91.285559699484622,43.994601413154648],[-91.285498545865508,43.994754241350094],[-91.285427235058833,43.994896442694703],[-91.285348364303943,43.995033363000253],[-91.285274545151921,43.995173791777404],[-91.285212875692253,43.99530336073262],[-91.285189407240622,43.99535667298445],[-91.285170387012954,43.995402281371241],[-91.285461393373794,43.995560088734628],[-91.285757364032634,43.995717847583762],[-91.286010766339885,43.995856394335611],[-91.286552635866883,43.996149198407501],[-91.286959031715583,43.996368347410204],[-91.287443205781145,43.99662958286455],[-91.287734159262854,43.996783809726786],[-91.288092952362931,43.996980226352392],[-91.288439172556579,43.997167843231637],[-91.28868503929408,43.997301093942291],[-91.28890330091474,43.997418548425458],[-91.289123916122847,43.997530609885438],[-91.289324267323821,43.997623209107715],[-91.289524476609458,43.997708651850552],[-91.289762102349755,43.997804412924921],[-91.290053160250622,43.997903054481199]],[[-91.261267690490158,43.944458237278432],[-91.261083364800413,43.944295534654984],[-91.260949553736708,43.944205166692015],[-91.260830156499068,43.944116377185409],[-91.260727540521899,43.944027393374697],[-91.260614758993583,43.94391080881185],[-91.260499243837288,43.943778651200638],[-91.260390820197713,43.943641220209017],[-91.260296224335605,43.943477634423225],[-91.260215725278698,43.943300036652381],[-91.260114248050158,43.943037758023522],[-91.260022803537979,43.942796166773157],[-91.259966873215518,43.942646028682461],[-91.259966640334468,43.942645327175569],[-91.259905414932149,43.942461287974609],[-91.259760507855972,43.942072988465192],[-91.259673984681186,43.941836537661032],[-91.25962349836108,43.941717527545372],[-91.259573353910199,43.941614107731816],[-91.259498789896256,43.941490167967729],[-91.259422260705563,43.941387038942196],[-91.259319152100289,43.941273803766691],[-91.259317813820672,43.941272504003649],[-91.25923100513819,43.941188134439066],[-91.25906021518152,43.941049651792682],[-91.258894940869951,43.940945762663695],[-91.258730069425837,43.940860938311921],[-91.258536580410876,43.940783361670078],[-91.258307127065152,43.940706171791348],[-91.258042172407983,43.940651908177742],[-91.257811059093356,43.940609399134935],[-91.257587158005947,43.940568538914405],[-91.25744995232904,43.94054405590407],[-91.257141737037514,43.940485062277851],[-91.256749244478939,43.940409672105048],[-91.256510969005973,43.940368967886222],[-91.256441371364744,43.940366266922268],[-91.256351462804943,43.940387198419344],[-91.256239780376731,43.940040422320664],[-91.256056697595312,43.939457872502189],[-91.255922476570959,43.93905477467608],[-91.25576636492508,43.938626203202524],[-91.255618847557741,43.938267827554448],[-91.255499050802257,43.937982077438249],[-91.254992392176561,43.936814310610629]],[[-91.290053160250622,43.997903054481199],[-91.289821089122611,43.997780482109142],[-91.289578086689943,43.9976650913448],[-91.289354833794391,43.997545902806706],[-91.289046179182407,43.997375772688571],[-91.288747555400718,43.997210894621439],[-91.288376352053945,43.997014620019158],[-91.28783954449662,43.996727133641116],[-91.287488251538875,43.996534215952245]],[[-91.625615053465125,44.071911482047241],[-91.625093891081718,44.071815765473836],[-91.624285601878114,44.071682237653832],[-91.623343526833992,44.0715602660594],[-91.622249791192658,44.07145011925126],[-91.6213226255189,44.071382704150416],[-91.620373205658353,44.071318829391913],[-91.619584816924814,44.071259109924512],[-91.618666858080175,44.07120122122393],[-91.617911728668844,44.071150265239602],[-91.616637028617788,44.071066747519531],[-91.615408102667217,44.070981523831882],[-91.613749061119208,44.070863317150547],[-91.612805303974582,44.070799515507325],[-91.611661114889827,44.070722499420185],[-91.610942824894096,44.07067252609005],[-91.610147951740501,44.070616623259703],[-91.609788726251281,44.070588626437051],[-91.608652409170503,44.070494444041621],[-91.607890610175986,44.070428039040657],[-91.607283340942672,44.070373472731021],[-91.606378195059023,44.070298054604919],[-91.605330966455483,44.070209590767405],[-91.604117686022491,44.070094413819959],[-91.603569773929237,44.070024967035081],[-91.602997961216971,44.06994484202415],[-91.602255590394165,44.069826033767249],[-91.601747288919555,44.069730984468698],[-91.601272309606429,44.069637950683408],[-91.600473141108381,44.069476045039451],[-91.599157815207079,44.069206038175309],[-91.598580522134881,44.069088302507566],[-91.598205733404242,44.069011864795563],[-91.597098732336605,44.068782495037411],[-91.596430403286121,44.068651773618889],[-91.595978884584653,44.068571948829465],[-91.595602031830765,44.068512741172661],[-91.595126079028503,44.06845200816278],[-91.594528716401101,44.068400602842019],[-91.593992572953923,44.068371775655073],[-91.593461755929624,44.068356682683159],[-91.592873858064578,44.068346137621646],[-91.591145177660295,44.068311178517909],[-91.589947274407265,44.068297274751643],[-91.589947166938373,44.068297271745898],[-91.588325882579554,44.068257070156598],[-91.587604002558933,44.068242524096554],[-91.586053383012242,44.0682112638804],[-91.583799429057137,44.068166824430392],[-91.583749742116453,44.068165844147558],[-91.582395611792023,44.068152154455198],[-91.581436250770381,44.068137710582825],[-91.579743172427413,44.068103283340918],[-91.578397333704714,44.068080122149532],[-91.577164837992854,44.068082732156604],[-91.574946192673792,44.068096456056402],[-91.573939341886543,44.068102670489296],[-91.5703078444065,44.068126029117295],[-91.566717945402047,44.06815203289554],[-91.565883606317527,44.068190096317615],[-91.565349396129591,44.068234016728169],[-91.564898331762834,44.068280135791603],[-91.564291186975609,44.068358326587166],[-91.563845339730932,44.068427652548245],[-91.563220881328974,44.06854934449278],[-91.562569446393383,44.068698015773791],[-91.562488112291931,44.068719398367143],[-91.561955256736809,44.068859480902525],[-91.561469972373445,44.06900920502197],[-91.560902612116791,44.069196647040641],[-91.560258129998061,44.069435053926661],[-91.559582485351811,44.069717143446319],[-91.558447045690727,44.070241767363299],[-91.5576445521924,44.070615419783657],[-91.557033468830113,44.070896604776628],[-91.556668653874368,44.071064635552219],[-91.556344577523404,44.071199068040237],[-91.556200516376933,44.071248478115166],[-91.555963523364454,44.071337976110939],[-91.555726135119713,44.071412893674861],[-91.555607412111726,44.071449020178775],[-91.555467058037763,44.071492688765609],[-91.555082731179766,44.071588323654595],[-91.554680453539092,44.071671380893065],[-91.554224151604586,44.071745808395121],[-91.55383754714849,44.071789863252491],[-91.553502440404671,44.071817163574096],[-91.553102152526378,44.071834644275398],[-91.552686614513675,44.071836278013571],[-91.55223901927971,44.071818286555462],[-91.551787144871554,44.071778941663275],[-91.551375742280428,44.071725675437506],[-91.550714016498702,44.071607588447662],[-91.550117358372205,44.071493962581911],[-91.549480363000043,44.071376343119383],[-91.549480216170821,44.071376315400286],[-91.548307648396559,44.071157151155553],[-91.546555748097177,44.070839389564632],[-91.544800111033055,44.070509272071433],[-91.54355836024618,44.070273651560051],[-91.542458394925021,44.070078166382245],[-91.541807357024553,44.06998797364178],[-91.541294522078957,44.06993302401704],[-91.540850949093212,44.069901887849383],[-91.540318365622198,44.06987937798938],[-91.539940697746601,44.069874566497354],[-91.539247424049165,44.069876492000773],[-91.53664967168811,44.069894145753864],[-91.533907863322426,44.069916150864849],[-91.531053582038538,44.069936338537211],[-91.529702770797044,44.069947926885234],[-91.526214674006397,44.069973850769848],[-91.522869878423919,44.069991023238273],[-91.515971003879315,44.070040456512466],[-91.512868740129463,44.070063210300219],[-91.50866327886925,44.070092685745571],[-91.506123124667809,44.070110378742832],[-91.503902406112331,44.07012053285338],[-91.502264762130935,44.070127721723786],[-91.50010403529734,44.070120221816389],[-91.496220519489285,44.070099372837021],[-91.493507052586708,44.070085481866549],[-91.491001710502346,44.070069188123782],[-91.488930240018092,44.07006315671174],[-91.484384475711309,44.070042387408556],[-91.479783198165478,44.070017726656303],[-91.47741168516859,44.070004010616628],[-91.473997224349645,44.069984224999686],[-91.470010067038857,44.069963875834951],[-91.465346304707964,44.069963143051105],[-91.461062882700233,44.06997456093395],[-91.457038135287988,44.070000732613899],[-91.457037871819836,44.070000733273545],[-91.455264976776391,44.070005013456935],[-91.451079416975574,44.070015008995561],[-91.45106170289138,44.067756548213879],[-91.451052861409167,44.065874366194038],[-91.451040156286169,44.063833954460776],[-91.451049991158456,44.062024577869018],[-91.451046607131914,44.060227559145865],[-91.451036465371743,44.058291821559024],[-91.45102849967995,44.056168552520752],[-91.45100191537901,44.055633174484697],[-91.450959209862759,44.055404825441002],[-91.450903523411796,44.055198555339992],[-91.450823367159472,44.05495850040176],[-91.450730433744354,44.054747832458453],[-91.450620805879936,44.054544678131016],[-91.45048600041477,44.054331433747684],[-91.450377352962889,44.054188266684513],[-91.450256665370915,44.054043368877402],[-91.450072015662656,44.053837313005808],[-91.449836267378089,44.053617833185172],[-91.449453753980947,44.053304464838469],[-91.449079468901346,44.05300788105356],[-91.448044568428998,44.052201512564807],[-91.446233368508402,44.050782592272185],[-91.445576423784132,44.050261466685335],[-91.445205523375037,44.049942309851552],[-91.444854704392824,44.049645415133057],[-91.444382814997866,44.04918672074939],[-91.444134374574105,44.048925145790008],[-91.443777677414147,44.048546652764877],[-91.443475904059184,44.04817873675475],[-91.443124827489996,44.047710065224926],[-91.442845459934446,44.047299620775497],[-91.44226597749757,44.04642829388581],[-91.441877130101858,44.045850263509109],[-91.4416422766285,44.045504024124128],[-91.441437128222788,44.04518844392144],[-91.441373057051777,44.045076242451444],[-91.441254883026602,44.044829988568182],[-91.44115715140164,44.044576868201553],[-91.441084521762548,44.044320135851287],[-91.441045992138982,44.044053051596194],[-91.441033124200985,44.043805468960976],[-91.441031091200969,44.04310744743799],[-91.440997241926752,44.038516588994973],[-91.440952712988818,44.031428306661169],[-91.440931573650673,44.025411201295469],[-91.440889009816203,44.022110723875073],[-91.440836611396634,44.019157430037474],[-91.440826414126349,44.01808737283946],[-91.440823677977207,44.017263525962534],[-91.440803596287097,44.016059846937274],[-91.440549564515791,44.013190646504981],[-91.440549535024573,44.013189943712284],[-91.44052667249133,44.012652199442954],[-91.440529466692752,44.012202345900015],[-91.440544186838508,44.010037069889563],[-91.440546339688765,44.008958319198868],[-91.440553653548434,44.008727100839856],[-91.44057363377398,44.008626452033994],[-91.440603446639201,44.008544469312604],[-91.440744835749811,44.008254514570396],[-91.441010546642318,44.007728245964323],[-91.441517686146369,44.006706858822525],[-91.441975574312394,44.005774027155049],[-91.440676909526573,44.005428070456475],[-91.439369555775812,44.005076032100668],[-91.438055969284875,44.004730233533714],[-91.437387093851157,44.004553163463079],[-91.437067180324831,44.004473033492836],[-91.436766932773608,44.004427282369711],[-91.436475115579043,44.004388672188234],[-91.435360664602655,44.004289606551126],[-91.433980857562148,44.004177222942459],[-91.432599569847014,44.004052857693445],[-91.431238716180758,44.003945470240858],[-91.429832685232711,44.003824973857689],[-91.428450632957038,44.003707032410738],[-91.427012853606456,44.00359997121371],[-91.423762068764034,44.003330950050895],[-91.420592345645574,44.003085677707872],[-91.417575415494326,44.002839518077259],[-91.417574575648956,44.00283944926877],[-91.417190166789041,44.002808799286861],[-91.415284351023047,44.002660055696396],[-91.41379995630858,44.002543997006178],[-91.412833041674958,44.002470399849742],[-91.41226049080349,44.002425529664698],[-91.411717930676531,44.002395564782873],[-91.411200831614664,44.002368343963141],[-91.410819586742249,44.002357774065892],[-91.410277534492323,44.002349188164068],[-91.409183205439959,44.002347422551651],[-91.407195821188637,44.0023520588054],[-91.405724216552699,44.002357229558363],[-91.405722864530333,44.002357232689938],[-91.403533478407795,44.002361765211127],[-91.401470941197516,44.002363191597048],[-91.399294514735331,44.002360006526281],[-91.397295989401812,44.002356098725976],[-91.395111316382739,44.002354420353583],[-91.39310859227264,44.002347501410917],[-91.391111494605866,44.002316592781455],[-91.389290439134896,44.002293952441505],[-91.387637471217062,44.002293136533446],[-91.386529795346135,44.00229075773305],[-91.384699775111955,44.002282639476597],[-91.383961653223125,44.002274261258577],[-91.383505320572439,44.002258135372635],[-91.382544132119051,44.002230579929147],[-91.380846923740833,44.002162567483495],[-91.377968792825712,44.002044783938501],[-91.37461384994684,44.001901055145687],[-91.372064636151237,44.001792003427667],[-91.370855387053311,44.001740795533038],[-91.370266545891965,44.001716456022628],[-91.366341272195953,44.001552637456712],[-91.362858798578344,44.001405118580337],[-91.359591253403281,44.001264227336925],[-91.357940308787462,44.001193946264337],[-91.355403599804688,44.001081456801842],[-91.354122373551348,44.001025343507365],[-91.351925404222357,44.000930447508551],[-91.349393156974969,44.000823966059706],[-91.347002819573945,44.000725064840402],[-91.345158462113446,44.000647578746381],[-91.342441319385244,44.000530722341729],[-91.338077640598129,44.000346287477029],[-91.33424268646975,44.000180316475834],[-91.330257468132658,44.00001595746609],[-91.328077616287715,43.999920566235339],[-91.327175802731787,43.999882751074637],[-91.324952585574266,43.999789432676195],[-91.323506167006514,43.999728931293866],[-91.322050835278816,43.999668514734637],[-91.320907973618333,43.999620565302443],[-91.318260603233554,43.999506261206186],[-91.316796293759438,43.999442658041609],[-91.314247176207687,43.999333574808716],[-91.312974875326745,43.999280588511191],[-91.309693509374483,43.999134745726749],[-91.308389946521388,43.999078852502649],[-91.307287313537856,43.999033520227442],[-91.306238470800949,43.999000446191992],[-91.305638793204608,43.99898118229504],[-91.30421377800792,43.99895411322143],[-91.304212128448896,43.998954081633769],[-91.302749380118968,43.998942284302103],[-91.300189462199768,43.998944742934462],[-91.297994564701483,43.998948345567463],[-91.295679851319022,43.998941425448784],[-91.294875186391138,43.998929363564095],[-91.294520576042586,43.998911386912283],[-91.294146745809911,43.998885379742028],[-91.293761182693757,43.998845755982281],[-91.293299063677495,43.998787748268455],[-91.292874835561037,43.99872106274367],[-91.29242733435062,43.998635398601365],[-91.291964203904627,43.998530651116766],[-91.291385698144751,43.998374977089185],[-91.290959039550373,43.998240263986752],[-91.290629697243787,43.998125923111417],[-91.290314906554144,43.998007905594228],[-91.290053160250622,43.997903054481199]],[[-91.625615053465125,44.071911482047241],[-91.626226347148645,44.072053891499806],[-91.626928324155188,44.072214300085832],[-91.627655875238403,44.07238591813497],[-91.628643539727832,44.072671288727427],[-91.629386219119297,44.072892315059022],[-91.630242333966436,44.073149765428091],[-91.631433987018212,44.073489497038487],[-91.632410172016975,44.073780697985804],[-91.633223479884037,44.07401868741831],[-91.633795490790547,44.074170270074319],[-91.634290462874873,44.074290495361964],[-91.634956066942664,44.074445720840259],[-91.636838904520602,44.074920497106071]],[[-91.636838904520602,44.074920497106071],[-91.636378168971106,44.074764527513778],[-91.634271016911299,44.074153428713437],[-91.631528706360996,44.073327976839352],[-91.630562473176624,44.073046853073869],[-91.629405498522971,44.072723426752191],[-91.628443954671098,44.072466302770266],[-91.627406328925304,44.072230980214592],[-91.62682424867215,44.072112145742729],[-91.626282844495222,44.072009304197742],[-91.625615053465125,44.071911482047241]],[[-91.636838904520602,44.074920497106071],[-91.638286638986187,44.075360385621757],[-91.639154981957475,44.075628775644148],[-91.639818912637523,44.075837251043154],[-91.640506119795049,44.076051798591102],[-91.641186051424512,44.076260036202164],[-91.641679718639239,44.076422221349731],[-91.642215171738385,44.076615855215486],[-91.64273864313094,44.076826332927119],[-91.64327725987134,44.077069929424368],[-91.643731781211656,44.077295502614454],[-91.644127015322653,44.077500130485866],[-91.644875211446845,44.077924080956208],[-91.645587062463292,44.078332713372497],[-91.647461558895884,44.079387605107719],[-91.648418186920622,44.079921201489505],[-91.649349780409452,44.080440944149416],[-91.64999055806436,44.080790091266522],[-91.650999365076203,44.081359600357331],[-91.652937360930082,44.082427294599647],[-91.653963658085189,44.083002133207358],[-91.6549093467939,44.083521283913228],[-91.655678310183447,44.083933292942376],[-91.656139207414626,44.084163531696895],[-91.656512654565887,44.084339324755653],[-91.6567764730069,44.084460445489015],[-91.657099601237491,44.084600053152769],[-91.657441973123682,44.084751084882761],[-91.657742868372424,44.084869567590793],[-91.658083967927823,44.085002663370339],[-91.659279948065034,44.085457417085216],[-91.660281552064873,44.085860775227722],[-91.660756503813843,44.08606715741449],[-91.661240297313654,44.086304146108212],[-91.661675934096507,44.086534144558442],[-91.662090517683865,44.086774063162267],[-91.662497113658461,44.08701409650925],[-91.662847374301819,44.087241497703324],[-91.66316283991253,44.0874636333875],[-91.663563002895614,44.087759477659866],[-91.663936470595573,44.08805378271181],[-91.664349202442821,44.088416686323953],[-91.664713577870799,44.088766851361356],[-91.664966182015306,44.089028333004009],[-91.665307453434536,44.089409569956416],[-91.665674764619638,44.089863442418697],[-91.666020053514558,44.090292659889705],[-91.666718866103551,44.09115865119464],[-91.667077331595991,44.09158190200985],[-91.667425975429637,44.091939967545621],[-91.667773610153631,44.092261538594755],[-91.668101068736206,44.092529608879666],[-91.668458119897906,44.092806852395753],[-91.668773569614885,44.093027045864361],[-91.669121068131403,44.09324870581279],[-91.66950326259834,44.093471775248894],[-91.669844623297635,44.093664694326009],[-91.670217966051979,44.093857144707641],[-91.670655920140703,44.094071706109574],[-91.670979993377571,44.09421876005409],[-91.671295751777805,44.094354410598967],[-91.671589762544698,44.094475001018836],[-91.671773036010805,44.09454533490689],[-91.671773261893534,44.094545415330842],[-91.672214294879112,44.094702581355847],[-91.672710405684441,44.094865838260212],[-91.673187754521237,44.095011793534169],[-91.673799964802726,44.095183014367691],[-91.674257540191562,44.095319576444673],[-91.674677404907442,44.095460218869867],[-91.67496223691262,44.095569429017253],[-91.675379624735513,44.095751412002201],[-91.675747175743368,44.09593939152964],[-91.676052056518984,44.096110715201405],[-91.676403609047711,44.096336731929306],[-91.676894617130401,44.096706606595994],[-91.677219358221762,44.09697607686067],[-91.677518017709289,44.097229237260294],[-91.677901463745258,44.097547073003703],[-91.678337469507355,44.097912473467332],[-91.678738480313314,44.09824762255657],[-91.679141719670838,44.098574832618475],[-91.679591563860313,44.098954096818282],[-91.680008784979009,44.099301310409594],[-91.680439896507906,44.099665019072994],[-91.681197014683974,44.100298166226082],[-91.681954124324335,44.1009304350899],[-91.682828913768375,44.101669084776567],[-91.683172404299739,44.101952324622978],[-91.683493272103661,44.102225471135185],[-91.684221899071403,44.102837662198525],[-91.685072499265161,44.103549236291435],[-91.68575158023377,44.104168000470978],[-91.686148867869349,44.104577940778178],[-91.686535727992933,44.105016438793541],[-91.6868216210339,44.10536920348067],[-91.687138611039245,44.105824955040262],[-91.687404081993265,44.106251035950208],[-91.687823839243876,44.106954755309587],[-91.688264746265645,44.107708857510964],[-91.688853527794691,44.108712294195875],[-91.689425326924791,44.10971191840963],[-91.689883798874689,44.110488073125786],[-91.690291726604698,44.11116963894311],[-91.690762690150478,44.111988199230545],[-91.691168117559513,44.112679945356653],[-91.691505701279453,44.113263161736356],[-91.691863685058095,44.113870419538095],[-91.69239277290805,44.114767159816772],[-91.69269429077859,44.115281249093435],[-91.692870852228964,44.115558442781406],[-91.693050977474314,44.115813336446898],[-91.693289906530794,44.116109916170899],[-91.693594872040435,44.116442771446643],[-91.693836690932542,44.116685035856264],[-91.694048983119998,44.116876653536671],[-91.694347160186567,44.117127416341539],[-91.694627526658678,44.117345150588044],[-91.694885477931251,44.117536809486246],[-91.695323065645567,44.117823180140327],[-91.695576991489617,44.117978380240075],[-91.695836904187672,44.118119705184128],[-91.696234385667012,44.118317357880137],[-91.696673925534839,44.11851824498266],[-91.697202030471743,44.118728870294866],[-91.69784637710066,44.118976478982866],[-91.698471382356303,44.11921884367996],[-91.69909634068712,44.119459828149679],[-91.700335830473819,44.119911511213822],[-91.701770573911645,44.12047780839027],[-91.702353583769991,44.120727691903554],[-91.703382269570497,44.121189397997348],[-91.704492190536754,44.121690405840447],[-91.706378531928593,44.122529741624056],[-91.707505806448182,44.123021763660844],[-91.708305995836966,44.123372401411686],[-91.708866453976754,44.123622786862342],[-91.709372598105844,44.123858460948732],[-91.709708194969465,44.124034581900844],[-91.710281162209839,44.124372383112693],[-91.710899185969453,44.124758375785461],[-91.711943898668949,44.125445609076309],[-91.71286952438281,44.126031424237986],[-91.713068826068323,44.126183704020022],[-91.713271533559038,44.126363824219105],[-91.713429799464052,44.126525082868682],[-91.713548370699598,44.126669172661096],[-91.71437101608241,44.127681084346484],[-91.71494404212477,44.128397948880497],[-91.715632613598203,44.129267047207925],[-91.716126061101349,44.129887335444522],[-91.716208690314829,44.129987604677339],[-91.71629054793307,44.130061227037764],[-91.716590637570036,44.130263249144598],[-91.71786909687691,44.131058831625218],[-91.718709422062929,44.131591261268348],[-91.719410822081898,44.132029089310038],[-91.720308462331346,44.132599392064158],[-91.721357949241224,44.133262058577181],[-91.721896980143271,44.133604021600796],[-91.72264377783587,44.134063662081395],[-91.722949056892588,44.134280571203917],[-91.723270553677224,44.134537505979033],[-91.72396430774559,44.135095541399203],[-91.724630629969752,44.135671011758703],[-91.725432077962154,44.136380762808272],[-91.725926886125364,44.136827154140917],[-91.726573890935697,44.137402913877111],[-91.727141520434344,44.137911707288694],[-91.727709069699571,44.138417410955356],[-91.728363021671143,44.139008540716354],[-91.728889198263147,44.139496263958236],[-91.729589306720683,44.140120773825785],[-91.730483755097993,44.140917374351481],[-91.731511229604848,44.141848267874607],[-91.731511355442777,44.14184838120724],[-91.731875624376215,44.142175661600021],[-91.732124889994736,44.142417253550626],[-91.732356301291219,44.1426540559873],[-91.732547703499094,44.142870694595366],[-91.732811461519177,44.143175816510258],[-91.733121883919139,44.143571971834945],[-91.733426109039627,44.143963853815173],[-91.733643650535569,44.144244547379408],[-91.7338897161235,44.144566321019681],[-91.734050606832653,44.144776865939249],[-91.734236396441716,44.145008892203315],[-91.734649252354941,44.145535654057596],[-91.735188327162689,44.146227622296365],[-91.735714959209133,44.14690885617928],[-91.736096177161016,44.147390222385013],[-91.73641624264701,44.147803696967344],[-91.736741066957393,44.14822366155002],[-91.73704824965445,44.148611122037451],[-91.737310448355942,44.148912970796069],[-91.737660743215031,44.149270288475563],[-91.737922889998913,44.149518612881195],[-91.738143920024143,44.14970968120867],[-91.738380208215105,44.149903785001094],[-91.738664114533393,44.150117915647016],[-91.738989449977851,44.15034780950176],[-91.739321880779244,44.150561199638133],[-91.739493280822728,44.15066344884989],[-91.739665893329132,44.15076395973324],[-91.739939740740752,44.150914633181777],[-91.74027070832399,44.151094182000925],[-91.740638147504214,44.151276928318254],[-91.741019107483353,44.151448231413646],[-91.742336960524014,44.15202060418315],[-91.743750803979182,44.152616434820601],[-91.745593388946446,44.153415234786344],[-91.746012916083785,44.153600903875585],[-91.746437669968429,44.153787742926141],[-91.746841260281684,44.153961183305938],[-91.747336100616053,44.154174379559208],[-91.748719389625336,44.154781842716169],[-91.750315112776647,44.155500184307549],[-91.75119015330813,44.155941131702491],[-91.752926381537932,44.1568741765849],[-91.754603872704834,44.157797023411533],[-91.755107987818221,44.158081834252961],[-91.755588533820628,44.158402477482788],[-91.756089519518255,44.158789283492958],[-91.756560985000121,44.159218657942333],[-91.756783441174079,44.15945238769293],[-91.757019317657068,44.159723588628218],[-91.757262793686451,44.160043433070093],[-91.757472498732795,44.160366011425154],[-91.757679118419844,44.160688636860137],[-91.758641542181408,44.162200895076722],[-91.75941053237672,44.163419129846801],[-91.76034630994765,44.164889045624584],[-91.761029160678262,44.165954004039115],[-91.761644514691952,44.166920073723077],[-91.762402294607696,44.168117167851598],[-91.762623416757265,44.168462896161095],[-91.763850566269397,44.170398526133532],[-91.764212779583787,44.170974190281669],[-91.76445273376541,44.171375605298373],[-91.764983650578827,44.172313853477007],[-91.765301390030686,44.172934289493107],[-91.765604410187933,44.173564270329329],[-91.766049002527012,44.174562484932963],[-91.766369618325328,44.175318243926128],[-91.766586446309702,44.175816705156336],[-91.767589442124304,44.178201097809016],[-91.768436478623826,44.180124065211693],[-91.768702874169094,44.180740964455552],[-91.768882432011992,44.18114601473949],[-91.769061218118395,44.181525597908632],[-91.769228355484131,44.181838153131906],[-91.769350949699245,44.182061025136797],[-91.769545738228032,44.182379804758547],[-91.769654823666428,44.182570510601693],[-91.769888707685055,44.182933843317976],[-91.770128332854298,44.183279053353047],[-91.770387297937702,44.183642887560964],[-91.77053720611751,44.183837119114351],[-91.770752119779857,44.184110578121341],[-91.77094582648752,44.184344697944354],[-91.771265078545852,44.184713006081104],[-91.771524222154156,44.18499839993008],[-91.771855175363356,44.185338579277413],[-91.772152162671887,44.185632405623835],[-91.772477027621974,44.185936611229394],[-91.772840098260744,44.186260965934714],[-91.773237193135088,44.186592002655978],[-91.773623463891141,44.186896151800021],[-91.77386250663136,44.187070511223169],[-91.774239465368936,44.187348910015018],[-91.77474575630238,44.187703687660381],[-91.775066746405471,44.187915079167155],[-91.77545260125784,44.188153514991228],[-91.775880554481176,44.188403322999235],[-91.776673579004935,44.188847796209068],[-91.777559488139573,44.189324885849132],[-91.778431358475373,44.189798180808822],[-91.779314278023776,44.190267281538226],[-91.779614305668574,44.190428902597795],[-91.780338776469819,44.190814322817843],[-91.781108505332512,44.191223061798418],[-91.781952012296998,44.19167674016267],[-91.783409788691287,44.1924614169059],[-91.785900667810125,44.19379693778297],[-91.788102909538225,44.194976632797719],[-91.790776599578038,44.196348715658985],[-91.792743980700692,44.197360468402522],[-91.795276914460288,44.198653897986688],[-91.796914258996523,44.199496816920679],[-91.79930361648232,44.200724433393141],[-91.800465666248812,44.201326955756521],[-91.800466501691815,44.20132738913717],[-91.801519286235305,44.201865366139621],[-91.802854115141599,44.202548746163082],[-91.804637591593618,44.203463251700889],[-91.806135235056573,44.204228549875523],[-91.807788637737758,44.205078467306372],[-91.808508630809158,44.205448743243501],[-91.809113397366772,44.205777301241454],[-91.809820582416208,44.206193885381587],[-91.810238158889916,44.206456233264568],[-91.810768824767919,44.20680644793012],[-91.811289362404381,44.207174745818335],[-91.811796376731195,44.207566321669205],[-91.812165006718914,44.207857618497826],[-91.812625992074615,44.208257600596504],[-91.813190269331827,44.208773772782237],[-91.815320152424306,44.210750803206672],[-91.815880911663243,44.211267017761941],[-91.816789869666366,44.212103015658151],[-91.81758170737595,44.212835840788244],[-91.81870340676501,44.213870807437402],[-91.819945944544514,44.215011423513097],[-91.820734374006435,44.215746846538735],[-91.822307119362463,44.217197250667482],[-91.823319096237384,44.21813401520938],[-91.824341870155578,44.21907315498791],[-91.825119419378709,44.219798475504604],[-91.826021521134649,44.220634508072969],[-91.826589839004995,44.221158236751435],[-91.827573472309012,44.222095416197305],[-91.828212861057537,44.22272814229089],[-91.828702909164448,44.223247855459178],[-91.82917371092681,44.223710993632558],[-91.829692241131539,44.224247108909729],[-91.830013187881605,44.22458237964095],[-91.830434562783665,44.225016234438634],[-91.830955316694642,44.225569206876436],[-91.831351951532653,44.226016734319558],[-91.831959250836405,44.226707328906308],[-91.832463814201361,44.227288707355719],[-91.832905670368717,44.227797084267429],[-91.833204851212969,44.228117660101532],[-91.833387653175436,44.228295857215656],[-91.833593961706597,44.228483048749879],[-91.833879632574977,44.22873526370266],[-91.834382719397468,44.22913739718026],[-91.835272619778792,44.229798739554404],[-91.836163141126519,44.230461563919128],[-91.836164201163328,44.230462352644977],[-91.836404677868259,44.230645712534951],[-91.836665590359942,44.23084233779413],[-91.837027405956221,44.231132456182223],[-91.837274068140587,44.231343398981963],[-91.837616754633231,44.231647921948493],[-91.838075578002588,44.232063310373313],[-91.839301571220602,44.233195623215906],[-91.839769318589063,44.23362697636307],[-91.840103965537978,44.233942685945507],[-91.840528524824052,44.2343576080902],[-91.841073398392894,44.234904472741043],[-91.841478308896455,44.23531770037809],[-91.841793293044148,44.235630705965782],[-91.842438206848456,44.23628667843645],[-91.843077351502529,44.236936690272593],[-91.843606575978725,44.237473729768908],[-91.844028790751139,44.237901766831079],[-91.844344179786319,44.238226840717182],[-91.8446346277494,44.238560365273607],[-91.84481838377566,44.238794959129045],[-91.844991001529905,44.239031740300639],[-91.845152304934729,44.239264679672672],[-91.845305336598585,44.239501776811515],[-91.845522955961485,44.239853950664511],[-91.845691259707451,44.240130791777261],[-91.845973184554651,44.240578842678275],[-91.846135436633617,44.240841043014733],[-91.846276546452515,44.241069886702753],[-91.846498154000145,44.241445077807001],[-91.846838994700065,44.242054542873454],[-91.847375683309465,44.243024244708081],[-91.848026291492516,44.244191732763483],[-91.848026625472144,44.244192359368931],[-91.848442100941455,44.244971148922318],[-91.848442164833045,44.244971269428511],[-91.848735633653575,44.245491717392177],[-91.849005561615968,44.24597419297325],[-91.849417203512914,44.246698606024609],[-91.84984474271387,44.247430781645988],[-91.850199300772729,44.248045244567571],[-91.85059771588125,44.248774683994853],[-91.850799312996372,44.249144185523384],[-91.851018839971019,44.249514998577055],[-91.851302163539742,44.249995648722283],[-91.851700807502141,44.25073149946747],[-91.852059875357,44.251345892128739],[-91.852549455970518,44.252200769779122],[-91.853019045737057,44.25305919265584],[-91.853353262758262,44.253664333047297],[-91.853696880432651,44.254283787586004],[-91.854101778409756,44.255003466560659],[-91.854397142840483,44.255509616560389],[-91.854547570307091,44.255743366798406],[-91.854823724660292,44.256141899922277],[-91.854939271875011,44.256328752468242],[-91.855109826461543,44.256560662492596],[-91.855290039926643,44.256794143899398],[-91.855477562531377,44.257030954390089],[-91.855751854306291,44.257354358609334],[-91.855948549554952,44.257577208677077],[-91.856157458561114,44.257806774155192],[-91.856462850892584,44.258126222958779],[-91.856790212255262,44.258457386701629],[-91.85712428806039,44.258772910162385],[-91.857351489501241,44.258972835230622],[-91.85757862583857,44.259171041330276],[-91.857825133564944,44.259374099525822],[-91.858061550373137,44.259561791245588],[-91.85832240645216,44.259762895321082],[-91.858588017964379,44.259962192824524],[-91.858843688900095,44.260151298097988],[-91.859111314807762,44.260338479592527],[-91.859501434541684,44.26060304505561],[-91.859915724211717,44.260872392218381],[-91.860601264093262,44.261290900267817],[-91.861299068752587,44.261717829097435],[-91.861854753633608,44.262053881159417],[-91.863110734510727,44.26281854508624],[-91.863960230718078,44.263332706063153],[-91.865208956530296,44.264094007976695],[-91.866058586371693,44.264611617154031],[-91.866898407812414,44.265122466028032],[-91.867730837383661,44.265626524296053],[-91.868707890116539,44.266223128071793],[-91.869562486200778,44.266744068792164],[-91.870920578536555,44.267569904887182],[-91.871520510472422,44.267936172707095],[-91.8719392615929,44.26818874722116],[-91.872353633126806,44.268442175251749],[-91.872783801568929,44.268706452341874],[-91.873209263611983,44.26896128887504],[-91.874464550854853,44.269730249562741],[-91.874892087415887,44.269994300750838],[-91.875416135498455,44.27033292131712],[-91.875811269886128,44.270601417456405],[-91.876209339165598,44.270880127357977],[-91.876586465625465,44.271152643877478],[-91.877090471298985,44.271539598779754],[-91.877452336271475,44.271821690324998],[-91.877934769608956,44.27222297769962],[-91.87828830548672,44.272528512167689],[-91.87863297299387,44.272840709555602],[-91.87908657128007,44.273273229432021],[-91.879409336779901,44.273589512055935],[-91.8797618744983,44.273937586431096],[-91.880357477378212,44.274531988044913],[-91.880908604166677,44.275078033214676],[-91.881347883151804,44.275496231018373],[-91.881694481521464,44.275817993313865],[-91.882140864615295,44.276214616926502],[-91.882505495676057,44.276531415969529],[-91.882856559725028,44.276829783430351],[-91.88333013495577,44.277223154037642],[-91.883703292830148,44.277522081768524],[-91.884243276031981,44.277946988715044],[-91.884824130631429,44.278383606511035],[-91.885514929726767,44.278881624625924],[-91.885842880067855,44.27911975662132],[-91.886329257302691,44.279449099355325],[-91.887352552409268,44.280131530240034],[-91.888267893284819,44.280744244711478],[-91.889014700021704,44.281241315248607],[-91.890241512614409,44.282061113988632],[-91.891302988117474,44.282767455076673],[-91.892574454948871,44.283620006798529],[-91.893385091809137,44.284165146525673],[-91.89419017688958,44.284730485073176],[-91.894702157737029,44.285079479576524],[-91.895211971778423,44.285457551170424],[-91.895839695747327,44.285923044007703],[-91.896331447709684,44.286319290224242],[-91.897666656161661,44.287407557020998],[-91.898264336156402,44.287904811784429],[-91.899226585296844,44.288711039732476],[-91.900161091626572,44.289524428270546],[-91.900955524282452,44.290237354603285],[-91.901398537901628,44.290663433426396],[-91.901776964869796,44.291029800252659],[-91.901777438417938,44.291030258717242],[-91.901944646613643,44.291194973161303],[-91.902146780457258,44.291414950691255],[-91.902437212145799,44.291748424103801],[-91.902722007148427,44.292078029395441],[-91.903100915161076,44.292530287764976],[-91.903375278260057,44.292878566233995],[-91.903706817189928,44.293344828371097],[-91.904051740132488,44.293826729474354],[-91.904465868407357,44.29439997125548],[-91.904803419677094,44.294880669512807],[-91.9052423641959,44.295481250387382],[-91.905560455687265,44.295929230304786],[-91.905732117860808,44.296173495488063],[-91.905972640582704,44.296555372936851],[-91.906212738998974,44.296924040661885],[-91.906498432342289,44.297336871142704],[-91.906734096840395,44.2976818260587],[-91.906896957875446,44.297938129219354],[-91.907030060273854,44.298184350708489],[-91.907191378928147,44.298506751536884],[-91.907345100982411,44.298821356448784],[-91.907480688531891,44.299144186626741],[-91.907564518368289,44.299346305997162],[-91.907614006825426,44.299489408755889],[-91.90770148354872,44.299773123461094],[-91.907839483145025,44.300292950483325],[-91.907965418110024,44.300895742594967],[-91.908047923256191,44.301344329216981],[-91.908206692123613,44.30223098305828],[-91.908381131924557,44.303236239974524],[-91.908715120826784,44.305060218262298],[-91.909047688047352,44.306930907827528],[-91.909183818663138,44.307665122824439],[-91.909294049629636,44.308329737110448],[-91.909391194812258,44.308883429302156],[-91.909439102820158,44.309101101435978],[-91.90949014153982,44.309347638484027],[-91.909582693809043,44.309887173651852],[-91.909680175476169,44.310410087945506],[-91.90973267439287,44.310624649149119],[-91.909781251506274,44.31075154273347],[-91.90984382883336,44.310893732123631],[-91.909890274400212,44.311005923573759],[-91.909951311546408,44.311122651474747],[-91.909995088263287,44.311208220954775],[-91.910198935064727,44.311515347788834],[-91.910490275650645,44.311994334046091],[-91.910698696480722,44.312314734701317],[-91.911303237247139,44.313208849490621],[-91.911530141189402,44.31355564174671],[-91.911892572404923,44.31425964068611],[-91.912256110470381,44.314997434691122],[-91.912730176450992,44.31593269092204],[-91.913014672235292,44.316449354053944],[-91.913262298028883,44.316896699818436],[-91.913649216537152,44.317574228136692],[-91.914042406312376,44.3183583250742],[-91.914554354693678,44.319385451768305],[-91.914682711399038,44.319653601994219],[-91.914769535182884,44.319857744838842],[-91.914833531030467,44.320101811060454],[-91.914918823440033,44.320473523006285],[-91.91497165160979,44.320724663608466],[-91.915048069176606,44.321052887312732],[-91.915087185313794,44.321149300296987],[-91.915155452933476,44.321264814596894],[-91.915284365670743,44.321452342984806],[-91.915633497291211,44.321964781927562],[-91.916006899851482,44.322536483553428],[-91.916145522195094,44.322738180578312],[-91.916534513980892,44.323340399622417],[-91.916991600255443,44.324023094150242],[-91.917484596723327,44.324762937164387],[-91.917755245443985,44.325161828599448],[-91.918083738172299,44.325689190986644],[-91.918571583606592,44.326496736159235],[-91.919429328196301,44.327892539160757],[-91.919578495611304,44.328151816954232],[-91.919930817441781,44.328710778342369],[-91.920111088941724,44.329002185803283],[-91.920321250544831,44.329299743409067],[-91.920585000320784,44.329647022385814],[-91.920956009959099,44.330152378189617],[-91.92136759583336,44.330706340656754],[-91.921435486611685,44.330794218561486],[-91.921635284626291,44.331070143112143],[-91.921897227406689,44.331419592037108],[-91.9222491969294,44.331885471302968],[-91.922590327921895,44.332349596322842],[-91.922960287044276,44.332871240224023],[-91.923327178635574,44.333381338865472],[-91.924116607855566,44.334454737983798],[-91.92448377257773,44.334972561613853],[-91.924665016158826,44.335242149263294],[-91.924765008577168,44.335416424590804],[-91.924836883698205,44.335554433155053],[-91.924929878625775,44.335761695708271],[-91.925006398072568,44.335959566867942],[-91.925110820232049,44.336269116097846],[-91.925199032999089,44.336577011902186],[-91.925266366582292,44.336823374055093],[-91.925287664698502,44.336911855100858],[-91.925342684502212,44.337223470427858],[-91.925363419269146,44.337390915967354],[-91.925373230766496,44.337535444367354],[-91.925380669959068,44.337762694955593],[-91.925375294403267,44.33796098337514],[-91.925354186810679,44.338196007608126],[-91.925317108381876,44.33846047935937],[-91.925229964349398,44.338955610993033],[-91.925181701118589,44.339240950797588],[-91.925110003419263,44.339638546068045],[-91.925002938762461,44.340249519836121],[-91.924940479677403,44.340618996343586],[-91.924881713564417,44.341049197766012],[-91.924859962617091,44.34136813017146],[-91.924847929910186,44.341673529507489],[-91.924856839841738,44.341945742412868],[-91.924897035228838,44.342500738447896],[-91.924939484918497,44.342969359139012],[-91.925011495267938,44.343771865043067],[-91.925085097278568,44.344467336181985],[-91.925158925748732,44.345014472562525],[-91.925220276402456,44.345335649861539],[-91.925298595271201,44.345657765392467],[-91.925393456752261,44.345967430070445],[-91.925490232696788,44.346232084182688],[-91.925587906400452,44.346472406392202],[-91.925706742488018,44.346737903661001],[-91.925821027186799,44.34696821343821],[-91.925891461632759,44.347100771647987],[-91.925994595384822,44.347274812515487],[-91.926091566477083,44.347436119190995],[-91.926209691475066,44.347613526117506],[-91.926373150947086,44.347847354123047],[-91.926603835080869,44.348142455305457],[-91.926992317960796,44.348609079955907],[-91.927425291546811,44.3491061560795],[-91.92816756881426,44.349975001577974],[-91.929192311730034,44.351169248956694],[-91.930073922530042,44.352196914222624],[-91.93061995056074,44.352824660541152],[-91.931066946033297,44.353305883481411],[-91.931343740617123,44.353568991161296],[-91.931642599685631,44.353842132163997],[-91.931922242512414,44.354081791880652],[-91.932193870454256,44.354298188178824],[-91.932487502084967,44.354522007872752],[-91.932817683005538,44.354755615394538],[-91.93321813041203,44.355032227178796],[-91.93366954047211,44.355315770960623],[-91.934245632880476,44.355643997599088],[-91.934850273894995,44.355958746474116],[-91.936131719760496,44.356604404391518],[-91.937049319540208,44.357068412952124],[-91.937671908928863,44.357394185851042],[-91.937981725135387,44.35757037977627],[-91.938260723765211,44.357741604265968],[-91.938521731518321,44.357909460354612],[-91.938855991888374,44.358129233676635],[-91.939133537520917,44.358333467021701],[-91.939461335971217,44.35858999877567],[-91.939734567558162,44.358818134382432],[-91.939987539980933,44.359052114256734],[-91.940441296897887,44.359486127286466],[-91.940773964976017,44.359812227267405],[-91.941638152401978,44.360664290645978],[-91.941886513220183,44.360909760220657],[-91.942359582106164,44.361341348381558],[-91.94270380248193,44.361639679484675],[-91.943346169541925,44.362150857717971],[-91.945053960202216,44.363405075168487],[-91.945512399460966,44.363730360878236],[-91.945971428430227,44.364054805516041],[-91.946242983204442,44.364262589517601],[-91.946540240523262,44.364497231223396],[-91.946765941733346,44.364669010163503],[-91.947032103218049,44.364863839142913],[-91.947342245449619,44.365087572681745],[-91.947740209274301,44.365377022303981],[-91.949736358157196,44.366833576207128],[-91.950662931781267,44.36752723476976],[-91.951072178660908,44.367831937692898],[-91.95145696036974,44.368115981693947],[-91.951994395842974,44.368511372297348],[-91.952519934993504,44.368906972771057],[-91.953047037194025,44.369289724065396],[-91.953450504761165,44.369597650183124],[-91.953813565388884,44.369884902634112],[-91.954199700018279,44.370208805540521],[-91.954561828233835,44.370527410289355],[-91.954783451999702,44.370741574141633],[-91.955390295032629,44.371370832406981],[-91.95564363565839,44.371642861558605],[-91.955878025265534,44.371882444567191],[-91.956229596195158,44.372241116170152],[-91.956570620182703,44.372581457641132],[-91.95693874476558,44.372959784552144],[-91.957267682315688,44.373294623268798],[-91.957668575230059,44.373702302358197],[-91.95814830977892,44.374211205803292],[-91.958586936559783,44.374678067054411],[-91.958914243701372,44.375022903983158],[-91.959317142226467,44.375490375315728],[-91.959610854787869,44.375840062993554],[-91.959987829245591,44.376303700477941],[-91.960475051522437,44.376916456624365],[-91.961316950869289,44.377978984100594],[-91.961640058044665,44.378375165042442],[-91.961640441518966,44.37837559689018],[-91.961807146428526,44.378563405540099],[-91.962194654572343,44.37905233241554],[-91.962571646490801,44.379521623552087],[-91.962828292895651,44.379875450883866],[-91.96324039172967,44.380390860693389],[-91.963669511071373,44.380942788643743],[-91.964140582830893,44.381567627045953],[-91.964461961538618,44.382026533873862],[-91.964720145784639,44.382425641348988],[-91.964908252128083,44.382736754614719],[-91.965372121868782,44.383558530509355],[-91.965636031501674,44.384069396820486],[-91.965886084507176,44.384579087617155],[-91.966212490350344,44.385246056002508],[-91.966710936098323,44.386273961495547],[-91.967264227338632,44.387405694000819],[-91.967450592877881,44.387781967891719],[-91.967650408668064,44.388146675172621],[-91.967852886156905,44.38847310142036],[-91.968103647672024,44.388825604325582],[-91.9683366569149,44.389120362801478],[-91.968607565828535,44.389425783837083],[-91.968898427839122,44.389737945327525],[-91.969215915613319,44.390077969579018],[-91.969883280403721,44.390781520985307],[-91.97030326690269,44.391231435107002],[-91.971215397058955,44.392203205404307],[-91.971757551368256,44.39277734971445],[-91.972187365949679,44.393225178429645],[-91.972515487647399,44.393571869715913],[-91.972845204809374,44.393907261004962],[-91.973082494288107,44.394124439747841],[-91.973307434100178,44.394324924228179],[-91.973499424593086,44.394480864906441],[-91.973737730725659,44.394665065564944],[-91.974021837467788,44.394867676786255],[-91.974268658102858,44.395034983971868],[-91.974528825988145,44.39520747046226],[-91.974877360044374,44.395429752734536],[-91.975549440693683,44.395859900840414],[-91.976712654151001,44.3966057777942],[-91.977648451740436,44.397200221344633],[-91.978468768521367,44.397722349456657],[-91.978967672818044,44.398044689910122],[-91.979353977947085,44.398324407531994],[-91.979592314201128,44.398518867451664],[-91.979837210304467,44.398740230400982],[-91.980036220893965,44.398942132346718],[-91.980196705292926,44.399119035240297],[-91.980389339920265,44.399354816482635],[-91.980573143538493,44.399608314957547],[-91.980762490899039,44.399914401091486],[-91.980923863738639,44.400229083725222],[-91.981085543652128,44.400608607643896],[-91.981451770565712,44.401520920952073],[-91.981680473131306,44.40209923199474],[-91.981924617993627,44.402688068775475],[-91.982210570929425,44.403399129760857],[-91.982412683067892,44.4038590104389],[-91.982522742784425,44.404048939113551],[-91.982623949634231,44.404199841425708],[-91.982791075143709,44.404404992858929],[-91.983014225410457,44.404651042821342],[-91.983290436977697,44.404905641555267],[-91.983530468038865,44.405093311516374],[-91.983759979035298,44.405248735839976],[-91.983996669403339,44.40539323164576],[-91.984272818387026,44.40553434039289],[-91.984898765251998,44.405820677205242],[-91.985423423236114,44.406065540717954],[-91.986023010907928,44.406352329684971],[-91.987120598435737,44.406874973095114],[-91.987923826684408,44.407275747578083],[-91.988167242461074,44.407395792154837],[-91.988371201035633,44.407519233181844],[-91.988529080227465,44.407617809547943],[-91.988530294550372,44.407618694975618],[-91.98876372533222,44.40778877207935],[-91.989001191074777,44.407979175930492],[-91.989221002917461,44.408173361912276],[-91.989469015040214,44.408436539279151],[-91.98966650167965,44.408686696333248],[-91.990132939523377,44.409340935050217],[-91.990490640297111,44.409837259807745],[-91.99073660836298,44.410182683019869],[-91.990929732798051,44.410446814101874],[-91.991167493627131,44.410733816626376],[-91.991315324650301,44.410901912426759],[-91.99153455047292,44.411125633059577],[-91.991749787947825,44.411319506729548],[-91.992020028594411,44.411553022728171],[-91.992328959333022,44.411784791633082],[-91.992645009731547,44.412006820511081],[-91.992962108432025,44.41221601030513],[-91.993304081594275,44.412410882728075],[-91.99361955192299,44.412572024481925],[-91.99394220254969,44.412724496365094],[-91.994253721553974,44.412856869588971],[-91.994602594370562,44.412991785385088],[-91.995006539060611,44.413124675528763],[-91.995396619513713,44.413243915312265],[-91.995906337200935,44.413374953677746],[-91.996501169595788,44.413510911415813],[-91.997166520481485,44.413660586108698],[-91.997857497080943,44.413818352115634],[-91.998185172450135,44.413899152279029],[-91.998552434500056,44.414004889366716],[-91.998958046695336,44.41414201259682],[-91.999269329335661,44.414266894945939],[-91.999649283641929,44.414438639370594],[-91.999954071775036,44.414591407024012],[-92.000201786813037,44.414731291494469],[-92.000405677761123,44.414857871971037],[-92.001478678455356,44.415555603276481],[-92.001826501546773,44.415789375215681],[-92.002187121660711,44.416029690830918],[-92.002514424002996,44.416244382701251],[-92.003179756487299,44.416687808701418],[-92.003565309023955,44.416953502317405],[-92.005109199699234,44.418044556689885],[-92.005788844657417,44.418522610545715],[-92.006493783515495,44.419011577245271],[-92.007156676878992,44.419462332893843],[-92.007750202022805,44.41987050623198],[-92.007911903689632,44.419977189801273],[-92.007996709087791,44.420026365709866],[-92.008088562608179,44.420069367762189],[-92.008171901849664,44.420098133136896],[-92.008261008100106,44.420119594832009],[-92.008366023526932,44.42013646430707],[-92.008464729774829,44.420144802053301],[-92.008866967424922,44.420151778814279],[-92.008868975356023,44.420343510556691],[-92.008868622858074,44.420558744927675],[-92.008884516204645,44.420790213452442],[-92.00890206328917,44.420933174086031],[-92.008995527556536,44.421613116843666],[-92.009130847118101,44.422404397837177],[-92.009178724109006,44.422680551120635],[-92.009209229977458,44.422893702919168],[-92.009224811673462,44.423058448618775],[-92.009234386609862,44.423241098399608],[-92.009236183777716,44.42334707382421],[-92.009234744181981,44.424302260869823],[-92.009099514023148,44.42812744664667],[-92.009129245420283,44.430139912278676],[-92.009140102676668,44.430292110134971],[-92.009270165471747,44.430777498237937],[-92.009432572577339,44.431103139977942],[-92.009644063128704,44.431482104851639],[-92.009891611391367,44.431809641276267],[-92.01017210784542,44.432133203037637],[-92.010561596661745,44.432465008893423],[-92.011064813425776,44.432804965309309],[-92.011431464959131,44.4330220257702],[-92.011688958656336,44.433142788853772],[-92.012225440553919,44.433350084267033],[-92.012794407180351,44.433539861379245],[-92.013403570393606,44.433661199441296],[-92.013826419469197,44.433724863315462],[-92.014333871602659,44.433774843365626],[-92.015153178849317,44.433799115321136],[-92.016444839135147,44.433837663873341],[-92.016483418967852,44.433841942993872],[-92.019110827559132,44.433920601394448],[-92.019941518784606,44.433942765072452],[-92.021170823268903,44.433984010772299],[-92.022356920056851,44.434017365971101],[-92.024035377340667,44.434068206365311],[-92.026329209923929,44.434138099176991],[-92.027868729985158,44.434180113532335],[-92.029382315158713,44.43422819478328],[-92.031107844649,44.434278103410023],[-92.03282813957378,44.434328070130789],[-92.034469888714355,44.434375674431031],[-92.036239980617552,44.43442845647035],[-92.036983582039738,44.434448934286159],[-92.03832175942587,44.434492518007403],[-92.039091558008991,44.434514386943867],[-92.040819775880209,44.434565973197195],[-92.042144754980981,44.434606002858409],[-92.04329950114942,44.434639701029582],[-92.04444639982043,44.434673519029879],[-92.045975674101911,44.434721090145182],[-92.047698742033276,44.434774537018903],[-92.049937583370692,44.434841196192387],[-92.051794026149082,44.434894058970492],[-92.053936082195591,44.434960506387299],[-92.056227219981153,44.435026092285248],[-92.057557371779382,44.435063986186286],[-92.058709583712698,44.435099437574657],[-92.059867008051896,44.43513479228502],[-92.061307236276022,44.435178137667904],[-92.063200296927448,44.435230162677605],[-92.065682672470302,44.435303355991067],[-92.067981928085345,44.435376058140513],[-92.069113030605038,44.435406169100851],[-92.069503458793292,44.435425326618905],[-92.069889192856337,44.435459566398279],[-92.070294293873573,44.435523441675741],[-92.070628933209207,44.435592347563777],[-92.071014505883383,44.435695934241927],[-92.071384991773911,44.435816655383377],[-92.071888436346086,44.435998692660569],[-92.072845207520302,44.436350544527563],[-92.0746273774635,44.436990657629806],[-92.074628354913841,44.436991008978836],[-92.076964320794133,44.437853830643881],[-92.077312171092089,44.437976861826229],[-92.077597522158854,44.438075794727069],[-92.077793293959473,44.438132180982535],[-92.077988954155799,44.438185408987167],[-92.078210898765803,44.438235007269959],[-92.078472338240019,44.438280735182936],[-92.078751284193658,44.438322983804909],[-92.079100416444263,44.438357642754227],[-92.079383086952134,44.438380889341168],[-92.079898999909972,44.438399886383699],[-92.081022266954662,44.438407812287316],[-92.08483687425921,44.43843287283994],[-92.089025789798782,44.438457268432849],[-92.093408450519675,44.438481117810724],[-92.097055136739186,44.438489915947955],[-92.10075497502875,44.438507090327256],[-92.10290044590991,44.438522032138337],[-92.105223784918252,44.438536651834831],[-92.108022349140541,44.438545835649997],[-92.110748204902109,44.438556286047721],[-92.113695687176602,44.438575613278381],[-92.115172355646834,44.438583852696539],[-92.116179840019413,44.438591128651844],[-92.117307207588681,44.438593381656027],[-92.118655928626609,44.438603561622898],[-92.119795371208042,44.438617602548248],[-92.1205211598175,44.438632842941374],[-92.121668618551297,44.438654125475402],[-92.122628502934433,44.438672411079153],[-92.123587072876191,44.438689776774162],[-92.124539088244603,44.438704483558155],[-92.125285081007803,44.438717544129311],[-92.126257175501962,44.43873947906377],[-92.127397458662358,44.438758902020453],[-92.128533572008521,44.438780434927949],[-92.129068944060492,44.43878977205501],[-92.130043126140777,44.438807188463329],[-92.130243308662656,44.438811690928759],[-92.130415026714246,44.438816103017125],[-92.13216909338901,44.438845773710391],[-92.133688696381512,44.438871301029018],[-92.135712590664184,44.438906671013513],[-92.135714252911583,44.43890670023621],[-92.136619856416957,44.438924145975399],[-92.137621456023624,44.438943487284838],[-92.137991894479896,44.438959732693228],[-92.138188914343303,44.438974264416402],[-92.138379171091756,44.438993882952893],[-92.138574230201684,44.439018380696858],[-92.138764862243448,44.439047930523742],[-92.139128053191314,44.439118963311216],[-92.139556953938538,44.439216914921595],[-92.140743672445765,44.439494431459963],[-92.14111671494274,44.439581829116051],[-92.14178846186492,44.439736633998017],[-92.143271469791287,44.440071917289949],[-92.144728568808915,44.440406794731942],[-92.146181248942796,44.440740683284133],[-92.147616865970051,44.441067582110797],[-92.149050511560986,44.441398605170754],[-92.150505847594445,44.441731884409784],[-92.151956231231978,44.442062384548755],[-92.153412117907678,44.442395418206658],[-92.15486417133846,44.44272689412292],[-92.155974778358996,44.442986944909286],[-92.15717126288132,44.443264745008179],[-92.158024325962259,44.443461725597182],[-92.15837125510636,44.443539891454755],[-92.158671254690418,44.44360867156027],[-92.158960316730486,44.443672535189151],[-92.159238263708389,44.443726327248868],[-92.159515833172279,44.443769862720778],[-92.159757114480755,44.443801237189525],[-92.15996219005838,44.443823033094318],[-92.160353891519534,44.443851569341383],[-92.160916874251882,44.44387840185292],[-92.162804835393558,44.443975926899782],[-92.163611849684912,44.444016821383443],[-92.164528561064927,44.444061473147151],[-92.164877536403324,44.444079388518901],[-92.165204807710225,44.444102026731287],[-92.165421721913035,44.444120698432798],[-92.16561331803554,44.444142874881003],[-92.165613381224517,44.444142884485586],[-92.165989062754534,44.444199917836222],[-92.166475437764589,44.444296488593402],[-92.167557149478696,44.444547774066692],[-92.168702109319142,44.444819823342058],[-92.169346254044711,44.444973603608609],[-92.170092349040985,44.445149866631404],[-92.170850011642102,44.445331594498036],[-92.171777564539809,44.445560545597679],[-92.172141503654188,44.445663481397006],[-92.172509372933959,44.44578018735249],[-92.172874219827165,44.445907527781124],[-92.173128850050375,44.446003592151563],[-92.173431000726936,44.446124805019132],[-92.173926941897236,44.446325331735935],[-92.174478386028809,44.446551654117179],[-92.175484407473292,44.446965444672422],[-92.176279362846714,44.447293727422519],[-92.176797352321103,44.447506028927343],[-92.177149287848579,44.447652318360234],[-92.177666032206119,44.447861380681992],[-92.178014490475391,44.448005294038417],[-92.178532462218215,44.448216777728376],[-92.17921888094817,44.44849747027051],[-92.179894709218544,44.448773706502891],[-92.180413881727205,44.448985005640075],[-92.180944842412472,44.449201253742963],[-92.181425231491602,44.449396517181377],[-92.182110078867197,44.449681174445985],[-92.182804400581205,44.449962900621458],[-92.183835332495093,44.450384990543725],[-92.184695840214587,44.450756829704737],[-92.186440851397734,44.451628992039431],[-92.187033592514155,44.451959289534884],[-92.188149527855444,44.452552598945715],[-92.189274902122619,44.453141593143378],[-92.190232447145036,44.453647361555028],[-92.191029764624162,44.454068385135848],[-92.192134030964652,44.454655019233471],[-92.193773833387169,44.455524974596948],[-92.194577455252258,44.45595957211826],[-92.195686034270778,44.456557062934095],[-92.196194550062586,44.456835420575104],[-92.196622535266329,44.457060436272286],[-92.196907625365029,44.457204511579796],[-92.197180773090182,44.457336455370125],[-92.197490760952959,44.457480050029602],[-92.197708977546156,44.457577381372452],[-92.197969928165307,44.45769035540502],[-92.198211158836102,44.457788620100509],[-92.198512472365252,44.457904929906654],[-92.198889207754846,44.458040375312613],[-92.199296824984245,44.458182075570448],[-92.199715743991831,44.458318073988707],[-92.199986945932523,44.458397914165829],[-92.200219245493486,44.458462046604623],[-92.200536705073944,44.458549222383041],[-92.200937095244441,44.458651273351876],[-92.201391354047772,44.458759144205715],[-92.201902939125574,44.458863152781241],[-92.202319703112948,44.458941557213151],[-92.202730496304127,44.459014583707791],[-92.20308718996111,44.459074932691713],[-92.203482221686329,44.459135918001742],[-92.204042908976163,44.459221134977682],[-92.205010487151625,44.459376706020677],[-92.206352842500522,44.459597191629022],[-92.206927605627968,44.459692781511116],[-92.207679280950401,44.459820661015634],[-92.208085877898654,44.459885736990472],[-92.208459950597302,44.459945651991688],[-92.209027741691813,44.460041177096109],[-92.209597055447418,44.460134365222316],[-92.210189298642192,44.460235199972814],[-92.210768531461568,44.460333978914385],[-92.211728226565725,44.460490212731713],[-92.212486290163127,44.460615614075664],[-92.213078411746253,44.460712970145885],[-92.213447951677068,44.460781059021528],[-92.213839238532984,44.460868413771649],[-92.214421107806075,44.461036578430161],[-92.215160262486137,44.461259584336354],[-92.21568035876102,44.461418534096474],[-92.216719550363536,44.461736100217223],[-92.216720558873959,44.461736408330985],[-92.216973935507411,44.461819191933635],[-92.217165152836714,44.461885086879136],[-92.217358904628171,44.461953831128028],[-92.217635911940548,44.462060407401388],[-92.217848157733684,44.462146778846282],[-92.218108346708036,44.46225831706036],[-92.218323479388445,44.462356812103231],[-92.218594931310932,44.462487864142162],[-92.218841035250719,44.462612440148256],[-92.219217024575286,44.462808735628222],[-92.219608765541068,44.463014590505431],[-92.220031941260757,44.463237811019553],[-92.220550105532723,44.463509075025726],[-92.221221958985453,44.463860296811767],[-92.221647540156781,44.464082312152847],[-92.222102079968266,44.464320002998505],[-92.222656611911901,44.464610274275827],[-92.223138460573622,44.464863084867545],[-92.223545912884262,44.465076740559631],[-92.223790505700535,44.465203657933223],[-92.2241244658439,44.465380454872012],[-92.224606349291605,44.465633843716518],[-92.224968389071066,44.465824603245835],[-92.225370113430984,44.466036041334192],[-92.225824670697619,44.466273716909548],[-92.226293472066757,44.466523869621689],[-92.226611090706712,44.466696341552677],[-92.226920863672291,44.466875348506392],[-92.227079844588715,44.46696621671375],[-92.227362780275257,44.467142261979923],[-92.227656077557185,44.467335506445828],[-92.227946567610971,44.467539833164089],[-92.22821460511291,44.467728932782741],[-92.228382796500114,44.467848625877686],[-92.228655840097019,44.468041677917043],[-92.228912197564043,44.468221722179038],[-92.229260690959919,44.468459717214472],[-92.229556602144442,44.468657542058494],[-92.2298421677568,44.468859637391866],[-92.230122838702158,44.469061242448099],[-92.230423189299231,44.469268845183471],[-92.230720278863913,44.469475934672175],[-92.231149889965494,44.469780200643257],[-92.231579426780087,44.470082728922861],[-92.231965467196389,44.470348979123543],[-92.232519994216844,44.470742453364629],[-92.232754602563702,44.470903774627253],[-92.23297846289519,44.471059498936583],[-92.233245693840431,44.471248017211231],[-92.233617065564445,44.471511649868098],[-92.234016652571739,44.471792707410984],[-92.234374569779703,44.472043267972118],[-92.234709293923785,44.472280345338469],[-92.234993812838525,44.472475489092858],[-92.235314336843501,44.472680361187116],[-92.235595998950544,44.472843068879328],[-92.235751338007915,44.472922400828203],[-92.235899884355419,44.472993736230933],[-92.236082662390629,44.473070207637591],[-92.23627509566596,44.473145328276644],[-92.236470828092024,44.473221554299094],[-92.236761834757786,44.47333186979678],[-92.237105496794953,44.473463191149918],[-92.237391377838037,44.473566646447409],[-92.238671833557675,44.474043890602495],[-92.239566115648898,44.474379046193604],[-92.241002379902099,44.474904261263696],[-92.241930984106119,44.47524683585138],[-92.243394958679318,44.475790237961846],[-92.243718534432034,44.475912427266266],[-92.244222965493208,44.476100713725309],[-92.244587794898322,44.476234927298854],[-92.245299553281129,44.476496131795045],[-92.24619021856499,44.476824509416922],[-92.246707232852629,44.477018848100556],[-92.246708234073935,44.47701921730939],[-92.247423524376217,44.477283326063827],[-92.248115762647373,44.477541107103512],[-92.248853389814499,44.477812384999787],[-92.249372940813089,44.478004870063579],[-92.250101307093786,44.478276331336673],[-92.250603598311656,44.478462507033029],[-92.251151489915273,44.478667722107517],[-92.252042921028803,44.478994670362191],[-92.252573651955103,44.479195787822619],[-92.253093129213028,44.479386042690308],[-92.253463395038281,44.479518319953549],[-92.253843178509669,44.479657052035385],[-92.254342103649265,44.479835526412657],[-92.255029295514078,44.480081175452668],[-92.256478929671715,44.480597558409592],[-92.257521809423849,44.480997902243239],[-92.25873226601162,44.481490195634819],[-92.260204715784056,44.482114642141831],[-92.260919841850026,44.482426447859474],[-92.26218543148876,44.483007413564771],[-92.263453799803102,44.483576984778367],[-92.264763024564175,44.484154821217899],[-92.264959840665284,44.484241035276803],[-92.265257554015292,44.484371364588661],[-92.265501692162076,44.484473632906749],[-92.26569916426655,44.484557084169083],[-92.265875514184643,44.484625703915832],[-92.26621251929717,44.48476030129715],[-92.266506786138507,44.48486936857396],[-92.266763850174073,44.484963041132481],[-92.267037959753424,44.485060407776444],[-92.267331995302797,44.485163427757698],[-92.267662779748704,44.485269741162568],[-92.267996211692605,44.485371976841918],[-92.268631660440533,44.485564979075626],[-92.269256010071189,44.485762222555287],[-92.26952676571976,44.485845542785512],[-92.269800727467015,44.485938872540608],[-92.270180676018143,44.486078474004657],[-92.270423989757958,44.48618047806287],[-92.270687633720712,44.486298209887387],[-92.270937216847202,44.486416211808823],[-92.271193122116316,44.486552236652834],[-92.271432217461694,44.486690602972459],[-92.271654450382812,44.486829313339861],[-92.271865412408914,44.486968247573849],[-92.272129142240829,44.487160551910009],[-92.272346609504353,44.487321529181933],[-92.272570086182995,44.487492460316936],[-92.272857501497583,44.487714540181564],[-92.273513882869125,44.488227618006448],[-92.274300590765634,44.488832848039742],[-92.274637035298369,44.489084177307632],[-92.274932284247697,44.489289963129409],[-92.275219024585084,44.489493901177525],[-92.275664053949214,44.489785402411563],[-92.275998864035259,44.489994429975155],[-92.276327732857823,44.490195508688586],[-92.276898019611266,44.490517888975631],[-92.278309015699236,44.491292463285198],[-92.278849288049415,44.491593475422178],[-92.27934255356935,44.491880623292587],[-92.279718480510979,44.49211713204258],[-92.28000647891389,44.492306088510631],[-92.280347677961856,44.492534655275804],[-92.280703457622963,44.492783887753006],[-92.281006773402652,44.493011976019531],[-92.28135467037292,44.493279846276138],[-92.28162496678506,44.493499968257751],[-92.281947780485211,44.49374244655003],[-92.282198805507406,44.493954327892943],[-92.282606338348344,44.494338071767146],[-92.282916081125961,44.494642440388567],[-92.283301313368398,44.495027861054155],[-92.283646589536374,44.495404221861264],[-92.284076340202745,44.495871321046963],[-92.284758933215173,44.496640211696416],[-92.284767061050346,44.496649191153828],[-92.284886720891095,44.496781398404572],[-92.285053237489365,44.496979246263855],[-92.285190919342057,44.497153103025717],[-92.285322406769879,44.49733322338934],[-92.285438528686853,44.497504441569241],[-92.285653378481712,44.497841077058212],[-92.285878974544588,44.498232781831227],[-92.28606983102766,44.498559147847388],[-92.286234230735673,44.498812321201449],[-92.286358750188199,44.49897876089895],[-92.286516333937413,44.49916757581245],[-92.286661889899435,44.499322844725093],[-92.286828816335827,44.499476145905639],[-92.287010210812213,44.499615338017001],[-92.287259883489696,44.499799228051494],[-92.287486914791216,44.499952863409483],[-92.287698459553496,44.500094520134496],[-92.287911541595676,44.500220787243741],[-92.288144698735437,44.500366619301779],[-92.288349931282212,44.500511471210061],[-92.288507452713858,44.500643460259653],[-92.288711558923524,44.500814441582854],[-92.28889483670568,44.5010011985662],[-92.289031518492479,44.501148963131875],[-92.289193763597694,44.501346899450596],[-92.289305919111328,44.501525863315536],[-92.289406646739252,44.501741921827772],[-92.289485704195783,44.501952275095576],[-92.289545154860988,44.502155333337008],[-92.28959681493555,44.502378515521094],[-92.289653497008402,44.502675319085526],[-92.289691411881975,44.502931024143493],[-92.289728019354172,44.503208262567618],[-92.289759633874098,44.503522457681072],[-92.289766807157505,44.503924675103086],[-92.289759852220712,44.504130604570634],[-92.289745454242237,44.50436586968577],[-92.289724286272431,44.504647336777751],[-92.289682388285868,44.505056687152759],[-92.289644416924091,44.505512024920442],[-92.28956605367604,44.506250754651916],[-92.289499967114111,44.506864849443332],[-92.289453401171102,44.507429398588421],[-92.289429067027797,44.507849145525668],[-92.289373161230785,44.508777864916695],[-92.28936671372594,44.509106642149042],[-92.289341452052781,44.509776733083861],[-92.289351723893446,44.51020346504118],[-92.289388076061982,44.510583607779083],[-92.289427171893664,44.510814720924117],[-92.289476522996338,44.51103333986282],[-92.289546722004431,44.511291476041663],[-92.289609268239374,44.511463755108821],[-92.289800052842097,44.511896084877684],[-92.289992388500195,44.512313015798767],[-92.290174036291887,44.512676415456561],[-92.29035854555228,44.513058194650831],[-92.290576546943711,44.513582118214075],[-92.290672969842817,44.513852006900855],[-92.290798825876024,44.514270279312377],[-92.290880869727133,44.514611099472987],[-92.291049232103163,44.515401701833639],[-92.291248389098371,44.516320692493622],[-92.291364297675059,44.51686816149482],[-92.291471501231484,44.517412735197588],[-92.291627892959525,44.518171329483103],[-92.29173505409382,44.5187143642436],[-92.291878592613045,44.519364177078181],[-92.291982539287503,44.519770599205067],[-92.292109666149315,44.520165806727213],[-92.292271047054172,44.520558786818633],[-92.292427721309565,44.520941112122259],[-92.292600795432961,44.521358433856612],[-92.292817001429057,44.521890058691298],[-92.293010947688373,44.522346886849306],[-92.293180947508958,44.522794986078139],[-92.293358128910839,44.523316653652671],[-92.293491007119542,44.523748600322691],[-92.293652536717232,44.524308968704581],[-92.293758354795969,44.524707672122901],[-92.293885705336635,44.525162766837177],[-92.293994159148156,44.525573705501493],[-92.294249120353584,44.526380989742542],[-92.294344007894836,44.526720018211599],[-92.294436136777051,44.526988459034357],[-92.294543750146673,44.527268868004768],[-92.294644637829549,44.527541741885351],[-92.294813983394093,44.527917660042199],[-92.294969638453409,44.528218609875864],[-92.295135170368425,44.528606901663167],[-92.295370409701675,44.529075174571496],[-92.295612742432823,44.529560202090138],[-92.296022182491896,44.530418129419218],[-92.29619060245119,44.530824789656414],[-92.296339768906464,44.531233367358276],[-92.296437009060952,44.531576955804518],[-92.296492104679274,44.531886066024761],[-92.296517278026414,44.532198848040892],[-92.29652026429919,44.532438363587325],[-92.296505347967596,44.532659811082958],[-92.296469166246339,44.532995334441168],[-92.296416654477767,44.533243645584001],[-92.296366270983043,44.533436620282686],[-92.296289394170515,44.533665462855204],[-92.296220852165263,44.533887988979302],[-92.296168920370292,44.534096353048604],[-92.296122583085037,44.534283115499505],[-92.296098195605566,44.53448171589212],[-92.296095759628983,44.534638409053173],[-92.296092727880321,44.534888794602054],[-92.296109604298024,44.53515413803666],[-92.296151367805066,44.535397482811319],[-92.296195260890727,44.535585500147356],[-92.296248735399686,44.53574413850432],[-92.296296534022673,44.535867574057079],[-92.296473886418411,44.536337017588224],[-92.296593321083478,44.53658954862091],[-92.296677253392716,44.536758323013188],[-92.296730126851827,44.536901614883192],[-92.296777587604694,44.537071131982579],[-92.296820371778836,44.537285269687963],[-92.296841506708716,44.537495242672492],[-92.296841922355554,44.537724060719029],[-92.29681468352571,44.537959574906473],[-92.296780439915509,44.538126126570496],[-92.29672651578656,44.538283864594092],[-92.296626970718819,44.538482437662488],[-92.296488822648982,44.538737080795691],[-92.296371746248312,44.538926796723544],[-92.296255781404113,44.539090382823915],[-92.29605843189249,44.539313960191592],[-92.295864658360259,44.539519037109145],[-92.295660659097436,44.539791901336777],[-92.295478235378155,44.540067392197578],[-92.295291843739491,44.540405935240457],[-92.295240103547883,44.540509865488865],[-92.295160829963393,44.540558511104344],[-92.295124616789167,44.540580732736487],[-92.295000322824464,44.540930972393291],[-92.294893758449518,44.54142680447584],[-92.294852826498612,44.541912737613373],[-92.294953641884476,44.542644822006878],[-92.29500355236317,44.542845592239082],[-92.29512678391707,44.543079223941866],[-92.295207200405997,44.543292263341819],[-92.295356119609238,44.543568311341787],[-92.295485185693792,44.543797540109409],[-92.295649240057088,44.544000308881756],[-92.295770958955941,44.544195340428558],[-92.295952496014891,44.544384865535292],[-92.296047024493134,44.544498880772778],[-92.296177371185792,44.544607872252044],[-92.29644871674104,44.544791313840221],[-92.296658401620661,44.544933053305343],[-92.296796269304906,44.545080531586919],[-92.296973571621592,44.54522529867176],[-92.297187475506561,44.545396444526382],[-92.297369909106976,44.545543277334609],[-92.297633635943711,44.545760988963359],[-92.297866296758571,44.545965290392566],[-92.298105011022329,44.54621235749061],[-92.298287911359608,44.546426239200656],[-92.298486866198729,44.546688140894247],[-92.298669974106062,44.546962847832319],[-92.298746162753858,44.54709777383767],[-92.298847779916215,44.547296915832085],[-92.298934366666373,44.547501815955727],[-92.299031727552133,44.547758749645837],[-92.299109926068027,44.548027763458236],[-92.299291225253953,44.54864405234845],[-92.299487493696304,44.549335669509254],[-92.299656672266266,44.549948303759535],[-92.299729959335735,44.550203381074667],[-92.299803729224195,44.550414777397187],[-92.29988290363147,44.550625290561982],[-92.299948751541947,44.550801754575559],[-92.300037388550606,44.551003488567929],[-92.300131455716027,44.551204347856114],[-92.300224908850524,44.551389609071649],[-92.300331937428808,44.551587083131508],[-92.300445372728518,44.551781304102036],[-92.300623200133643,44.552060003180266],[-92.300823396313547,44.55235229503608],[-92.301146349286256,44.55279884576521],[-92.30131730469526,44.553041033012903],[-92.301576922024466,44.553402300141009],[-92.301930923275947,44.553888778879909],[-92.302248261706765,44.554330758288629],[-92.302485259115443,44.554643352770263],[-92.302605981370391,44.554800775294858],[-92.302706513040476,44.554916500235933],[-92.302820559172005,44.555042863500006],[-92.302934175587467,44.555158324274309],[-92.303045615643299,44.555273819838952],[-92.303158771461455,44.555377586414892],[-92.303257024055242,44.555462946364869],[-92.303369842271835,44.555558140148193],[-92.303505035525504,44.555667709443803],[-92.303548491167732,44.555701484095557],[-92.303587166866038,44.555731545327419],[-92.30367702760671,44.555797574821753],[-92.303743419924416,44.555849268741788],[-92.303819766223356,44.555904650816522],[-92.30382189162161,44.555906183360968],[-92.303868311124461,44.555939533471239],[-92.303908440629883,44.555968363416667],[-92.303954690737044,44.556002267863832],[-92.304229845542935,44.556203971607239],[-92.304561176829282,44.556440269732775],[-92.304894193540051,44.556680917075809],[-92.305142049352995,44.55687667718545],[-92.305254581680799,44.55697309019186],[-92.305400648177724,44.55710465581997],[-92.305645973335032,44.557331560587102],[-92.305943415730042,44.557609455522112],[-92.306248133412595,44.557904100387695],[-92.306562101992284,44.558193155997493],[-92.306746481210141,44.558361126068206],[-92.306891423942346,44.558487977145958],[-92.307117151284743,44.558669857104803],[-92.307487000073365,44.558992107278101],[-92.307825602782714,44.559269201206973],[-92.308059533347986,44.559445989060173],[-92.308319582159612,44.559637462513926],[-92.308578010589827,44.559823899728748],[-92.308919370142178,44.560072396681264],[-92.309687615044567,44.56066340675175],[-92.310645803231992,44.561319915008795],[-92.311325592250029,44.56180935658449],[-92.312578783504549,44.562694425130253],[-92.313034094431998,44.563005977206778],[-92.313361234279895,44.563215011822706],[-92.313751740174027,44.563455790402244],[-92.314845726774152,44.564100426923389],[-92.315627644494327,44.564552967872757],[-92.316132368501499,44.564872273520315],[-92.31674168420048,44.565282017896727],[-92.318192972525026,44.566285617529743],[-92.318698093399476,44.566614167225424],[-92.319775982954255,44.567280246997839],[-92.320057890087256,44.567446006217509],[-92.320256801717647,44.567561885473381],[-92.320256854489386,44.567561914108957],[-92.320592345974944,44.567745064936211],[-92.32059324834826,44.567745557033014],[-92.320911084927474,44.567912159144932],[-92.321179176117568,44.568045454416549],[-92.321517124643464,44.568208494994309],[-92.321876851537255,44.568370326375216],[-92.322221790927898,44.568516856129541],[-92.322474416353089,44.568617720908776],[-92.322947852479246,44.568787363155877],[-92.323320458716452,44.568916969032571],[-92.323842627108903,44.569077819537021],[-92.324228350574813,44.569180643071434],[-92.324576297515563,44.56926553641874],[-92.324925987485116,44.569339473182886],[-92.325247135816312,44.569408543762897],[-92.325739430477981,44.56950373576899],[-92.326226421086815,44.569602940816218],[-92.326875049480719,44.569735471155532],[-92.32782682193853,44.569923402333401],[-92.328156665838179,44.56999150416636],[-92.328560272719756,44.570077581758873],[-92.328922953555889,44.570148909603539],[-92.329270259533402,44.570217435161439],[-92.330035470744562,44.570374855079088],[-92.330788319020613,44.570526607655111],[-92.332790930569843,44.57094705004409],[-92.334850136823789,44.571380208470067],[-92.336881188658907,44.571803958294616],[-92.338098447453774,44.572051456243777],[-92.339111217653254,44.572263367686844],[-92.340967676211889,44.572632952273501],[-92.342635769770538,44.572952690668828],[-92.343541342081664,44.573126989663358],[-92.345927363333246,44.573589022533518],[-92.346920011123046,44.573783381140252],[-92.347870560618318,44.573968649256557],[-92.349359460431813,44.574258170447933],[-92.35045601043187,44.574476205847937],[-92.352441196345481,44.574860849627669],[-92.353312821722483,44.575019863136689],[-92.353901457886408,44.575129025605321],[-92.354389061241406,44.575216403367428],[-92.354800408453954,44.575275526960276],[-92.35531827390443,44.575354327270325],[-92.355796654851645,44.575420022280909],[-92.356386394321788,44.575487386644625],[-92.357078989137534,44.575552633126932],[-92.358027958930734,44.575628477997221],[-92.358318177033297,44.575650327109301],[-92.358553272216739,44.575670820765325],[-92.358711353189889,44.575677916220698],[-92.358902325522337,44.575688634940164],[-92.359090281283414,44.575697327107967],[-92.359298737018804,44.575705586258543],[-92.359756662155888,44.57572126456423],[-92.360340424004349,44.575732241498571],[-92.361164205897637,44.575734064728046],[-92.361905536937357,44.57572710018259],[-92.362687117931188,44.575700455532107],[-92.364798692656279,44.575581298083364],[-92.365926214997572,44.575516981493017],[-92.366720628268439,44.575475504222659],[-92.367783391411749,44.575416986180691],[-92.368472524356037,44.575375925009425],[-92.368958058055213,44.575348825903447],[-92.369257032964455,44.57533596794687],[-92.369552388257944,44.575322374121583],[-92.369843026012489,44.57532131889532],[-92.370095508023752,44.575323539858665],[-92.370343171861663,44.575335817053791],[-92.370543719027168,44.57534533617747],[-92.370779466202123,44.575364071609329],[-92.371024263711419,44.575391341964632],[-92.371337636708276,44.575435840342344],[-92.371540944589924,44.575470183203834],[-92.371805780994961,44.575519424708034],[-92.372086727655613,44.575579520891125],[-92.372431192970296,44.575660694397982],[-92.37262840300636,44.575716317872647],[-92.372866428327541,44.575790988030334],[-92.373106697133124,44.575878061471983],[-92.373481620657344,44.576023290364262],[-92.373902926360017,44.576196172298708],[-92.374715528166703,44.57653135672065],[-92.375528017255661,44.576870159369442],[-92.375528278636963,44.576870268261239],[-92.375832333565285,44.576997707927276],[-92.376044381288764,44.577097659916276],[-92.376250261358805,44.577208821947984],[-92.376456580141024,44.577331038511588],[-92.376640800861097,44.577453714799717],[-92.376838995474699,44.577593501596937],[-92.377051679064365,44.577763027574441],[-92.377228407972567,44.577919069036319],[-92.377399020825322,44.578087886075274],[-92.377524135641679,44.578226033838405],[-92.377617196075818,44.578337949751315],[-92.377743278076153,44.578499789632538],[-92.37784705590461,44.578657358698372],[-92.377941676772537,44.578807196250992],[-92.378030697327091,44.578982465340943],[-92.378113459766027,44.579167344338018],[-92.378174727231439,44.579313141255334],[-92.378222459692452,44.579452891397729],[-92.378271494204597,44.579624249068566],[-92.378310058821128,44.579810048761303],[-92.378345652406736,44.580086052066306],[-92.378372463409832,44.580363822777443],[-92.378390117567065,44.58063388009694],[-92.378452854719114,44.581412213631879],[-92.378478624876649,44.581718471752993],[-92.378551272407975,44.582577242699131],[-92.378595507583483,44.583064974781401],[-92.378614177803527,44.58325119783521],[-92.378645175025355,44.583468780663644],[-92.378696447893134,44.583749210278746],[-92.378765750163069,44.58398339658229],[-92.378847738657612,44.584203085557441],[-92.378945337773445,44.58442560899055],[-92.379048075132701,44.584611655289493],[-92.379198997986592,44.584839395840476],[-92.379344395414691,44.585040370004485],[-92.379513736525894,44.585231356252955],[-92.379664414648332,44.585399009831015],[-92.379761018692292,44.585488712937575],[-92.379852729449723,44.585564078031986],[-92.380001787386419,44.585692001060011],[-92.380178603910323,44.585832722733677],[-92.380310725907137,44.585926239992467],[-92.380428435642614,44.586007076102156],[-92.380545802631318,44.586079510938298],[-92.380721093863102,44.586182822335203],[-92.380892771267014,44.586276288126292],[-92.38114057964809,44.586401006544861],[-92.381347463866675,44.586492206798958],[-92.381532214951605,44.586565521443347],[-92.381773067649334,44.586650664746138],[-92.38204483420175,44.58673362300452],[-92.382316071429187,44.586803610113293],[-92.382713989855006,44.586886229464135],[-92.382962794969458,44.586930702180453],[-92.383150901646658,44.58695505178288],[-92.383353911288538,44.586977550485365],[-92.383607067674774,44.586997480260258],[-92.383847085962813,44.587010040761889],[-92.384025741080933,44.587012422250687],[-92.384443326439794,44.58702662922542],[-92.384987030936017,44.587039721017284],[-92.385756702046521,44.587061834314198],[-92.386129040798579,44.587067807288896],[-92.387719688838004,44.587110958066809],[-92.389813313758225,44.587164947090422],[-92.390603414875386,44.587189660769091],[-92.391080889407178,44.587204110552925],[-92.391451715710318,44.587225384000632],[-92.391865399103779,44.587248801037539],[-92.392196072018635,44.587281608366517],[-92.39251844913845,44.587320692283924],[-92.392888578252794,44.587377121267764],[-92.393317095452716,44.587449132424354],[-92.393709526286599,44.587528011394603],[-92.394084940222996,44.587608767338942],[-92.394556248200473,44.587733359940216],[-92.39518987221085,44.587904976507616],[-92.39581422971014,44.588080619088892],[-92.398114234239145,44.588711763464744],[-92.399282857764078,44.589035024520641],[-92.400968065996167,44.589498379951984],[-92.403229386553036,44.5901177572132],[-92.404848789526753,44.590540399162514],[-92.405567217409128,44.590710639370975],[-92.406314791463174,44.590874517049826],[-92.406862359499272,44.590987197217366],[-92.407816970186843,44.591177280613408],[-92.409329759148449,44.5914778918849],[-92.410017318260671,44.59161243968483],[-92.41144107978667,44.591895313231362],[-92.413402293068629,44.592280507675696],[-92.414082442767295,44.592411523593853],[-92.414872998356671,44.592570817062807],[-92.415341655675846,44.592663447983369],[-92.415719652134982,44.592739630729369],[-92.416126368547253,44.592836630131409],[-92.416618889207882,44.59298843690749],[-92.417006048867577,44.593130238284139],[-92.417272282930142,44.593248573201798],[-92.417571695430254,44.593392221859048],[-92.418213151439545,44.593726074554233],[-92.418504389578501,44.593879076423093],[-92.418790841976104,44.59401994463073],[-92.419134343422584,44.594193263202946],[-92.41951175678831,44.59435821883411],[-92.419874630297457,44.594482151226487],[-92.42019096563439,44.594568808816703],[-92.420529952504239,44.594633559362805],[-92.420853261509535,44.594681806833719],[-92.421244236739881,44.594708713655031],[-92.421608566827175,44.594713228186194],[-92.42195943414697,44.59470272305402],[-92.422336913401608,44.594662574194189],[-92.422566708252077,44.594625549589978],[-92.422915031814753,44.594553878872212],[-92.423351201147284,44.594435978051131],[-92.423965422064668,44.594262098415172],[-92.425229850284353,44.593895613731327],[-92.426137529709663,44.593625525423604],[-92.427471689522449,44.593236630008491],[-92.428656510455383,44.59289096646333],[-92.429603055812251,44.592618277108365],[-92.430287484407557,44.59243128281765],[-92.430794391493393,44.592312513555193],[-92.431313903782907,44.592203916382658],[-92.431937911032335,44.592087860108819],[-92.432641910731022,44.591961390274811],[-92.433769389721647,44.59176144794472],[-92.435295897335521,44.5914868047468],[-92.435982560111412,44.591353716274284],[-92.436407288077021,44.591252340095998],[-92.436915376371061,44.591103909343438],[-92.437424641193957,44.590925833143189],[-92.437853983505306,44.590759913504563],[-92.43828217132824,44.590566154326595],[-92.438675881141123,44.590364415792671],[-92.43917997608429,44.590062784538624],[-92.439663634817748,44.589738955683174],[-92.439927917325591,44.589531273697439],[-92.44018187288026,44.589309876071788],[-92.440439908781158,44.589069233418492],[-92.440697347338926,44.5888146761542],[-92.44097014977477,44.588519728832217],[-92.44133895944006,44.588072935645862],[-92.441749852991975,44.5875834516061],[-92.442092050142733,44.587199927310749],[-92.442358485949498,44.586927753992718],[-92.442641354913079,44.586698773250291],[-92.442916156991629,44.586510016368919],[-92.443116245461781,44.586399486902188],[-92.443400241247119,44.586255823416202],[-92.443517514995307,44.586204546650677],[-92.44374231611846,44.586116346078427],[-92.443742903572584,44.586116115642007],[-92.44413711483044,44.585979768255783],[-92.444347164126469,44.58592092248665],[-92.444550960525135,44.585873391294719],[-92.444686220379197,44.585844918449304],[-92.444903968915042,44.585809880291919],[-92.445019718903069,44.585796210865574],[-92.445220051339277,44.585772735218086],[-92.445442937375461,44.585753574334269],[-92.445757461578467,44.585732449514779],[-92.447542633358736,44.585628646676625],[-92.448649526843326,44.585566538031301],[-92.449588866194276,44.585509617023497],[-92.450714851266312,44.585445080061817],[-92.45323606955975,44.585308907887921],[-92.454332428514093,44.585241325944516],[-92.455494918154855,44.585168916917311],[-92.457153583973337,44.585065506383508],[-92.458613196362435,44.584994933259978],[-92.459062985812608,44.584986504330928],[-92.459454351912697,44.584994249569483],[-92.459811799316299,44.585002715426327],[-92.460215149555125,44.585026377200933],[-92.460601068983649,44.585053996286867],[-92.460954935672888,44.58509669106153],[-92.461278723117886,44.585141824834487],[-92.461600221390697,44.585192399525603],[-92.461866304835524,44.585240576550575],[-92.461867319283002,44.585240764427816],[-92.462118395969313,44.585287326305703],[-92.462470241989195,44.585364134248763],[-92.462881661239351,44.585470165008211],[-92.463189660919966,44.585552994187161],[-92.463488007143837,44.585643160822535],[-92.463856084178346,44.585767399195426],[-92.464288187270768,44.585924832519076],[-92.464760428080908,44.586123087841464],[-92.465204412436208,44.586326020584892],[-92.465703200850143,44.586579630851929],[-92.466294031993897,44.5869237773721],[-92.466923035865108,44.587329122685155],[-92.467400612433849,44.587643419318645],[-92.467968691858388,44.588031395709642],[-92.468469478065174,44.588362479692272],[-92.469208514780348,44.588866476118191],[-92.470157560904852,44.58950363350705],[-92.470574875453138,44.5897854616655],[-92.470952761922291,44.590038469766952],[-92.471363236988395,44.590315689782557],[-92.472120737952565,44.590822832338993],[-92.472886798338365,44.591335716987416],[-92.473637529041426,44.591839440085721],[-92.474355230951616,44.59230825152725],[-92.47469406562405,44.592501534233598],[-92.475054628216782,44.592697909744942],[-92.475371728383664,44.592848927117963],[-92.475693764667156,44.592998657221699],[-92.47595603637393,44.593110495209118],[-92.476258651899315,44.593233331573202],[-92.476645025814889,44.593372165599689],[-92.477172494896578,44.593547105879345],[-92.477586286642776,44.593666337507955],[-92.478026235927572,44.593775502173571],[-92.478274476486106,44.593830662975741],[-92.47848957985714,44.593874218448462],[-92.478797611873787,44.593934606537509],[-92.479172168866981,44.593995322355099],[-92.479508185377924,44.594045657128156],[-92.479846090535361,44.594087955709462],[-92.48021507890526,44.59412316813571],[-92.480990155225456,44.594170366928836],[-92.481319581676402,44.594171209147007],[-92.482579232272215,44.594179045093874],[-92.484877974373376,44.594172253699135],[-92.486950389196977,44.594165540196919],[-92.48938351447319,44.594157332297165],[-92.490391472282056,44.594155698982071],[-92.492135880320788,44.594154562001108],[-92.494372085770877,44.594150006846561],[-92.495946156796407,44.594142172095971],[-92.497131079638564,44.594135808070206],[-92.50500024216106,44.594124484293964],[-92.506784203160819,44.594117042670824],[-92.508946876173511,44.594110116526267],[-92.511321342120453,44.594100047045181],[-92.513324938684619,44.594102776458179],[-92.514048570504997,44.594113388092467],[-92.514429585086475,44.59413309176383],[-92.514837588768145,44.59417093358266],[-92.515215178677025,44.594212568001041],[-92.5155937793009,44.594277603233287],[-92.516027820860913,44.594361697595467],[-92.516411788580271,44.594450027136084],[-92.51682732942281,44.594561074517941],[-92.517170308586174,44.594661225268261],[-92.517513962643534,44.594776970322876],[-92.517728858300316,44.594865990626062],[-92.51790277954953,44.594935712959398],[-92.518162015034974,44.595046350411479],[-92.518393204003274,44.595155787610047],[-92.518767759698591,44.595343883803601],[-92.519059853497623,44.595508339850589],[-92.519266181826495,44.595631053387727],[-92.519483376030053,44.595769893123496],[-92.519766493917388,44.595961813853805],[-92.520243927561353,44.596293077275732],[-92.520640368567172,44.596575227592723],[-92.521542781439223,44.597200724542283],[-92.523137831968512,44.598307254022046],[-92.523937916428579,44.598860453720334],[-92.524537481155264,44.599248999437279],[-92.524998107859801,44.599544757818968],[-92.525212272428746,44.599676091524856],[-92.525767500427051,44.600018699965169],[-92.52716837042999,44.60087450351957],[-92.527923421653711,44.601326700693377],[-92.530359718923933,44.602465176949714],[-92.533075105411001,44.603733399757438]]]},"properties":{"OBJECTID":5,"ST_LABL_NM":"11","BYWAY":"Great River Road","Shape_Length":407801.43261739705}}]}